base_task_id,condition,task_context_id,cluster_id,cluster_support,cluster_medoid_annotation_id,cluster_medoid_worker_id,cluster_medoid_geometry_sha256,cluster_medoid_gt_iou,largest_cluster_gt_iou,second_cluster_gt_iou,gt_alignment_margin,public_gt_status
7y3sRwLe3Va_112edb40f34e470da3a5b04599e71211,manual,7y3sRwLe3Va_112edb40f34e470da3a5b04599e71211|manual,largest,4,9ba553c8c79977374da6,6,9cdbef4e977d67caa42b11fbe58a70f7fd686ce208ad97f2dcd8730bd98c9150,0.8273930469565495,0.8273930469565495,0.8405263323574779,-0.013133285400928396,valid
7y3sRwLe3Va_112edb40f34e470da3a5b04599e71211,manual,7y3sRwLe3Va_112edb40f34e470da3a5b04599e71211|manual,second,1,d5c88ef7632f0c3ce88f,30,b322870696bf866f0c8bb0aea5b90b7a032e9af97f55423b6504c63cad01cee1,0.8405263323574779,0.8273930469565495,0.8405263323574779,-0.013133285400928396,valid
7y3sRwLe3Va_a775c7668ca9419daaf506e76851821e,manual,7y3sRwLe3Va_a775c7668ca9419daaf506e76851821e|manual,largest,3,c89be364009b1fc0544e,30,6d2bc4cd28f23146588289d6bccc948800df9d200e43400a2fc594c47c678558,0.8170038437484628,0.8170038437484628,0.5590796019900498,0.257924241758413,valid
7y3sRwLe3Va_a775c7668ca9419daaf506e76851821e,manual,7y3sRwLe3Va_a775c7668ca9419daaf506e76851821e|manual,second,2,b02aea4f86afbc5430f7,35,27058114acd44f43a7437262fe24ed1c2536fc01336718eb5e53471cb8ac7a0f,0.5590796019900498,0.8170038437484628,0.5590796019900498,0.257924241758413,valid
7y3sRwLe3Va_ad77d6eeca5b492b8fe3317177f4f03f,manual,7y3sRwLe3Va_ad77d6eeca5b492b8fe3317177f4f03f|manual,largest,3,6051dfca1aade85a07a8,31,e7f099191b8558c0ecf51cdb45f81aad659bcadad2ce752e511caee8453fc88b,0.8213698127306455,0.8213698127306455,0.9756172597072762,-0.15424744697663073,valid
7y3sRwLe3Va_ad77d6eeca5b492b8fe3317177f4f03f,manual,7y3sRwLe3Va_ad77d6eeca5b492b8fe3317177f4f03f|manual,second,1,c63d05f140fcc66be4df,18,7b3dee177ea83586b5c5a003796bbecb4ce907460656f3301d4a0983bd6cf99e,0.9756172597072762,0.8213698127306455,0.9756172597072762,-0.15424744697663073,valid
7y3sRwLe3Va_ad77d6eeca5b492b8fe3317177f4f03f,semi,7y3sRwLe3Va_ad77d6eeca5b492b8fe3317177f4f03f|semi,largest,4,4486738211819be8d3d4,6,962db49a3beb58f3fe65c6adb6c1ae08c2c0aeb58ea4d1c06dfa96e6295a2659,1.0,1.0,,,valid
7y3sRwLe3Va_ad77d6eeca5b492b8fe3317177f4f03f,semi,7y3sRwLe3Va_ad77d6eeca5b492b8fe3317177f4f03f|semi,second,0,,,,,1.0,,,not_evaluable
7y3sRwLe3Va_b47475370e824b9e923a4a96bc98e1e3,manual,7y3sRwLe3Va_b47475370e824b9e923a4a96bc98e1e3|manual,largest,3,a25753564e8d0fb8f8d6,2,2fb1ab2d41793b8721d6760fe033577b558b37aa9e4806b9c7c4d40ea23b7d28,0.9676446818632537,0.9676446818632537,0.9209814704942723,0.04666321136898144,valid
7y3sRwLe3Va_b47475370e824b9e923a4a96bc98e1e3,manual,7y3sRwLe3Va_b47475370e824b9e923a4a96bc98e1e3|manual,second,1,8125fd4575ecfc155a63,37,e6bc7cde584e2b2d66b7d208fa1cc0d315f0898ce08ddafa5aecbe9cdc843b42,0.9209814704942723,0.9676446818632537,0.9209814704942723,0.04666321136898144,valid
7y3sRwLe3Va_b47475370e824b9e923a4a96bc98e1e3,semi,7y3sRwLe3Va_b47475370e824b9e923a4a96bc98e1e3|semi,largest,2,2aea8c4c7647e5dcbf4f,10,aa475b6d175a7f1fed6c40ff5d4fe35d8827e33a1d6e0936757cabf14e2818a8,0.9802568312419374,0.9802568312419374,0.940742270169824,0.039514561072113374,valid
7y3sRwLe3Va_b47475370e824b9e923a4a96bc98e1e3,semi,7y3sRwLe3Va_b47475370e824b9e923a4a96bc98e1e3|semi,second,1,8f8a8cc073aa91a7c1c7,35,37febf7dfd1d3206484d0db36e3a27c8354c2bd72bffb0d96b1cee115532c8f9,0.940742270169824,0.9802568312419374,0.940742270169824,0.039514561072113374,valid
7y3sRwLe3Va_bbcc19afdad742eba89290ad2b5dbf6b,manual,7y3sRwLe3Va_bbcc19afdad742eba89290ad2b5dbf6b|manual,largest,5,ca89b9306226c9c332c3,2,4795ebd5f7bbd083c39f22a748fcdff93ed1de554e0d830999acaafaee1ee97d,0.9722104498395593,0.9722104498395593,,,valid
7y3sRwLe3Va_bbcc19afdad742eba89290ad2b5dbf6b,manual,7y3sRwLe3Va_bbcc19afdad742eba89290ad2b5dbf6b|manual,second,0,,,,,0.9722104498395593,,,not_evaluable
7y3sRwLe3Va_fdab6422162e49db822a37178ab70481,manual,7y3sRwLe3Va_fdab6422162e49db822a37178ab70481|manual,largest,4,60f051ba3d820f7cf2c1,15,476d0591067902cf88f36254c8ace2e631aeed7b8aebe2538785c606aa7fc400,0.9521166408435916,0.9521166408435916,0.8673913529964642,0.0847252878471274,valid
7y3sRwLe3Va_fdab6422162e49db822a37178ab70481,manual,7y3sRwLe3Va_fdab6422162e49db822a37178ab70481|manual,second,1,e989d5cbe8078c1ac797,34,3ef8db6551bce07f44a2b667f78389a6e52684dd7710726ecd62005dc4ec159f,0.8673913529964642,0.9521166408435916,0.8673913529964642,0.0847252878471274,valid
B6ByNegPMKs_5b5bd1eac4e6462d8c6677b90a4cf9a9,manual,B6ByNegPMKs_5b5bd1eac4e6462d8c6677b90a4cf9a9|manual,largest,4,260cf962d9bea8512f9e,34,d02de17fc6a9d8d7281b869d088982fbaeda5f79fa171995d0395a394188a5e6,0.7339369477473546,0.7339369477473546,0.5200067101057725,0.21393023764158214,valid
B6ByNegPMKs_5b5bd1eac4e6462d8c6677b90a4cf9a9,manual,B6ByNegPMKs_5b5bd1eac4e6462d8c6677b90a4cf9a9|manual,second,1,ecd4e736ab99493cf8bd,37,c55d8a3bc176c38cb409f96b8598f0843f0ebd5737362ded8af0d662f2d62994,0.5200067101057725,0.7339369477473546,0.5200067101057725,0.21393023764158214,valid
B6ByNegPMKs_5b5bd1eac4e6462d8c6677b90a4cf9a9,semi,B6ByNegPMKs_5b5bd1eac4e6462d8c6677b90a4cf9a9|semi,largest,4,1a60a6ad7849198e802c,2,f08c76b134b857821c9cdb0fc39e5c3826122e4c0257943a5d89e40242d0b1de,1.0,1.0,,,valid
B6ByNegPMKs_5b5bd1eac4e6462d8c6677b90a4cf9a9,semi,B6ByNegPMKs_5b5bd1eac4e6462d8c6677b90a4cf9a9|semi,second,0,,,,,1.0,,,not_evaluable
B6ByNegPMKs_7018ca302c584d0d85024187f3568460,manual,B6ByNegPMKs_7018ca302c584d0d85024187f3568460|manual,largest,5,cc1c0c89b7e5fdacc836,36,05af3eb4365c1de44bbdcf316bf09ba9fd8cfbab09d0d8731ad5c61d39d42b83,0.9772891002806026,0.9772891002806026,,,valid
B6ByNegPMKs_7018ca302c584d0d85024187f3568460,manual,B6ByNegPMKs_7018ca302c584d0d85024187f3568460|manual,second,0,,,,,0.9772891002806026,,,not_evaluable
B6ByNegPMKs_7018ca302c584d0d85024187f3568460,semi,B6ByNegPMKs_7018ca302c584d0d85024187f3568460|semi,largest,3,bf6d1e98afbb6306ebff,32,b37a7633d514b9500a7b9bb88219924d5049b96093b6de621826849a505accf9,0.9571598695898327,0.9571598695898327,0.9255058562775856,0.03165401331224704,valid
B6ByNegPMKs_7018ca302c584d0d85024187f3568460,semi,B6ByNegPMKs_7018ca302c584d0d85024187f3568460|semi,second,1,456be942f0947a669713,1,ef07fa8e3c85541d685dd3938e50be32eac8ef6bff591fedd4c96134769291bd,0.9255058562775856,0.9571598695898327,0.9255058562775856,0.03165401331224704,valid
B6ByNegPMKs_c946db5792df4f90bea20f06a0030c37,manual,B6ByNegPMKs_c946db5792df4f90bea20f06a0030c37|manual,largest,4,0d42858d359ebfc9e871,28,7d841f11179db6de7454f74bbab4de2cf4de133798b870f8b48a5c4fafe8b552,0.8462045667304327,0.8462045667304327,0.7163200209434183,0.12988454578701436,valid
B6ByNegPMKs_c946db5792df4f90bea20f06a0030c37,manual,B6ByNegPMKs_c946db5792df4f90bea20f06a0030c37|manual,second,1,83822f0c9ce15f483174,34,9e7a3824c166833077e171a1538b4b17cf968a933952a2db85fa5fd064dd95da,0.7163200209434183,0.8462045667304327,0.7163200209434183,0.12988454578701436,valid
B6ByNegPMKs_c946db5792df4f90bea20f06a0030c37,semi,B6ByNegPMKs_c946db5792df4f90bea20f06a0030c37|semi,largest,3,bb9ad0084abc09c47837,37,5ff044f0bb559274df50ccd44f8cbcc2fc3d27003c32bd60db7d8fa09b73942c,0.9125201918328744,0.9125201918328744,1.0,-0.08747980816712564,valid
B6ByNegPMKs_c946db5792df4f90bea20f06a0030c37,semi,B6ByNegPMKs_c946db5792df4f90bea20f06a0030c37|semi,second,1,5ba67a30243635c3cbe3,8,5816a4d34239994e386c552779d786bce1546a3f9cea46a19dcf0ab4ce8c98c5,1.0,0.9125201918328744,1.0,-0.08747980816712564,valid
B6ByNegPMKs_e26e2cb761894264a4a34b1046701f6b,manual,B6ByNegPMKs_e26e2cb761894264a4a34b1046701f6b|manual,largest,3,495d562be7d142d5bbc5,2,f9fb2a0d2c2af299b0777cc48443164f26ee1b946ef6a89eb23dc95086da29a3,0.9596907408557411,0.9596907408557411,0.9107464429488953,0.048944297906845846,valid
B6ByNegPMKs_e26e2cb761894264a4a34b1046701f6b,manual,B6ByNegPMKs_e26e2cb761894264a4a34b1046701f6b|manual,second,1,974f94a2b16103ea9324,12,6387389e4682195286f65ba469b6360edef87a3cc7b5165039d2743b4a911f88,0.9107464429488953,0.9596907408557411,0.9107464429488953,0.048944297906845846,valid
B6ByNegPMKs_e52609aae11f42a79f6cf50360180fd5,manual,B6ByNegPMKs_e52609aae11f42a79f6cf50360180fd5|manual,largest,5,22dcfad23c6ac14bd521,31,e51b283888df32a9fe691585d8661df5d2400b6cd76aecf5f71f1a61d24dbecd,0.5644452228741571,0.5644452228741571,,,valid
B6ByNegPMKs_e52609aae11f42a79f6cf50360180fd5,manual,B6ByNegPMKs_e52609aae11f42a79f6cf50360180fd5|manual,second,0,,,,,0.5644452228741571,,,not_evaluable
B6ByNegPMKs_ee063d1562c147f586ebb9f6fdb05ca6,manual,B6ByNegPMKs_ee063d1562c147f586ebb9f6fdb05ca6|manual,largest,5,62d758541221214e1490,17,832990b6cc80ccddd4feb2c79f7eaf8b62b12edcdeaf9dcdfa7138655612d5f5,0.7823755160349148,0.7823755160349148,,,valid
B6ByNegPMKs_ee063d1562c147f586ebb9f6fdb05ca6,manual,B6ByNegPMKs_ee063d1562c147f586ebb9f6fdb05ca6|manual,second,0,,,,,0.7823755160349148,,,not_evaluable
UwV83HsGsw3_a3630444bbd94cd6ac4edbe2dc1221de,manual,UwV83HsGsw3_a3630444bbd94cd6ac4edbe2dc1221de|manual,largest,2,72eebdfddb78a8d5da2a,1,30e653d8917c51899c62da9fed8e8756f6bf13e13f97185f1011a375c456d87b,0.8684750978359033,0.8684750978359033,0.8071006632930787,0.06137443454282454,valid
UwV83HsGsw3_a3630444bbd94cd6ac4edbe2dc1221de,manual,UwV83HsGsw3_a3630444bbd94cd6ac4edbe2dc1221de|manual,second,2,5265086307bacf7df849,35,b37635b588f9857a61485d9a1577107a4a01dc72d7a9d5ba6392a4d9703767ef,0.8071006632930787,0.8684750978359033,0.8071006632930787,0.06137443454282454,valid
UwV83HsGsw3_a3630444bbd94cd6ac4edbe2dc1221de,semi,UwV83HsGsw3_a3630444bbd94cd6ac4edbe2dc1221de|semi,largest,2,e33b39ba56ff49c56427,29,56b7a53d2de00cd5ca34c858b53afe71630e18d066e2db3ca4a11f3a1eb575cb,0.8203601256814459,0.8203601256814459,0.9124795991698625,-0.09211947348841665,valid
UwV83HsGsw3_a3630444bbd94cd6ac4edbe2dc1221de,semi,UwV83HsGsw3_a3630444bbd94cd6ac4edbe2dc1221de|semi,second,1,fcb7e53adf42c4422ae7,37,c44b44735a8dabe0d468d61db690371a92b0f0b0a3a2595deedcf56d74d2cac3,0.9124795991698625,0.8203601256814459,0.9124795991698625,-0.09211947348841665,valid
UwV83HsGsw3_bc29294428a647038f70e0ea31ea8972,manual,UwV83HsGsw3_bc29294428a647038f70e0ea31ea8972|manual,largest,20,58fcb37f432cd01e22a1,8,7c2f2c4dbf0212208d34628bc1d697a4a2dc3f638057fba18419b29e2806b58a,0.9839248891478538,0.9839248891478538,0.8420532582382293,0.1418716309096245,valid
UwV83HsGsw3_bc29294428a647038f70e0ea31ea8972,manual,UwV83HsGsw3_bc29294428a647038f70e0ea31ea8972|manual,second,1,beebb1979f052693f701,36,10faa4d4d06206c089d690f1d605471624255f16fc1675a12599fe8061761bdb,0.8420532582382293,0.9839248891478538,0.8420532582382293,0.1418716309096245,valid
UwV83HsGsw3_f9641b59487a4b0ca0fe41a82edc0980,manual,UwV83HsGsw3_f9641b59487a4b0ca0fe41a82edc0980|manual,largest,3,3b3f16f395140c417e16,30,2134bfbf7017c1ab4e8f12a28587cdaadb7622bfa86d3b013b359bdd75d17d61,0.8264746565439073,0.8264746565439073,0.9048714949310006,-0.07839683838709333,valid
UwV83HsGsw3_f9641b59487a4b0ca0fe41a82edc0980,manual,UwV83HsGsw3_f9641b59487a4b0ca0fe41a82edc0980|manual,second,2,62b93b940622881f9e7b,33,2f6eb9683920b53b6bb72cdb8f2a170548896e9d53dfd18351b125fa90f0e8bf,0.9048714949310006,0.8264746565439073,0.9048714949310006,-0.07839683838709333,valid
X7HyMhZNoso_2b16acff0dc042a1a75816a1fbd0a302,manual,X7HyMhZNoso_2b16acff0dc042a1a75816a1fbd0a302|manual,largest,4,bb2170e2f627c3cc30fb,6,d523a0b4578ff5ca5aba72859cadea256b3e7249bd622a664c342049a42f0a0b,0.9434515514678559,0.9434515514678559,0.5793955633244017,0.3640559881434542,valid
X7HyMhZNoso_2b16acff0dc042a1a75816a1fbd0a302,manual,X7HyMhZNoso_2b16acff0dc042a1a75816a1fbd0a302|manual,second,1,11f19b08afaff69c9e6a,32,516754576e0cb64808640d8ee44e812a2dd70c83f6519d9589360400241bc568,0.5793955633244017,0.9434515514678559,0.5793955633244017,0.3640559881434542,valid
X7HyMhZNoso_b6f452209a62499795e5bd137214a7f9,manual,X7HyMhZNoso_b6f452209a62499795e5bd137214a7f9|manual,largest,3,adc213fc12f5f948aa56,33,70ad8606810098a9636a969e146d189af327b292a282497e20febcae2cba6cf1,0.9167732608294712,0.9167732608294712,0.9305233315361922,-0.013750070706720963,valid
X7HyMhZNoso_b6f452209a62499795e5bd137214a7f9,manual,X7HyMhZNoso_b6f452209a62499795e5bd137214a7f9|manual,second,1,ae929aa9e6dd3cd587ac,37,0930e04440c8514ddd0db38ee7d0fe94d919938cb406c749f57698f39f65a538,0.9305233315361922,0.9167732608294712,0.9305233315361922,-0.013750070706720963,valid
X7HyMhZNoso_b6f452209a62499795e5bd137214a7f9,semi,X7HyMhZNoso_b6f452209a62499795e5bd137214a7f9|semi,largest,3,be0ea7a0849f9bf057cb,17,ebe290c19afeaf295a5f79be9ea2b7a2a8cf7737beffca11e837ab36b9479b33,0.9362865753006209,0.9362865753006209,0.9930218068535825,-0.056735231552961674,valid
X7HyMhZNoso_b6f452209a62499795e5bd137214a7f9,semi,X7HyMhZNoso_b6f452209a62499795e5bd137214a7f9|semi,second,1,4d6cdfa4951e9653e815,28,9c89032325fed928d801619849944ec1011d6960a261e6c0a758a2659a6cd2f3,0.9930218068535825,0.9362865753006209,0.9930218068535825,-0.056735231552961674,valid
Z6MFQCViBuw_2008e72476f84104858e908beeac0193,manual,Z6MFQCViBuw_2008e72476f84104858e908beeac0193|manual,largest,5,81236ef5be5b11e8be3e,11,c6103fd7a3eedbf4114fe2fa3372ae98e35da42f639ff6b8141df51bc006f431,0.971907530079762,0.971907530079762,,,valid
Z6MFQCViBuw_2008e72476f84104858e908beeac0193,manual,Z6MFQCViBuw_2008e72476f84104858e908beeac0193|manual,second,0,,,,,0.971907530079762,,,not_evaluable
Z6MFQCViBuw_2008e72476f84104858e908beeac0193,semi,Z6MFQCViBuw_2008e72476f84104858e908beeac0193|semi,largest,4,936511830ce393b70d38,18,df79778de063074e6be5764c26f8950c50728e993d1ccf0f94628412f961e79d,1.0,1.0,,,valid
Z6MFQCViBuw_2008e72476f84104858e908beeac0193,semi,Z6MFQCViBuw_2008e72476f84104858e908beeac0193|semi,second,0,,,,,1.0,,,not_evaluable
Z6MFQCViBuw_22fff6c74efb476592569c18718feb41,manual,Z6MFQCViBuw_22fff6c74efb476592569c18718feb41|manual,largest,5,8788f7b0921cb90d1098,2,980208db865f1b74a8039676257c87754cfec2df51a30e78e011e163c6ef4379,0.9922360167751927,0.9922360167751927,,,valid
Z6MFQCViBuw_22fff6c74efb476592569c18718feb41,manual,Z6MFQCViBuw_22fff6c74efb476592569c18718feb41|manual,second,0,,,,,0.9922360167751927,,,not_evaluable
Z6MFQCViBuw_22fff6c74efb476592569c18718feb41,semi,Z6MFQCViBuw_22fff6c74efb476592569c18718feb41|semi,largest,4,1beae202a7ba8f00c6fb,8,95404bdb15db5e80fe9d646d8e1c19c50444adf00a3eec9cb15675bf0a19fc24,1.0,1.0,,,valid
Z6MFQCViBuw_22fff6c74efb476592569c18718feb41,semi,Z6MFQCViBuw_22fff6c74efb476592569c18718feb41|semi,second,0,,,,,1.0,,,not_evaluable
Z6MFQCViBuw_59aed460238643f48f593e9b9ba1c17d,manual,Z6MFQCViBuw_59aed460238643f48f593e9b9ba1c17d|manual,largest,5,480a17d4b8bc43325c2c,6,e318010671712f56c9a241ebb1dae2d827f25d03f39f09bf172f07595e116ff8,0.9148327464788732,0.9148327464788732,,,valid
Z6MFQCViBuw_59aed460238643f48f593e9b9ba1c17d,manual,Z6MFQCViBuw_59aed460238643f48f593e9b9ba1c17d|manual,second,0,,,,,0.9148327464788732,,,not_evaluable
b8cTxDM8gDG_f339391e9479496e8652c972953f0ce4,manual,b8cTxDM8gDG_f339391e9479496e8652c972953f0ce4|manual,largest,4,07d7b8e9b47e3b57f09b,36,970322c48eaf774dc84b792804eb7a0b17543ab3fd88df6d9727fbe831b0c595,0.9596837318523213,0.9596837318523213,0.9433631216955972,0.016320610156724036,valid
b8cTxDM8gDG_f339391e9479496e8652c972953f0ce4,manual,b8cTxDM8gDG_f339391e9479496e8652c972953f0ce4|manual,second,1,34724d21eb0d44dfc22d,31,989c8ac5d481905fac909327568f0cc1806a3fb6295b01725033a4c0f6461c64,0.9433631216955972,0.9596837318523213,0.9433631216955972,0.016320610156724036,valid
b8cTxDM8gDG_f3748786c3704532abb2358581488f3f,manual,b8cTxDM8gDG_f3748786c3704532abb2358581488f3f|manual,largest,3,e98d3f5303e6099af208,18,04d572a9e8d398674cd52ff781049fc3628e88277c1b0e404f73e30d45cf1c0d,0.6935251080396471,0.6935251080396471,0.672994963192561,0.02053014484708604,valid
b8cTxDM8gDG_f3748786c3704532abb2358581488f3f,manual,b8cTxDM8gDG_f3748786c3704532abb2358581488f3f|manual,second,2,a47e8b2c8b897117f071,34,6fd748aa1ca250358e5668c0b3ed3e3acb5698454b21cbc7179fbb86c9e42425,0.672994963192561,0.6935251080396471,0.672994963192561,0.02053014484708604,valid
e9zR4mvMWw7_0ee61863ec0c4c06bac95fb886e98945,manual,e9zR4mvMWw7_0ee61863ec0c4c06bac95fb886e98945|manual,largest,5,1dc5dc76fab81c45cd23,36,fce5e76fcc3d0f3de7a00b4888d485ed7d2280274e51b2ce2055bb7cf563fea6,0.9338308115179087,0.9338308115179087,,,valid
e9zR4mvMWw7_0ee61863ec0c4c06bac95fb886e98945,manual,e9zR4mvMWw7_0ee61863ec0c4c06bac95fb886e98945|manual,second,0,,,,,0.9338308115179087,,,not_evaluable
e9zR4mvMWw7_1d316dfbe35f41dd9203eaf88be5aae8,manual,e9zR4mvMWw7_1d316dfbe35f41dd9203eaf88be5aae8|manual,largest,5,2421466da1f7d0800380,34,ace03c8b2953c0f05acb08a40950ec1dcaf767cf9f6615e21b49ff92e43d5774,0.7268648687618192,0.7268648687618192,,,valid
e9zR4mvMWw7_1d316dfbe35f41dd9203eaf88be5aae8,manual,e9zR4mvMWw7_1d316dfbe35f41dd9203eaf88be5aae8|manual,second,0,,,,,0.7268648687618192,,,not_evaluable
e9zR4mvMWw7_4273c4dd97974531b5256f96204fee47,manual,e9zR4mvMWw7_4273c4dd97974531b5256f96204fee47|manual,largest,5,69ad0871a13714ff7abc,12,f1bd94acd0a7ab5cf9b969e59cbda1e04a0ed5c57b62fc7dcc16bbfc89692d8f,0.8631223502044798,0.8631223502044798,,,valid
e9zR4mvMWw7_4273c4dd97974531b5256f96204fee47,manual,e9zR4mvMWw7_4273c4dd97974531b5256f96204fee47|manual,second,0,,,,,0.8631223502044798,,,not_evaluable
q9vSo1VnCiC_1cd414875b9b4311bc6a179d91e6270d,manual,q9vSo1VnCiC_1cd414875b9b4311bc6a179d91e6270d|manual,largest,5,0b2b9f0ed2607655632c,36,a09a3fbc52fd6fb0677d52b8dce542210ec165dc8bc92fa38b05c04ad5c428d7,0.9760386257848187,0.9760386257848187,,,valid
q9vSo1VnCiC_1cd414875b9b4311bc6a179d91e6270d,manual,q9vSo1VnCiC_1cd414875b9b4311bc6a179d91e6270d|manual,second,0,,,,,0.9760386257848187,,,not_evaluable
q9vSo1VnCiC_1cd414875b9b4311bc6a179d91e6270d,semi,q9vSo1VnCiC_1cd414875b9b4311bc6a179d91e6270d|semi,largest,1,66e0b1d35ac694679c09,37,3bb3be46bf53404a96922c28642c53dff96515fd1ae64b7df8464c60354dfc18,0.959934937077305,0.959934937077305,0.9407771348456245,0.01915780223168051,valid
q9vSo1VnCiC_1cd414875b9b4311bc6a179d91e6270d,semi,q9vSo1VnCiC_1cd414875b9b4311bc6a179d91e6270d|semi,second,1,ac7d30c4e0246e96535a,34,5de4763fb87bf613ccac4e7c5ff9ed508c7b3b18551c12ebd76e7878158d47a8,0.9407771348456245,0.959934937077305,0.9407771348456245,0.01915780223168051,valid
q9vSo1VnCiC_3e5aacbc10904d4b88660a3cb91efcb9,manual,q9vSo1VnCiC_3e5aacbc10904d4b88660a3cb91efcb9|manual,largest,3,39b9fade42ec809e239d,2,664329509edecd3da75519b29a7ee56212d5985c293ddcbbaa0fd0a709f95d2f,0.9423779468227864,0.9423779468227864,0.6091437319214439,0.33323421490134253,valid
q9vSo1VnCiC_3e5aacbc10904d4b88660a3cb91efcb9,manual,q9vSo1VnCiC_3e5aacbc10904d4b88660a3cb91efcb9|manual,second,1,837eb32400b0afd7b92f,34,4a87ecb530a1921cb550b3cf6b1e6a6a24fbe53e81049efd503d8e21b076cc92,0.6091437319214439,0.9423779468227864,0.6091437319214439,0.33323421490134253,valid
q9vSo1VnCiC_3e7f67e8969f434b9a4aec0c68668b20,manual,q9vSo1VnCiC_3e7f67e8969f434b9a4aec0c68668b20|manual,largest,1,53530603e76707ac6f94,37,3071d770776af53ecd3053299596d6c41331f119278590dd73d7bfb8ae24a6b2,0.7614632170401178,0.7614632170401178,0.764398794618225,-0.0029355775781072513,valid
q9vSo1VnCiC_3e7f67e8969f434b9a4aec0c68668b20,manual,q9vSo1VnCiC_3e7f67e8969f434b9a4aec0c68668b20|manual,second,1,d78d6ac8c99983d4ff33,11,921110ca9d32a926b65e05a7deb01989a69e4aa95fd31e5f50ff24a58ff03a16,0.764398794618225,0.7614632170401178,0.764398794618225,-0.0029355775781072513,valid
q9vSo1VnCiC_830eb252ae01401a8fe55f9538e627dd,manual,q9vSo1VnCiC_830eb252ae01401a8fe55f9538e627dd|manual,largest,5,290e3e82f42aa83e4adc,6,e58cbbed659703cb600a532a3b46b284e1264dae742872f12a3cdf45c796b0e3,0.8453553711870536,0.8453553711870536,,,valid
q9vSo1VnCiC_830eb252ae01401a8fe55f9538e627dd,manual,q9vSo1VnCiC_830eb252ae01401a8fe55f9538e627dd|manual,second,0,,,,,0.8453553711870536,,,not_evaluable
q9vSo1VnCiC_9ba6cd412cb04c5c9beb15ef9e6d22c5,manual,q9vSo1VnCiC_9ba6cd412cb04c5c9beb15ef9e6d22c5|manual,largest,5,86103695b3e92be6e929,18,876aa5c391fa1face97ee9443fa334795968870560f01edba6825fbdd9d25321,0.9083113586595558,0.9083113586595558,,,valid
q9vSo1VnCiC_9ba6cd412cb04c5c9beb15ef9e6d22c5,manual,q9vSo1VnCiC_9ba6cd412cb04c5c9beb15ef9e6d22c5|manual,second,0,,,,,0.9083113586595558,,,not_evaluable
q9vSo1VnCiC_9ba6cd412cb04c5c9beb15ef9e6d22c5,semi,q9vSo1VnCiC_9ba6cd412cb04c5c9beb15ef9e6d22c5|semi,largest,3,3cf2311bd8da5ee6753a,2,506f6739eec3f4709602e7b27dd0d024cfdfdd992d3a9752fec6a5c52e1a33e9,0.9156425772398902,0.9156425772398902,0.9453867281543522,-0.02974415091446203,valid
q9vSo1VnCiC_9ba6cd412cb04c5c9beb15ef9e6d22c5,semi,q9vSo1VnCiC_9ba6cd412cb04c5c9beb15ef9e6d22c5|semi,second,1,af75f69b47040e315e88,32,1006717b428ccea8f0fa9c895eecdb83d71ecfcd47c42438fa5cf49980002b11,0.9453867281543522,0.9156425772398902,0.9453867281543522,-0.02974415091446203,valid
q9vSo1VnCiC_a424533651804a38a55b1252daccc81e,manual,q9vSo1VnCiC_a424533651804a38a55b1252daccc81e|manual,largest,4,6fde03b86adc8ddd0722,30,1de0365a141f7e85261c5929aca392df4292e1dad01e20a1f18064c86265a283,0.9398474857637947,0.9398474857637947,0.890931324208118,0.048916161555676685,valid
q9vSo1VnCiC_a424533651804a38a55b1252daccc81e,manual,q9vSo1VnCiC_a424533651804a38a55b1252daccc81e|manual,second,1,ac643d623a147394d526,12,02adce8e3149293f292fdd387243c912db606fe98c04a9b020e926adc05f6628,0.890931324208118,0.9398474857637947,0.890931324208118,0.048916161555676685,valid
q9vSo1VnCiC_a424533651804a38a55b1252daccc81e,semi,q9vSo1VnCiC_a424533651804a38a55b1252daccc81e|semi,largest,3,23a4dc31709381a1de36,18,637c8b4e62eb8c504f2418e2fd65d570b13fa980db707a52a66d0642bb506cb6,0.9469743177128619,0.9469743177128619,,,valid
q9vSo1VnCiC_a424533651804a38a55b1252daccc81e,semi,q9vSo1VnCiC_a424533651804a38a55b1252daccc81e|semi,second,0,,,,,0.9469743177128619,,,not_evaluable
q9vSo1VnCiC_c4b0b6a41c2a4db3927f5fa9cafb6345,manual,q9vSo1VnCiC_c4b0b6a41c2a4db3927f5fa9cafb6345|manual,largest,4,90d428978149e1e537ed,29,6305f8c3d68075f44ff4ddb789e96554ef009b744c862d50bb8eae91cec9fbfa,0.6693853073463268,0.6693853073463268,0.713259986400014,-0.04387467905368714,valid
q9vSo1VnCiC_c4b0b6a41c2a4db3927f5fa9cafb6345,manual,q9vSo1VnCiC_c4b0b6a41c2a4db3927f5fa9cafb6345|manual,second,1,7678a683012ba646c81e,18,ebf45877e8108db0f22284046ac060eca4ff3f0799a5794049a6d9c53e415359,0.713259986400014,0.6693853073463268,0.713259986400014,-0.04387467905368714,valid
q9vSo1VnCiC_dc320b1236f741a98303db9f89bc68a2,manual,q9vSo1VnCiC_dc320b1236f741a98303db9f89bc68a2|manual,largest,4,9520f54bda487c460b18,34,30ea8e721bc11979381f6d8efd44cf64881884b7b8919f73fe2a998989019057,0.7672546680208118,0.7672546680208118,0.7691933787005101,-0.0019387106796983078,valid
q9vSo1VnCiC_dc320b1236f741a98303db9f89bc68a2,manual,q9vSo1VnCiC_dc320b1236f741a98303db9f89bc68a2|manual,second,1,73908ddd5ef005c60f62,1,6b3b49c8bd8d4f07fde380654a63d3916b3999f26b49617c2b514ef47acb3ca9,0.7691933787005101,0.7672546680208118,0.7691933787005101,-0.0019387106796983078,valid
q9vSo1VnCiC_dc873df7717c43888a1cff13713fe146,manual,q9vSo1VnCiC_dc873df7717c43888a1cff13713fe146|manual,largest,1,8e9619af766e40a0d49d,17,5d3f55c2155cb83d0b88f760fa0bf195f15d7cf7012af9c6f542ee78f08e2081,0.6815329033453374,0.6815329033453374,0.5698615110379817,0.11167139230735579,valid
q9vSo1VnCiC_dc873df7717c43888a1cff13713fe146,manual,q9vSo1VnCiC_dc873df7717c43888a1cff13713fe146|manual,second,1,2409d4af989a4f9c3d4f,33,7c33952170e924865ce9147400b944ef7720a539c5ce83d6137b1073cdf9b388,0.5698615110379817,0.6815329033453374,0.5698615110379817,0.11167139230735579,valid
q9vSo1VnCiC_f7452776f0604b508bb2b0263238deb0,manual,q9vSo1VnCiC_f7452776f0604b508bb2b0263238deb0|manual,largest,4,6228485ada8f90d32777,30,8e99ffabe80ebb22ba6c33527b60e2ac9f01b24cc80fd7675e31ce828f40c1da,0.9135976658013877,0.9135976658013877,0.8093048802815469,0.10429278551984078,valid
q9vSo1VnCiC_f7452776f0604b508bb2b0263238deb0,manual,q9vSo1VnCiC_f7452776f0604b508bb2b0263238deb0|manual,second,1,497bb847657d8053449f,12,56931f2f2ec0512ccd99b1319d5b9b5e970f0409cc774bb034c28275cbe388ee,0.8093048802815469,0.9135976658013877,0.8093048802815469,0.10429278551984078,valid
rPc6DW4iMge_0012f6dcce9645778ac459e189cf0db3,manual,rPc6DW4iMge_0012f6dcce9645778ac459e189cf0db3|manual,largest,20,bce7044b348685668b71,31,78ed722fe601420d19b72ca1fafd821b1b0671cc24521ac99907484ca2ccdeeb,0.9807529231908464,0.9807529231908464,0.9639444298632818,0.016808493327564622,valid
rPc6DW4iMge_0012f6dcce9645778ac459e189cf0db3,manual,rPc6DW4iMge_0012f6dcce9645778ac459e189cf0db3|manual,second,2,9a0a83ba9247dbf61861,32,a2f7b70fb282b023ec8e7bc17c5276dfc6898766b9c103057afcc6fbc4808ff9,0.9639444298632818,0.9807529231908464,0.9639444298632818,0.016808493327564622,valid
rPc6DW4iMge_0dfe61800cc540db8e25c1738bc4b8ff,manual,rPc6DW4iMge_0dfe61800cc540db8e25c1738bc4b8ff|manual,largest,2,488f0c3264bf31aca229,17,02b800bc26beed50026d98b97947bbb6da3d2931c4b7d0c35621d473f8d877ee,0.9280722203608187,0.9280722203608187,0.8659103177495928,0.062161902611225894,valid
rPc6DW4iMge_0dfe61800cc540db8e25c1738bc4b8ff,manual,rPc6DW4iMge_0dfe61800cc540db8e25c1738bc4b8ff|manual,second,2,19cb0e844a73d7e77a47,30,707bd96d1a7c49cf4bb10fdf48d0eeb9fd2f93ddb1c93783f7e701c85442eec3,0.8659103177495928,0.9280722203608187,0.8659103177495928,0.062161902611225894,valid
rPc6DW4iMge_4350d36797324601adba7351d09602d2,manual,rPc6DW4iMge_4350d36797324601adba7351d09602d2|manual,largest,5,a42f40b503c7f449a3f6,37,f0dfebfef8845fe93d53d87bcfbc7f585ab707e81ccfe2fec9c3dfe5d268b1c0,0.949031624740041,0.949031624740041,,,valid
rPc6DW4iMge_4350d36797324601adba7351d09602d2,manual,rPc6DW4iMge_4350d36797324601adba7351d09602d2|manual,second,0,,,,,0.949031624740041,,,not_evaluable
rPc6DW4iMge_9d3eb9f5d38844bfb4e5fb2cd05fd3fd,manual,rPc6DW4iMge_9d3eb9f5d38844bfb4e5fb2cd05fd3fd|manual,largest,21,a4b73bebf231dbe2321a,2,8582f184ba50677e2cc4623e23161cadf61a4b20439875dbc5da3c9c07306157,1.0,1.0,0.8596645272124264,0.14033547278757363,valid
rPc6DW4iMge_9d3eb9f5d38844bfb4e5fb2cd05fd3fd,manual,rPc6DW4iMge_9d3eb9f5d38844bfb4e5fb2cd05fd3fd|manual,second,1,454169e6fe8a9b1ba08c,37,45183585f82951fa36b027c998a621f901dc40f0f7abb9998bd00b11e2d73585,0.8596645272124264,1.0,0.8596645272124264,0.14033547278757363,valid
rPc6DW4iMge_a72230c911234d18b08568b9d8b02dd2,manual,rPc6DW4iMge_a72230c911234d18b08568b9d8b02dd2|manual,largest,2,a236e017116eb8422292,13,75beabdb0f52279c6964e16b4618958e814d69dff8e1ccd667901190d3e52ce1,0.9103292463314175,0.9103292463314175,0.9695702981012807,-0.05924105176986316,valid
rPc6DW4iMge_a72230c911234d18b08568b9d8b02dd2,manual,rPc6DW4iMge_a72230c911234d18b08568b9d8b02dd2|manual,second,2,07431aa4afbbf9c0c56b,10,b946ecbf1cef78d5a9d38788bfd83d1694da7f3c99a7e689f12bde0fb542bec1,0.9695702981012807,0.9103292463314175,0.9695702981012807,-0.05924105176986316,valid
uNb9QFRL6hY_1096f195d3294cefa462add5ab0c342e,manual,uNb9QFRL6hY_1096f195d3294cefa462add5ab0c342e|manual,largest,21,6b145ff560adec834931,36,fd96652a18a99716ec7881ea34ad9874de9edac7a63b9df6c306961758e55b55,0.9719824948865722,0.9719824948865722,0.7771522091941866,0.19483028569238559,valid
uNb9QFRL6hY_1096f195d3294cefa462add5ab0c342e,manual,uNb9QFRL6hY_1096f195d3294cefa462add5ab0c342e|manual,second,1,b7e7d86f528066fab226,28,bc81a33e74a7ce590c0fbc4324f659111d3bb59e4dc611430f87f1b675141cb0,0.7771522091941866,0.9719824948865722,0.7771522091941866,0.19483028569238559,valid
uNb9QFRL6hY_5948424345f541b9a570b48f1cfcf622,manual,uNb9QFRL6hY_5948424345f541b9a570b48f1cfcf622|manual,largest,0,,,,,,,,not_evaluable
uNb9QFRL6hY_5948424345f541b9a570b48f1cfcf622,manual,uNb9QFRL6hY_5948424345f541b9a570b48f1cfcf622|manual,second,0,,,,,,,,not_evaluable
uNb9QFRL6hY_5b62816d9cf94f17ae166291822ea9ab,manual,uNb9QFRL6hY_5b62816d9cf94f17ae166291822ea9ab|manual,largest,3,0dfa885b59782e4c1c1b,17,0fcca6ff1d4a53c0df44589af5f947771e53dd4e135d356e1d0ed3e301de91a0,0.926580474934037,0.926580474934037,0.8550677614994884,0.07151271343454857,valid
uNb9QFRL6hY_5b62816d9cf94f17ae166291822ea9ab,manual,uNb9QFRL6hY_5b62816d9cf94f17ae166291822ea9ab|manual,second,1,fe7b820ed43008b5a057,36,24d33b4b18e67263afabe9a6756c6f0ec082a87541a8c099f69bef3d30dab256,0.8550677614994884,0.926580474934037,0.8550677614994884,0.07151271343454857,valid
uNb9QFRL6hY_6115ed700b5144cfa3443346381cb7cd,manual,uNb9QFRL6hY_6115ed700b5144cfa3443346381cb7cd|manual,largest,3,f0b7c25018d49988f041,1,3e3efefa31fbe98b58d4dc47b4d7f7e108c37e730655fbe6e12f9f1e4ffe85c3,0.9058153979098593,0.9058153979098593,0.6876069292788716,0.21820846863098775,valid
uNb9QFRL6hY_6115ed700b5144cfa3443346381cb7cd,manual,uNb9QFRL6hY_6115ed700b5144cfa3443346381cb7cd|manual,second,1,8f895f66411f68620317,12,bcd1d00c23c86f1bce81ddeb5a2b3b5785474f85e0ae106881d7e3b759011b5b,0.6876069292788716,0.9058153979098593,0.6876069292788716,0.21820846863098775,valid
uNb9QFRL6hY_6a500a9a43a340eb817c58bb084327fe,manual,uNb9QFRL6hY_6a500a9a43a340eb817c58bb084327fe|manual,largest,2,4ca9095576123a8afec3,28,03b3a3ee24845473e2c2d831b711fa7a6debde6d9cb5de6f219474a3fc494983,0.7688449848024316,0.7688449848024316,0.8322540764249583,-0.06340909162252673,valid
uNb9QFRL6hY_6a500a9a43a340eb817c58bb084327fe,manual,uNb9QFRL6hY_6a500a9a43a340eb817c58bb084327fe|manual,second,2,c0e23bd981313dc96d38,27,1d96c747306cfa29761008d74c510e287a3706e4de13bcffdfc5ed6c4bff7ca6,0.8322540764249583,0.7688449848024316,0.8322540764249583,-0.06340909162252673,valid
uNb9QFRL6hY_748279b5d6e740c4b2cba9fc78d6fc62,manual,uNb9QFRL6hY_748279b5d6e740c4b2cba9fc78d6fc62|manual,largest,4,d2c9465ce508ba7c1195,32,be63121da59865a17bcf8ad22c3c946132eb7a6d133672cf550222b77dc2d9ce,0.9322346793582258,0.9322346793582258,0.9358954931747294,-0.0036608138165036275,valid
uNb9QFRL6hY_748279b5d6e740c4b2cba9fc78d6fc62,manual,uNb9QFRL6hY_748279b5d6e740c4b2cba9fc78d6fc62|manual,second,1,f8b24f616d167c27b810,6,4146dfb12d45d454c5784b7fc657a9fee305a50ae3934cf2049058b526f0d55a,0.9358954931747294,0.9322346793582258,0.9358954931747294,-0.0036608138165036275,valid
uNb9QFRL6hY_748279b5d6e740c4b2cba9fc78d6fc62,semi,uNb9QFRL6hY_748279b5d6e740c4b2cba9fc78d6fc62|semi,largest,3,702f8663c962b7634220,11,d6027c61830c6c7281f0da36e46dd97b1bf4f2c1f18bf94142445418cddd491b,1.0,1.0,0.9528367837519623,0.047163216248037654,valid
uNb9QFRL6hY_748279b5d6e740c4b2cba9fc78d6fc62,semi,uNb9QFRL6hY_748279b5d6e740c4b2cba9fc78d6fc62|semi,second,1,3a3bc0a4eb51fdb493f4,34,698736496deb1eaadca7e2ca17afd09935f1c6cc8fb0ee64c0978ae1bde74210,0.9528367837519623,1.0,0.9528367837519623,0.047163216248037654,valid
uNb9QFRL6hY_85e7a14905bd44648061e3eb7f79cf13,manual,uNb9QFRL6hY_85e7a14905bd44648061e3eb7f79cf13|manual,largest,5,7a99a58308f3ae658881,36,c4b2869622f8268fa52b78c51c3de1d6aeeac1fd175e87717dbc0c8958710ec6,0.9561991118767569,0.9561991118767569,,,valid
uNb9QFRL6hY_85e7a14905bd44648061e3eb7f79cf13,manual,uNb9QFRL6hY_85e7a14905bd44648061e3eb7f79cf13|manual,second,0,,,,,0.9561991118767569,,,not_evaluable
uNb9QFRL6hY_85e7a14905bd44648061e3eb7f79cf13,semi,uNb9QFRL6hY_85e7a14905bd44648061e3eb7f79cf13|semi,largest,3,02ff3128c678c453e095,2,4ff759149c30a9037445db2c0d428b11caa1e57d1f9e08918973b5c9d56f8a14,0.9810268313931393,0.9810268313931393,0.9847077676438524,-0.003680936250713085,valid
uNb9QFRL6hY_85e7a14905bd44648061e3eb7f79cf13,semi,uNb9QFRL6hY_85e7a14905bd44648061e3eb7f79cf13|semi,second,1,d0c65178d1ddfcac1748,32,d11a0f8b3defde162989a0cb966e39dcf1e681f906d9ae10691c0c7c2baebf9a,0.9847077676438524,0.9810268313931393,0.9847077676438524,-0.003680936250713085,valid
uNb9QFRL6hY_8b6f1b0b025848b482e747ab6a027b97,manual,uNb9QFRL6hY_8b6f1b0b025848b482e747ab6a027b97|manual,largest,11,19253e4ab328902a4d12,8,bd9a4fbc5b9aa4d2a399bd4e1432354a6d53247e6600aa5675b25e3d8439518f,0.8913666872426376,0.8913666872426376,0.9844496296412296,-0.09308294239859205,valid
uNb9QFRL6hY_8b6f1b0b025848b482e747ab6a027b97,manual,uNb9QFRL6hY_8b6f1b0b025848b482e747ab6a027b97|manual,second,8,45865dabe049ebace6d2,36,4409c39ddb4d329b12788e6edea47c803cb03827d3044d878a5092eda9243cfb,0.9844496296412296,0.8913666872426376,0.9844496296412296,-0.09308294239859205,valid
uNb9QFRL6hY_9f199750b00c4f5484a546d79e06a0f8,manual,uNb9QFRL6hY_9f199750b00c4f5484a546d79e06a0f8|manual,largest,5,4aa250b1a35849403e62,2,8d38304bbdfe8d3717b99b70f731a844c574db24bed13414cfa9435e3ce1ff5b,0.988989426501632,0.988989426501632,0.8799947681642797,0.10899465833735233,valid
uNb9QFRL6hY_9f199750b00c4f5484a546d79e06a0f8,manual,uNb9QFRL6hY_9f199750b00c4f5484a546d79e06a0f8|manual,second,4,d568da825a0925474c30,11,7f4568eb23cff8894f3895b1117d1ad9883fec8af72d0a1d9707d3b091100749,0.8799947681642797,0.988989426501632,0.8799947681642797,0.10899465833735233,valid
uNb9QFRL6hY_a372582c11864f31a9dd174e4a0ae6ad,manual,uNb9QFRL6hY_a372582c11864f31a9dd174e4a0ae6ad|manual,largest,3,793fbf24fd55bb3641aa,10,82e290ced29af42cb2130e1e4505eb813f413da0ed9051f324c3e1465cbdea95,0.7226790687827888,0.7226790687827888,0.7486546044242753,-0.02597553564148658,valid
uNb9QFRL6hY_a372582c11864f31a9dd174e4a0ae6ad,manual,uNb9QFRL6hY_a372582c11864f31a9dd174e4a0ae6ad|manual,second,1,6c0f921d12fdfaa633d5,34,28e1b1732c780298136cac409cc72a855dff07aa0eeb5e5de7839efb14a04b18,0.7486546044242753,0.7226790687827888,0.7486546044242753,-0.02597553564148658,valid
uNb9QFRL6hY_a7ab19b1a9f044f0905592de1414e8b3,manual,uNb9QFRL6hY_a7ab19b1a9f044f0905592de1414e8b3|manual,largest,5,be774848762988355a0c,34,b68f56a4f28853487e09e69c5a66e241532b99637ae2d14749e0b548c4675700,0.8797242350501584,0.8797242350501584,,,valid
uNb9QFRL6hY_a7ab19b1a9f044f0905592de1414e8b3,manual,uNb9QFRL6hY_a7ab19b1a9f044f0905592de1414e8b3|manual,second,0,,,,,0.8797242350501584,,,not_evaluable
uNb9QFRL6hY_a7ab19b1a9f044f0905592de1414e8b3,semi,uNb9QFRL6hY_a7ab19b1a9f044f0905592de1414e8b3|semi,largest,4,401fdd3b780569d96e33,32,9c68e2af1c45e13ff7006bbbbaac805ab3be717eaf2a4a805ec480791d56b527,0.8874517641936952,0.8874517641936952,,,valid
uNb9QFRL6hY_a7ab19b1a9f044f0905592de1414e8b3,semi,uNb9QFRL6hY_a7ab19b1a9f044f0905592de1414e8b3|semi,second,0,,,,,0.8874517641936952,,,not_evaluable
uNb9QFRL6hY_ba24e5a57ef34c6dbc0458ed4c1e701d,manual,uNb9QFRL6hY_ba24e5a57ef34c6dbc0458ed4c1e701d|manual,largest,0,,,,,,,,not_evaluable
uNb9QFRL6hY_ba24e5a57ef34c6dbc0458ed4c1e701d,manual,uNb9QFRL6hY_ba24e5a57ef34c6dbc0458ed4c1e701d|manual,second,0,,,,,,,,not_evaluable
uNb9QFRL6hY_c6410f47ad754d6cbd890ba7dff8b449,manual,uNb9QFRL6hY_c6410f47ad754d6cbd890ba7dff8b449|manual,largest,2,f78931e744dcb44323b8,15,8b34ade99d12d870c45462fc69075837ebc007402e6c0921559883c7ebfe074b,0.7895344126440377,0.7895344126440377,0.8014127702362996,-0.011878357592261968,valid
uNb9QFRL6hY_c6410f47ad754d6cbd890ba7dff8b449,manual,uNb9QFRL6hY_c6410f47ad754d6cbd890ba7dff8b449|manual,second,1,63597564c489c761152b,31,3caf31aa39c2d9970c6db56fa8bb44486929fdca0e9d12b36dea7ac187cd0467,0.8014127702362996,0.7895344126440377,0.8014127702362996,-0.011878357592261968,valid
uNb9QFRL6hY_ca08ebfb2da647f68db41630637e400b,manual,uNb9QFRL6hY_ca08ebfb2da647f68db41630637e400b|manual,largest,4,353881dfb47a1686a026,33,91bd77f146125955d595e7754ff3f34462e89ab53d93d23e0c63bb1b4e84f198,0.6997089496413732,0.6997089496413732,0.8886367738442101,-0.18892782420283694,valid
uNb9QFRL6hY_ca08ebfb2da647f68db41630637e400b,manual,uNb9QFRL6hY_ca08ebfb2da647f68db41630637e400b|manual,second,1,586816fed8c7e04af03d,32,61d65e092224687ac958ced09461cfbcd16e0bd95e7b6bb968e682aeded8e29a,0.8886367738442101,0.6997089496413732,0.8886367738442101,-0.18892782420283694,valid
uNb9QFRL6hY_cdca0a1a2fc343bb94bacdc3045b2d8d,manual,uNb9QFRL6hY_cdca0a1a2fc343bb94bacdc3045b2d8d|manual,largest,4,99a8d85e0a09165ed320,11,7888855c5464bc719fd0a51ad2ee51148d9c302603ba23d64547145b3a8835e4,0.8795517226896639,0.8795517226896639,0.8887873976932501,-0.009235675003586241,valid
uNb9QFRL6hY_cdca0a1a2fc343bb94bacdc3045b2d8d,manual,uNb9QFRL6hY_cdca0a1a2fc343bb94bacdc3045b2d8d|manual,second,1,bcadc37ee0819d4ead2d,34,f13aa598bd7420a94ea507a9c792a3a72f0e451b9ca6a692d3a3303f03bd358a,0.8887873976932501,0.8795517226896639,0.8887873976932501,-0.009235675003586241,valid
uNb9QFRL6hY_cdca0a1a2fc343bb94bacdc3045b2d8d,semi,uNb9QFRL6hY_cdca0a1a2fc343bb94bacdc3045b2d8d|semi,largest,3,788e7e1c7924718866a4,12,94dd7c8201043ecf2b8306907977d1ba4892022aaa370337841900be6e83f62b,1.0,1.0,0.8878079631616722,0.11219203683832779,valid
uNb9QFRL6hY_cdca0a1a2fc343bb94bacdc3045b2d8d,semi,uNb9QFRL6hY_cdca0a1a2fc343bb94bacdc3045b2d8d|semi,second,1,1ff1c3fea69357e03c76,31,ee7197a37a8d2550cf89a7aac87dd483bd89da4232d6e7019cd328350d741913,0.8878079631616722,1.0,0.8878079631616722,0.11219203683832779,valid
uNb9QFRL6hY_f4eb9862530a4f909b46f51d1887d05f,manual,uNb9QFRL6hY_f4eb9862530a4f909b46f51d1887d05f|manual,largest,5,7ea7af8cde9303da75a6,15,9b9aa2c44dd7fc525427f4b8846aade16af6a703e30df2853424a7d604ed7ce3,0.9872787248141325,0.9872787248141325,,,valid
uNb9QFRL6hY_f4eb9862530a4f909b46f51d1887d05f,manual,uNb9QFRL6hY_f4eb9862530a4f909b46f51d1887d05f|manual,second,0,,,,,0.9872787248141325,,,not_evaluable
uNb9QFRL6hY_f7944295a76541b186e6a557ebdbba14,manual,uNb9QFRL6hY_f7944295a76541b186e6a557ebdbba14|manual,largest,1,8b7b26806cebb06ceb87,27,0b7eae33f80e236cfe0867c51773169c783386e30578dfd6b9fff5903099e2a0,0.6806090129470818,0.6806090129470818,0.7231355846415141,-0.0425265716944323,valid
uNb9QFRL6hY_f7944295a76541b186e6a557ebdbba14,manual,uNb9QFRL6hY_f7944295a76541b186e6a557ebdbba14|manual,second,1,287ed274e745ef4b494d,29,1318c1d74add37f6551e055e49baa2bb08761e1b31bd4c17a0d57d92b3a649c8,0.7231355846415141,0.6806090129470818,0.7231355846415141,-0.0425265716944323,valid
uNb9QFRL6hY_fd8d4da92ec14b668ed3d2986616bd14,manual,uNb9QFRL6hY_fd8d4da92ec14b668ed3d2986616bd14|manual,largest,1,6bcb7c06bee48a668fc1,37,2f76a65b3341ca622d9180d4a4192ea458a9e8475edffa6d4b6b75b96191a70b,0.8147751241750018,0.8147751241750018,0.8193429706887875,-0.004567846513785723,valid
uNb9QFRL6hY_fd8d4da92ec14b668ed3d2986616bd14,manual,uNb9QFRL6hY_fd8d4da92ec14b668ed3d2986616bd14|manual,second,1,16f88794bfabdd24c227,12,5480411759c9e8efa6e8abe363db6eecf45062885c55d7e7aa5493a33858188f,0.8193429706887875,0.8147751241750018,0.8193429706887875,-0.004567846513785723,valid
wc2JMjhGNzB_03c1aca95e254bf4b0db303a28d79aee,manual,wc2JMjhGNzB_03c1aca95e254bf4b0db303a28d79aee|manual,largest,4,3c7cf68051a68eb3dec3,31,84d5113022812cb3d38f88d769801bac24421cbaebd1bed54c3dbb655f63993b,0.9275011705946621,0.9275011705946621,0.880816415155792,0.046684755438870074,valid
wc2JMjhGNzB_03c1aca95e254bf4b0db303a28d79aee,manual,wc2JMjhGNzB_03c1aca95e254bf4b0db303a28d79aee|manual,second,1,747092fcb23c661874e0,37,3f9946792d4df5c83c8291b815377f33d17cafdf32f289bc0a67e878d92db3b3,0.880816415155792,0.9275011705946621,0.880816415155792,0.046684755438870074,valid
wc2JMjhGNzB_1d8917d25abb4a77a0da9583dc82c17c,manual,wc2JMjhGNzB_1d8917d25abb4a77a0da9583dc82c17c|manual,largest,2,205de09132b7c362ae2c,12,6d649d8b4e452574a55f2d046c88a3e614a5059433c80dc611c9d508e340c1c8,0.8803978622560973,0.8803978622560973,0.7532462819514641,0.12715158030463314,valid
wc2JMjhGNzB_1d8917d25abb4a77a0da9583dc82c17c,manual,wc2JMjhGNzB_1d8917d25abb4a77a0da9583dc82c17c|manual,second,1,2e6fc6fdc1ca28539391,30,353f386138588c825015153f8c87298f948b007c5d3e51a20f8c830b469247f5,0.7532462819514641,0.8803978622560973,0.7532462819514641,0.12715158030463314,valid
wc2JMjhGNzB_4884da3227464ab5b82f631ff22205bd,manual,wc2JMjhGNzB_4884da3227464ab5b82f631ff22205bd|manual,largest,1,0a731b8cdc864c572e8b,28,03d8eb444d7af292003f7b48850b3000f25e20fecd529577d70ce6d8275bf2fd,0.9056130853119683,0.9056130853119683,0.7486244865795915,0.1569885987323768,valid
wc2JMjhGNzB_4884da3227464ab5b82f631ff22205bd,manual,wc2JMjhGNzB_4884da3227464ab5b82f631ff22205bd|manual,second,1,41a7f33047a9e0342ac0,29,4ae63e41923715b41ddcd2e2da8fc6539ee159999a43a78896645a124fe316ad,0.7486244865795915,0.9056130853119683,0.7486244865795915,0.1569885987323768,valid
wc2JMjhGNzB_55b45b0f19c2460bbcd1fb1c86c6610d,manual,wc2JMjhGNzB_55b45b0f19c2460bbcd1fb1c86c6610d|manual,largest,2,ff368b2d52c03c9c2c5d,11,80d4e3700d549791a200a80ad2dc3739887aa6e1382b4520fd6f69c63b1486af,0.9367882855749649,0.9367882855749649,0.9257281172127695,0.011060168362195366,valid
wc2JMjhGNzB_55b45b0f19c2460bbcd1fb1c86c6610d,manual,wc2JMjhGNzB_55b45b0f19c2460bbcd1fb1c86c6610d|manual,second,1,62ca76d9e84ab7370421,1,5631fd003fe95cbedc830718a1a0537d242b556ce0d7bebe575651fd72224450,0.9257281172127695,0.9367882855749649,0.9257281172127695,0.011060168362195366,valid
wc2JMjhGNzB_55b45b0f19c2460bbcd1fb1c86c6610d,semi,wc2JMjhGNzB_55b45b0f19c2460bbcd1fb1c86c6610d|semi,largest,4,71f8e55558d74259a5eb,33,c42c6aec450d9ac8c6cdfb6231606a0f0d6ff2c0b92945980bd039ede548348c,1.0,1.0,,,valid
wc2JMjhGNzB_55b45b0f19c2460bbcd1fb1c86c6610d,semi,wc2JMjhGNzB_55b45b0f19c2460bbcd1fb1c86c6610d|semi,second,0,,,,,1.0,,,not_evaluable
wc2JMjhGNzB_9087f0358178420a8b9ac7b17a8919c7,manual,wc2JMjhGNzB_9087f0358178420a8b9ac7b17a8919c7|manual,largest,5,d0bcda333eddee24fe3c,18,a594bfb5fdfd64090691ab0b8b619bb0754c8b9e867523feb07a06532b1ab965,0.9753253732738276,0.9753253732738276,,,valid
wc2JMjhGNzB_9087f0358178420a8b9ac7b17a8919c7,manual,wc2JMjhGNzB_9087f0358178420a8b9ac7b17a8919c7|manual,second,0,,,,,0.9753253732738276,,,not_evaluable
wc2JMjhGNzB_9087f0358178420a8b9ac7b17a8919c7,semi,wc2JMjhGNzB_9087f0358178420a8b9ac7b17a8919c7|semi,largest,3,2c90d306c009cea79158,36,3033850675db51658c7e452ef888c9eab583138ee19fe3fe5ac3f2f0c42e5dd6,1.0,1.0,0.9731017078355895,0.02689829216441053,valid
wc2JMjhGNzB_9087f0358178420a8b9ac7b17a8919c7,semi,wc2JMjhGNzB_9087f0358178420a8b9ac7b17a8919c7|semi,second,1,99107f36d276c5bca39b,31,6985185622b8c475a2c6be12693901507f5d1d06a26ec277d37460ec6ecd59f1,0.9731017078355895,1.0,0.9731017078355895,0.02689829216441053,valid
wc2JMjhGNzB_b41b10699d614f24851b56a9a0e743c6,manual,wc2JMjhGNzB_b41b10699d614f24851b56a9a0e743c6|manual,largest,5,8f784855d8bd4f3a9024,13,c270f221004ea7eeb6eef818bffde82c09952dca9a84627d8764496f280a28a7,0.704120542527352,0.704120542527352,0.8393978432242433,-0.13527730069689126,valid
wc2JMjhGNzB_b41b10699d614f24851b56a9a0e743c6,manual,wc2JMjhGNzB_b41b10699d614f24851b56a9a0e743c6|manual,second,4,d704f69a1c7c5327e638,31,359653daa06251fac490886fcf038cc9300a6bf6cec84bada6f8cc61f58418d1,0.8393978432242433,0.704120542527352,0.8393978432242433,-0.13527730069689126,valid
wc2JMjhGNzB_c7c84bf01a834489ad11d8450a7dc2bc,manual,wc2JMjhGNzB_c7c84bf01a834489ad11d8450a7dc2bc|manual,largest,5,33bdbff1a089ed14dc7d,8,8c88d19f52e7a6c5503a9ab03537055c765ee7b40eab4fa7310a400a98882b89,0.9163814119950369,0.9163814119950369,,,valid
wc2JMjhGNzB_c7c84bf01a834489ad11d8450a7dc2bc,manual,wc2JMjhGNzB_c7c84bf01a834489ad11d8450a7dc2bc|manual,second,0,,,,,0.9163814119950369,,,not_evaluable
wc2JMjhGNzB_c7c84bf01a834489ad11d8450a7dc2bc,semi,wc2JMjhGNzB_c7c84bf01a834489ad11d8450a7dc2bc|semi,largest,3,2052df34f859227bd40f,30,7e69e4d2e2add147f1dfa3442abd01d7e4d1e740d12b1691d9604ace86769665,0.9225406807050069,0.9225406807050069,1.0,-0.07745931929499306,valid
wc2JMjhGNzB_c7c84bf01a834489ad11d8450a7dc2bc,semi,wc2JMjhGNzB_c7c84bf01a834489ad11d8450a7dc2bc|semi,second,1,c6c2970a6c0a7eb457e5,28,8b1c33d56a973e349d8a374454c6328dd777719993512f285bef66b0903f9944,1.0,0.9225406807050069,1.0,-0.07745931929499306,valid
wc2JMjhGNzB_dda6efcba51c40de8552408953719515,manual,wc2JMjhGNzB_dda6efcba51c40de8552408953719515|manual,largest,14,099f4ec32f8c8013e8b0,15,83d929a25725e43c88ce5c7e5d1bbb722fb99fb6d8fc398927a5321a19b19f30,0.9535701387989833,0.9535701387989833,0.9197563472964072,0.03381379150257613,valid
wc2JMjhGNzB_dda6efcba51c40de8552408953719515,manual,wc2JMjhGNzB_dda6efcba51c40de8552408953719515|manual,second,7,f447db699b5c09a195ce,36,8d8661d404b679afedebfde3862fb3c5a669e1a4ae92847ff369922b1b57de64,0.9197563472964072,0.9535701387989833,0.9197563472964072,0.03381379150257613,valid
wc2JMjhGNzB_ec04ef10a0664e94878aa2d0f1720c2f,manual,wc2JMjhGNzB_ec04ef10a0664e94878aa2d0f1720c2f|manual,largest,3,79927da8c000e31d9cda,2,f8208819185b318f2f5581b58aa63aefacb17769dd4ff5a16e45621fc808459f,0.9709950282253635,0.9709950282253635,0.928118594617097,0.04287643360826654,valid
wc2JMjhGNzB_ec04ef10a0664e94878aa2d0f1720c2f,manual,wc2JMjhGNzB_ec04ef10a0664e94878aa2d0f1720c2f|manual,second,1,032cd152706166629e82,34,9f4fc4f875bb3edf23c09f5391211a2a6148f936cb8424b3b04466207ad3c756,0.928118594617097,0.9709950282253635,0.928118594617097,0.04287643360826654,valid
wc2JMjhGNzB_ec04ef10a0664e94878aa2d0f1720c2f,semi,wc2JMjhGNzB_ec04ef10a0664e94878aa2d0f1720c2f|semi,largest,4,1662ab8242879aec65db,6,d6cdda19a4c0a28daa6b3d3fc7b64cf94da3ec79e44a349f6c283d6baf8062fe,1.0,1.0,,,valid
wc2JMjhGNzB_ec04ef10a0664e94878aa2d0f1720c2f,semi,wc2JMjhGNzB_ec04ef10a0664e94878aa2d0f1720c2f|semi,second,0,,,,,1.0,,,not_evaluable
x8F5xyUWy9e_3a127fd2c5f34d978cba253145dae7d6,manual,x8F5xyUWy9e_3a127fd2c5f34d978cba253145dae7d6|manual,largest,5,727b424d339f07b45b57,11,ec3e4e8e34962e2b085b1901c4ab80acdaadf736bd02a7296a1f23fc0bf70d1b,0.9517636183411853,0.9517636183411853,,,valid
x8F5xyUWy9e_3a127fd2c5f34d978cba253145dae7d6,manual,x8F5xyUWy9e_3a127fd2c5f34d978cba253145dae7d6|manual,second,0,,,,,0.9517636183411853,,,not_evaluable
x8F5xyUWy9e_9926b38bd87e44e292d9c375050dd17d,manual,x8F5xyUWy9e_9926b38bd87e44e292d9c375050dd17d|manual,largest,3,7af5a1710f0a4c2dcfa5,12,b6d0a68e6749047a774978e684201d0d10c3e8a54f8b77550d6fc3e623083c23,0.9525457683811364,0.9525457683811364,0.932030118234891,0.020515650146245346,valid
x8F5xyUWy9e_9926b38bd87e44e292d9c375050dd17d,manual,x8F5xyUWy9e_9926b38bd87e44e292d9c375050dd17d|manual,second,2,618c40c186d398910f88,8,3f9b417fdb9aeaa3b51aec3451d76961c1917e448c297e19b979b1b1a05bf6af,0.932030118234891,0.9525457683811364,0.932030118234891,0.020515650146245346,valid
yqstnuAEVhm_08e2145b15fc4d2497c084af41dc7089,manual,yqstnuAEVhm_08e2145b15fc4d2497c084af41dc7089|manual,largest,5,30e344b50071694c55ec,13,0c630dc963a7aa3651bbed078a3e79b7c27820c920b3c539dd38be5c972d7000,0.8461372249185559,0.8461372249185559,,,valid
yqstnuAEVhm_08e2145b15fc4d2497c084af41dc7089,manual,yqstnuAEVhm_08e2145b15fc4d2497c084af41dc7089|manual,second,0,,,,,0.8461372249185559,,,not_evaluable
yqstnuAEVhm_08e2145b15fc4d2497c084af41dc7089,semi,yqstnuAEVhm_08e2145b15fc4d2497c084af41dc7089|semi,largest,3,23cb933de747d63d9058,18,f6342463146cda5f9bf26df0f9bdcd57eec82f715a031240ff8ee16068ac927e,1.0,1.0,0.8358320334855744,0.16416796651442556,valid
yqstnuAEVhm_08e2145b15fc4d2497c084af41dc7089,semi,yqstnuAEVhm_08e2145b15fc4d2497c084af41dc7089|semi,second,1,961dc0d114e60fe10b06,34,4ae4d39cebce6c64d12c97bfdf4d4fadbe447af32061f90357056bbbddc9d4b2,0.8358320334855744,1.0,0.8358320334855744,0.16416796651442556,valid
yqstnuAEVhm_26b2e92ccd314a2da1a4fc8dfc6e6f56,manual,yqstnuAEVhm_26b2e92ccd314a2da1a4fc8dfc6e6f56|manual,largest,15,903f5f0ce2b19ea931e6,17,94ab3b4d85a643c387916bda1c5d81069a8cd4362c0108fb8f472976dbc80241,0.97421893163081,0.97421893163081,0.8544199885288213,0.11979894310198869,valid
yqstnuAEVhm_26b2e92ccd314a2da1a4fc8dfc6e6f56,manual,yqstnuAEVhm_26b2e92ccd314a2da1a4fc8dfc6e6f56|manual,second,3,a8f02e5f6ff661b1a6ea,28,da722515ca9f61a2795e7165551ac072f37e979234de18817839bf70c1d932c7,0.8544199885288213,0.97421893163081,0.8544199885288213,0.11979894310198869,valid
yqstnuAEVhm_2f8c1f8ea7364f67b1c5fe2be2750257,manual,yqstnuAEVhm_2f8c1f8ea7364f67b1c5fe2be2750257|manual,largest,5,03226fb095d5cf238261,13,e79c1f3922c7deee924b9156b01f56a9538454aa80ee44e43bf976c2d4cf086b,0.950241617252949,0.950241617252949,,,valid
yqstnuAEVhm_2f8c1f8ea7364f67b1c5fe2be2750257,manual,yqstnuAEVhm_2f8c1f8ea7364f67b1c5fe2be2750257|manual,second,0,,,,,0.950241617252949,,,not_evaluable
yqstnuAEVhm_30f3ce4575234a7ba5ff97797f059ae1,manual,yqstnuAEVhm_30f3ce4575234a7ba5ff97797f059ae1|manual,largest,3,a7ba8b4e746e9e775405,17,3bc0c501bbad027c4edf42db868e1ef68a22dc63ee01223c7ac3fb11fd02494f,0.8259252357882063,0.8259252357882063,0.9384796426455755,-0.11255440685736917,valid
yqstnuAEVhm_30f3ce4575234a7ba5ff97797f059ae1,manual,yqstnuAEVhm_30f3ce4575234a7ba5ff97797f059ae1|manual,second,2,e679e2f416b6d65b3705,10,20bd41987e9d71cc11b5e237e6339fcc261a55e5d8cfa0b316be5bb3a38a327f,0.9384796426455755,0.8259252357882063,0.9384796426455755,-0.11255440685736917,valid
yqstnuAEVhm_4642492bb42d40debb1a3bad0ea7a24f,manual,yqstnuAEVhm_4642492bb42d40debb1a3bad0ea7a24f|manual,largest,2,7a9990749414fd2cd8fd,17,9b38b4a8a0f5e1a7b183d96b85f39e49eeee16689c48100b6ecb3f4dcf8cd00d,0.9392927930407973,0.9392927930407973,0.9011494888472624,0.038143304193534844,valid
yqstnuAEVhm_4642492bb42d40debb1a3bad0ea7a24f,manual,yqstnuAEVhm_4642492bb42d40debb1a3bad0ea7a24f|manual,second,2,b051173d56dd7d06ce80,8,90451935ee79eca6128f79c2b984999a0bb1dcada70ee0d47d6fa2214dc9596a,0.9011494888472624,0.9392927930407973,0.9011494888472624,0.038143304193534844,valid
yqstnuAEVhm_48447297e8444171a5db34ccf38bc229,manual,yqstnuAEVhm_48447297e8444171a5db34ccf38bc229|manual,largest,1,ed26709256377966efda,13,0fb14cf4a8ba887429520b897beff920472d61e6f2e89f0ef021bea20acba1a1,0.8843488336503356,0.8843488336503356,0.8399362243023615,0.044412609347974086,valid
yqstnuAEVhm_48447297e8444171a5db34ccf38bc229,manual,yqstnuAEVhm_48447297e8444171a5db34ccf38bc229|manual,second,1,cfe1fe54f5de49278b0a,34,129feeeb88a768e6ef6c184446006710c87fcda75debabe3e6a37ec1e95de27a,0.8399362243023615,0.8843488336503356,0.8399362243023615,0.044412609347974086,valid
yqstnuAEVhm_9cb726b170554b9bacd039d4db246040,manual,yqstnuAEVhm_9cb726b170554b9bacd039d4db246040|manual,largest,3,76b3ab610fcfd2be4a60,36,3ef0ff12c4565ac65fd1aae3197910e608a477f832628f59bbd9f9a46b3a273b,0.8308755476028876,0.8308755476028876,0.9456637895602137,-0.11478824195732606,valid
yqstnuAEVhm_9cb726b170554b9bacd039d4db246040,manual,yqstnuAEVhm_9cb726b170554b9bacd039d4db246040|manual,second,2,639e0ae720de944c4ad5,15,17fdb4fda0807d3b53cfddf78f1cbf3c05e66ea34d8701bc3f7534ec1620bc1c,0.9456637895602137,0.8308755476028876,0.9456637895602137,-0.11478824195732606,valid
yqstnuAEVhm_9de98503fd994452b627cdcc7a7d47b2,manual,yqstnuAEVhm_9de98503fd994452b627cdcc7a7d47b2|manual,largest,0,,,,,,,,not_evaluable
yqstnuAEVhm_9de98503fd994452b627cdcc7a7d47b2,manual,yqstnuAEVhm_9de98503fd994452b627cdcc7a7d47b2|manual,second,0,,,,,,,,not_evaluable
yqstnuAEVhm_b26ae45c6c12443cbcfc3997f2e63347,manual,yqstnuAEVhm_b26ae45c6c12443cbcfc3997f2e63347|manual,largest,3,4dfaf6dedad2424beadf,1,fea2adfbc8afeaf4ca53aa87593fc5fb0c0280ec4cd149064682ec57073fa721,0.9069873782822035,0.9069873782822035,0.6978341660453128,0.20915321223689076,valid
yqstnuAEVhm_b26ae45c6c12443cbcfc3997f2e63347,manual,yqstnuAEVhm_b26ae45c6c12443cbcfc3997f2e63347|manual,second,2,6de2c46ce6d59af34337,34,02aeb4192f28151b3c608820a8e9f87037e44a3523a6810b17ad0ad895d9ac83,0.6978341660453128,0.9069873782822035,0.6978341660453128,0.20915321223689076,valid
yqstnuAEVhm_b26ae45c6c12443cbcfc3997f2e63347,semi,yqstnuAEVhm_b26ae45c6c12443cbcfc3997f2e63347|semi,largest,4,031e48e6149c36f92e2b,33,13f0259b59ba2fb26c40966b62d88dbc7fd8edaa81e72b543f4269f4ac99ef0e,1.0,1.0,,,valid
yqstnuAEVhm_b26ae45c6c12443cbcfc3997f2e63347,semi,yqstnuAEVhm_b26ae45c6c12443cbcfc3997f2e63347|semi,second,0,,,,,1.0,,,not_evaluable
yqstnuAEVhm_c93bf298b1cb41a1b368a6ce8bcff53d,manual,yqstnuAEVhm_c93bf298b1cb41a1b368a6ce8bcff53d|manual,largest,3,a1f8bda6422774a397a9,36,6d2556431219860f271b4fd31ba3801ec6685d27f5c5f0d1edf77ae820923830,0.9564454449485804,0.9564454449485804,0.9092731168617109,0.04717232808686955,valid
yqstnuAEVhm_c93bf298b1cb41a1b368a6ce8bcff53d,manual,yqstnuAEVhm_c93bf298b1cb41a1b368a6ce8bcff53d|manual,second,1,7f189afde4de2b5b50ec,28,2404471cd6429a1489ed97adf21b5d87d452216e28c907eee7a25ecdb81fcabd,0.9092731168617109,0.9564454449485804,0.9092731168617109,0.04717232808686955,valid
