task_id,annotation_id,annotator_id,dataset_group,default_gate_pass,default_gate_reason,selection_pass,selection_reason,selection_origin,tim_rule_default_gate_pass,tim_rule_in_scope,tim_rule_layout_usable,tim_rule_type4_flag,tim_rule_type4_excluded_from_m,tim_rule_meta_guard_rejected,tim_rule_active_time_fallback,tim_t_included,tim_i_included,tim_m_included,tim_highest_tier,tim_scope,tim_scope_rule,tim_downgrade_reason,tim_reason_chain,tim_mapping_rule_version,tim_mapping_spec_version
460,88,1,,False,dataset_group_blank;join_status:unmatched,False,default_gate_blocked,blocked_before_selection,False,False,False,False,False,False,True,False,False,False,outside_T,outside_T,gate_excluded,dataset_group_blank;join_status:unmatched,excluded:dataset_group_blank;join_status:unmatched;selection:default_gate_blocked;active_time:lead_time_fallback;scope:oos,tim_row_audit_v2_1,tim_mapping_spec_v2_1
466,89,1,Validation_semi,True,passed,True,selected_by_manifest,selection_manifest,True,True,True,True,True,True,True,True,True,False,I,I,i_tier_type4_guarded,m_guard:type4_excluded;type4:difficulty_conflict;meta_guard:difficulty_conflict_trivial;active_time:lead_time_fallback,passed_default_gate;selection:selected_by_manifest;type4:difficulty_conflict;meta_guard:difficulty_conflict_trivial;active_time:lead_time_fallback;m_guard:type4_excluded,tim_row_audit_v2_1,tim_mapping_spec_v2_1
467,90,1,SemiAuto_Test,True,passed,True,selected_by_manifest,selection_manifest,True,True,True,False,False,False,True,True,True,True,M,M,m_tier_layout_usable_clean,active_time:lead_time_fallback,passed_default_gate;selection:selected_by_manifest;active_time:lead_time_fallback,tim_row_audit_v2_1,tim_mapping_spec_v2_1
468,91,1,,False,dataset_group_blank;join_status:unmatched,False,default_gate_blocked,blocked_before_selection,False,True,True,False,False,False,True,False,False,False,outside_T,outside_T,gate_excluded,dataset_group_blank;join_status:unmatched,excluded:dataset_group_blank;join_status:unmatched;selection:default_gate_blocked;active_time:lead_time_fallback,tim_row_audit_v2_1,tim_mapping_spec_v2_1
469,92,1,PreScreen_semi,True,passed,True,selected_by_manifest,selection_manifest,True,True,True,False,False,False,True,True,True,True,M,M,m_tier_layout_usable_clean,active_time:lead_time_fallback,passed_default_gate;selection:selected_by_manifest;active_time:lead_time_fallback,tim_row_audit_v2_1,tim_mapping_spec_v2_1
470,93,1,SemiAuto_Test,True,passed,True,selected_by_manifest,selection_manifest,True,True,True,False,False,False,True,True,True,True,M,M,m_tier_layout_usable_clean,active_time:lead_time_fallback,passed_default_gate;selection:selected_by_manifest;active_time:lead_time_fallback,tim_row_audit_v2_1,tim_mapping_spec_v2_1
471,94,1,,False,dataset_group_blank;join_status:ambiguous,False,default_gate_blocked,blocked_before_selection,False,True,True,True,True,True,True,False,False,False,outside_T,outside_T,gate_excluded,dataset_group_blank;join_status:ambiguous,excluded:dataset_group_blank;join_status:ambiguous;selection:default_gate_blocked;type4:difficulty_conflict;meta_guard:difficulty_conflict_trivial;active_time:lead_time_fallback;m_guard:type4_excluded,tim_row_audit_v2_1,tim_mapping_spec_v2_1
472,95,1,,False,dataset_group_blank;join_status:ambiguous,False,default_gate_blocked,blocked_before_selection,False,True,True,False,False,False,True,False,False,False,outside_T,outside_T,gate_excluded,dataset_group_blank;join_status:ambiguous,excluded:dataset_group_blank;join_status:ambiguous;selection:default_gate_blocked;active_time:lead_time_fallback,tim_row_audit_v2_1,tim_mapping_spec_v2_1
473,96,1,,False,dataset_group_blank;join_status:unmatched,False,default_gate_blocked,blocked_before_selection,False,False,False,False,False,False,True,False,False,False,outside_T,outside_T,gate_excluded,dataset_group_blank;join_status:unmatched,excluded:dataset_group_blank;join_status:unmatched;selection:default_gate_blocked;active_time:lead_time_fallback;scope:oos,tim_row_audit_v2_1,tim_mapping_spec_v2_1
474,40,3,,False,dataset_group_blank;join_status:unmatched,False,default_gate_blocked,blocked_before_selection,False,True,True,False,False,False,False,False,False,False,outside_T,outside_T,gate_excluded,dataset_group_blank;join_status:unmatched,excluded:dataset_group_blank;join_status:unmatched;selection:default_gate_blocked;active_time:log,tim_row_audit_v2_1,tim_mapping_spec_v2_1
474,75,4,,False,dataset_group_blank;join_status:unmatched,False,default_gate_blocked,blocked_before_selection,False,True,True,False,False,False,False,False,False,False,outside_T,outside_T,gate_excluded,dataset_group_blank;join_status:unmatched,excluded:dataset_group_blank;join_status:unmatched;selection:default_gate_blocked;active_time:log,tim_row_audit_v2_1,tim_mapping_spec_v2_1
475,41,3,PreScreen_manual,True,passed,True,selected_by_manifest,selection_manifest,True,True,True,False,False,False,False,True,True,True,M,M,m_tier_layout_usable_clean,none,passed_default_gate;selection:selected_by_manifest;active_time:log,tim_row_audit_v2_1,tim_mapping_spec_v2_1
475,76,4,PreScreen_manual,True,passed,True,selected_by_manifest,selection_manifest,True,True,True,False,False,False,False,True,True,True,M,M,m_tier_layout_usable_clean,none,passed_default_gate;selection:selected_by_manifest;active_time:log,tim_row_audit_v2_1,tim_mapping_spec_v2_1
476,42,3,SemiAuto_Test,True,passed,True,selected_by_manifest,selection_manifest,True,False,False,False,False,False,False,True,False,False,T,T,t_tier_scope_filtered,scope:oos,passed_default_gate;selection:selected_by_manifest;active_time:log;scope:oos,tim_row_audit_v2_1,tim_mapping_spec_v2_1
476,77,4,SemiAuto_Test,True,passed,True,selected_by_manifest,selection_manifest,True,False,False,False,False,False,False,True,False,False,T,T,t_tier_scope_filtered,scope:oos,passed_default_gate;selection:selected_by_manifest;active_time:log;scope:oos,tim_row_audit_v2_1,tim_mapping_spec_v2_1
477,32,2,,False,dataset_group_blank;join_status:ambiguous,False,default_gate_blocked,blocked_before_selection,False,True,True,True,True,False,False,False,False,False,outside_T,outside_T,gate_excluded,dataset_group_blank;join_status:ambiguous,excluded:dataset_group_blank;join_status:ambiguous;selection:default_gate_blocked;type4:model_issue_missing_required;active_time:log;m_guard:type4_excluded,tim_row_audit_v2_1,tim_mapping_spec_v2_1
477,43,3,,False,dataset_group_blank;join_status:ambiguous,False,default_gate_blocked,blocked_before_selection,False,True,True,False,False,False,False,False,False,False,outside_T,outside_T,gate_excluded,dataset_group_blank;join_status:ambiguous,excluded:dataset_group_blank;join_status:ambiguous;selection:default_gate_blocked;active_time:log,tim_row_audit_v2_1,tim_mapping_spec_v2_1
477,78,4,,False,dataset_group_blank;join_status:ambiguous,False,default_gate_blocked,blocked_before_selection,False,True,True,False,False,False,False,False,False,False,outside_T,outside_T,gate_excluded,dataset_group_blank;join_status:ambiguous,excluded:dataset_group_blank;join_status:ambiguous;selection:default_gate_blocked;active_time:log,tim_row_audit_v2_1,tim_mapping_spec_v2_1
478,97,1,Validation_semi,True,passed,True,selected_by_manifest,selection_manifest,True,True,True,True,True,True,True,True,True,False,I,I,i_tier_type4_guarded,m_guard:type4_excluded;type4:difficulty_conflict;meta_guard:difficulty_conflict_trivial;active_time:lead_time_fallback,passed_default_gate;selection:selected_by_manifest;type4:difficulty_conflict;meta_guard:difficulty_conflict_trivial;active_time:lead_time_fallback;m_guard:type4_excluded,tim_row_audit_v2_1,tim_mapping_spec_v2_1
479,33,2,SemiAuto_Test,True,passed,True,selected_by_manifest,selection_manifest,True,True,False,True,True,True,False,True,True,False,I,I,i_tier_in_scope_layout_filtered,layout:scope_missing;type4:scope_missing;difficulty_missing;model_issue_missing_required;meta_guard:difficulty_empty,passed_default_gate;selection:selected_by_manifest;type4:scope_missing;difficulty_missing;model_issue_missing_required;meta_guard:difficulty_empty;active_time:log;layout:scope_missing,tim_row_audit_v2_1,tim_mapping_spec_v2_1
479,44,3,SemiAuto_Test,True,passed,True,selected_by_manifest,selection_manifest,True,True,True,True,True,True,False,True,True,False,I,I,i_tier_type4_guarded,m_guard:type4_excluded;type4:difficulty_missing;model_issue_missing_required;meta_guard:difficulty_empty,passed_default_gate;selection:selected_by_manifest;type4:difficulty_missing;model_issue_missing_required;meta_guard:difficulty_empty;active_time:log;m_guard:type4_excluded,tim_row_audit_v2_1,tim_mapping_spec_v2_1
479,79,4,SemiAuto_Test,True,passed,True,selected_by_manifest,selection_manifest,True,True,False,False,False,False,False,True,True,False,I,I,i_tier_in_scope_layout_filtered,layout:low_coverage,passed_default_gate;selection:selected_by_manifest;active_time:log;layout:low_coverage,tim_row_audit_v2_1,tim_mapping_spec_v2_1
480,34,2,SemiAuto_Test,True,passed,True,selected_by_manifest,selection_manifest,True,True,False,True,True,True,False,True,True,False,I,I,i_tier_in_scope_layout_filtered,layout:scope_missing;type4:scope_missing;difficulty_missing;model_issue_missing_required;meta_guard:difficulty_empty,passed_default_gate;selection:selected_by_manifest;type4:scope_missing;difficulty_missing;model_issue_missing_required;meta_guard:difficulty_empty;active_time:log;layout:scope_missing,tim_row_audit_v2_1,tim_mapping_spec_v2_1
480,45,3,SemiAuto_Test,True,passed,True,selected_by_manifest,selection_manifest,True,True,True,True,True,True,False,True,True,False,I,I,i_tier_type4_guarded,m_guard:type4_excluded;type4:difficulty_missing;meta_guard:difficulty_empty,passed_default_gate;selection:selected_by_manifest;type4:difficulty_missing;meta_guard:difficulty_empty;active_time:log;m_guard:type4_excluded,tim_row_audit_v2_1,tim_mapping_spec_v2_1
480,80,4,SemiAuto_Test,True,passed,True,selected_by_manifest,selection_manifest,True,True,True,False,False,False,False,True,True,True,M,M,m_tier_layout_usable_clean,none,passed_default_gate;selection:selected_by_manifest;active_time:log,tim_row_audit_v2_1,tim_mapping_spec_v2_1
481,98,1,,False,dataset_group_blank;join_status:unmatched,False,default_gate_blocked,blocked_before_selection,False,True,True,False,False,False,True,False,False,False,outside_T,outside_T,gate_excluded,dataset_group_blank;join_status:unmatched,excluded:dataset_group_blank;join_status:unmatched;selection:default_gate_blocked;active_time:lead_time_fallback,tim_row_audit_v2_1,tim_mapping_spec_v2_1
482,99,1,,False,dataset_group_blank;join_status:unmatched,False,default_gate_blocked,blocked_before_selection,False,False,False,False,False,False,True,False,False,False,outside_T,outside_T,gate_excluded,dataset_group_blank;join_status:unmatched,excluded:dataset_group_blank;join_status:unmatched;selection:default_gate_blocked;active_time:lead_time_fallback;scope:oos,tim_row_audit_v2_1,tim_mapping_spec_v2_1
483,100,1,,False,dataset_group_blank;join_status:unmatched,False,default_gate_blocked,blocked_before_selection,False,True,True,True,True,True,True,False,False,False,outside_T,outside_T,gate_excluded,dataset_group_blank;join_status:unmatched,excluded:dataset_group_blank;join_status:unmatched;selection:default_gate_blocked;type4:difficulty_conflict;meta_guard:difficulty_conflict_trivial;active_time:lead_time_fallback;m_guard:type4_excluded,tim_row_audit_v2_1,tim_mapping_spec_v2_1
484,101,1,Validation_semi,True,passed,True,selected_by_manifest,selection_manifest,True,True,True,True,True,True,True,True,True,False,I,I,i_tier_type4_guarded,m_guard:type4_excluded;type4:difficulty_conflict;meta_guard:difficulty_conflict_trivial;active_time:lead_time_fallback,passed_default_gate;selection:selected_by_manifest;type4:difficulty_conflict;meta_guard:difficulty_conflict_trivial;active_time:lead_time_fallback;m_guard:type4_excluded,tim_row_audit_v2_1,tim_mapping_spec_v2_1
485,102,1,SemiAuto_Test,True,passed,True,selected_by_manifest,selection_manifest,True,True,True,False,False,False,True,True,True,True,M,M,m_tier_layout_usable_clean,active_time:lead_time_fallback,passed_default_gate;selection:selected_by_manifest;active_time:lead_time_fallback,tim_row_audit_v2_1,tim_mapping_spec_v2_1
486,103,1,,False,dataset_group_blank;join_status:ambiguous,False,default_gate_blocked,blocked_before_selection,False,True,True,True,True,True,True,False,False,False,outside_T,outside_T,gate_excluded,dataset_group_blank;join_status:ambiguous,excluded:dataset_group_blank;join_status:ambiguous;selection:default_gate_blocked;type4:difficulty_conflict;meta_guard:difficulty_conflict_trivial;active_time:lead_time_fallback;m_guard:type4_excluded,tim_row_audit_v2_1,tim_mapping_spec_v2_1
487,104,1,Gold_manual,True,passed,True,selected_by_manifest,selection_manifest,True,True,True,True,True,True,True,True,True,False,I,I,i_tier_type4_guarded,m_guard:type4_excluded;type4:difficulty_conflict;meta_guard:difficulty_conflict_trivial;active_time:lead_time_fallback,passed_default_gate;selection:selected_by_manifest;type4:difficulty_conflict;meta_guard:difficulty_conflict_trivial;active_time:lead_time_fallback;m_guard:type4_excluded,tim_row_audit_v2_1,tim_mapping_spec_v2_1
488,105,1,,False,dataset_group_blank;join_status:unmatched,False,default_gate_blocked,blocked_before_selection,False,True,True,True,True,True,True,False,False,False,outside_T,outside_T,gate_excluded,dataset_group_blank;join_status:unmatched,excluded:dataset_group_blank;join_status:unmatched;selection:default_gate_blocked;type4:difficulty_conflict;meta_guard:difficulty_conflict_trivial;active_time:lead_time_fallback;m_guard:type4_excluded,tim_row_audit_v2_1,tim_mapping_spec_v2_1
489,106,1,Gold_manual,True,passed,True,selected_by_manifest,selection_manifest,True,True,True,False,False,False,True,True,True,True,M,M,m_tier_layout_usable_clean,active_time:lead_time_fallback,passed_default_gate;selection:selected_by_manifest;active_time:lead_time_fallback,tim_row_audit_v2_1,tim_mapping_spec_v2_1
490,107,1,PreScreen_manual,True,passed,True,selected_by_manifest,selection_manifest,True,True,True,False,False,False,True,True,True,True,M,M,m_tier_layout_usable_clean,active_time:lead_time_fallback,passed_default_gate;selection:selected_by_manifest;active_time:lead_time_fallback,tim_row_audit_v2_1,tim_mapping_spec_v2_1
491,35,2,PreScreen_semi,True,passed,True,selected_by_manifest,selection_manifest,True,True,False,True,True,True,False,True,True,False,I,I,i_tier_in_scope_layout_filtered,layout:scope_missing;type4:scope_missing;difficulty_missing;model_issue_missing_required;meta_guard:difficulty_empty,passed_default_gate;selection:selected_by_manifest;type4:scope_missing;difficulty_missing;model_issue_missing_required;meta_guard:difficulty_empty;active_time:log;layout:scope_missing,tim_row_audit_v2_1,tim_mapping_spec_v2_1
491,46,3,PreScreen_semi,True,passed,True,selected_by_manifest,selection_manifest,True,True,True,False,False,False,False,True,True,True,M,M,m_tier_layout_usable_clean,none,passed_default_gate;selection:selected_by_manifest;active_time:log,tim_row_audit_v2_1,tim_mapping_spec_v2_1
491,81,4,PreScreen_semi,True,passed,True,selected_by_manifest,selection_manifest,True,True,True,True,True,True,False,True,True,False,I,I,i_tier_type4_guarded,m_guard:type4_excluded;type4:difficulty_conflict;meta_guard:difficulty_conflict_trivial,passed_default_gate;selection:selected_by_manifest;type4:difficulty_conflict;meta_guard:difficulty_conflict_trivial;active_time:log;m_guard:type4_excluded,tim_row_audit_v2_1,tim_mapping_spec_v2_1
492,36,2,SemiAuto_Test,True,passed,True,selected_by_manifest,selection_manifest,True,True,False,True,True,True,False,True,True,False,I,I,i_tier_in_scope_layout_filtered,layout:scope_missing;type4:scope_missing;difficulty_missing;model_issue_missing_required;meta_guard:difficulty_empty,passed_default_gate;selection:selected_by_manifest;type4:scope_missing;difficulty_missing;model_issue_missing_required;meta_guard:difficulty_empty;active_time:log;layout:scope_missing,tim_row_audit_v2_1,tim_mapping_spec_v2_1
492,47,3,SemiAuto_Test,True,passed,True,selected_by_manifest,selection_manifest,True,True,True,True,True,True,False,True,True,False,I,I,i_tier_type4_guarded,m_guard:type4_excluded;type4:difficulty_missing;meta_guard:difficulty_empty,passed_default_gate;selection:selected_by_manifest;type4:difficulty_missing;meta_guard:difficulty_empty;active_time:log;m_guard:type4_excluded,tim_row_audit_v2_1,tim_mapping_spec_v2_1
492,82,4,SemiAuto_Test,True,passed,True,selected_by_manifest,selection_manifest,True,True,True,True,True,True,False,True,True,False,I,I,i_tier_type4_guarded,m_guard:type4_excluded;type4:difficulty_conflict;meta_guard:difficulty_conflict_trivial,passed_default_gate;selection:selected_by_manifest;type4:difficulty_conflict;meta_guard:difficulty_conflict_trivial;active_time:log;m_guard:type4_excluded,tim_row_audit_v2_1,tim_mapping_spec_v2_1
493,37,2,PreScreen_semi,True,passed,True,selected_by_manifest,selection_manifest,True,False,False,True,True,True,False,True,False,False,T,T,t_tier_scope_filtered,scope:missing;type4:scope_missing;difficulty_missing;model_issue_missing_required;meta_guard:difficulty_empty,passed_default_gate;selection:selected_by_manifest;type4:scope_missing;difficulty_missing;model_issue_missing_required;meta_guard:difficulty_empty;active_time:log;scope:missing,tim_row_audit_v2_1,tim_mapping_spec_v2_1
493,48,3,PreScreen_semi,True,passed,True,selected_by_manifest,selection_manifest,True,True,True,False,False,False,False,True,True,True,M,M,m_tier_layout_usable_clean,none,passed_default_gate;selection:selected_by_manifest;active_time:log,tim_row_audit_v2_1,tim_mapping_spec_v2_1
494,38,2,PreScreen_manual,True,passed,True,selected_by_manifest,selection_manifest,True,True,False,True,True,True,False,True,True,False,I,I,i_tier_in_scope_layout_filtered,layout:scope_missing;type4:scope_missing;difficulty_missing;model_issue_missing_required;meta_guard:difficulty_empty,passed_default_gate;selection:selected_by_manifest;type4:scope_missing;difficulty_missing;model_issue_missing_required;meta_guard:difficulty_empty;active_time:log;layout:scope_missing,tim_row_audit_v2_1,tim_mapping_spec_v2_1
494,49,3,PreScreen_manual,True,passed,True,selected_by_manifest,selection_manifest,True,True,True,False,False,False,False,True,True,True,M,M,m_tier_layout_usable_clean,none,passed_default_gate;selection:selected_by_manifest;active_time:log,tim_row_audit_v2_1,tim_mapping_spec_v2_1
495,39,2,Calibration_semi,True,passed,True,selected_by_manifest,selection_manifest,True,False,False,True,True,True,False,True,False,False,T,T,t_tier_scope_filtered,scope:oos;type4:scope_missing;difficulty_missing;model_issue_missing_required;meta_guard:difficulty_empty,passed_default_gate;selection:selected_by_manifest;type4:scope_missing;difficulty_missing;model_issue_missing_required;meta_guard:difficulty_empty;active_time:log;scope:oos,tim_row_audit_v2_1,tim_mapping_spec_v2_1
495,50,3,Calibration_semi,True,passed,True,selected_by_manifest,selection_manifest,True,False,False,False,False,False,False,True,False,False,T,T,t_tier_scope_filtered,scope:oos,passed_default_gate;selection:selected_by_manifest;active_time:log;scope:oos,tim_row_audit_v2_1,tim_mapping_spec_v2_1
496,51,3,Gold_manual,True,passed,True,selected_by_manifest,selection_manifest,True,False,False,True,True,True,False,True,False,False,T,T,t_tier_scope_filtered,scope:oos;type4:difficulty_missing;meta_guard:difficulty_empty,passed_default_gate;selection:selected_by_manifest;type4:difficulty_missing;meta_guard:difficulty_empty;active_time:log;scope:oos,tim_row_audit_v2_1,tim_mapping_spec_v2_1
496,63,2,Gold_manual,True,passed,True,selected_by_manifest,selection_manifest,True,False,False,False,False,False,False,True,False,False,T,T,t_tier_scope_filtered,scope:oos,passed_default_gate;selection:selected_by_manifest;active_time:log;scope:oos,tim_row_audit_v2_1,tim_mapping_spec_v2_1
497,52,3,,False,dataset_group_blank;join_status:unmatched,False,default_gate_blocked,blocked_before_selection,False,True,True,True,True,False,False,False,False,False,outside_T,outside_T,gate_excluded,dataset_group_blank;join_status:unmatched,excluded:dataset_group_blank;join_status:unmatched;selection:default_gate_blocked;type4:model_issue_missing_required;active_time:log;m_guard:type4_excluded,tim_row_audit_v2_1,tim_mapping_spec_v2_1
497,64,2,,False,dataset_group_blank;join_status:unmatched,False,default_gate_blocked,blocked_before_selection,False,True,True,False,False,False,False,False,False,False,outside_T,outside_T,gate_excluded,dataset_group_blank;join_status:unmatched,excluded:dataset_group_blank;join_status:unmatched;selection:default_gate_blocked;active_time:log,tim_row_audit_v2_1,tim_mapping_spec_v2_1
498,53,3,,False,dataset_group_blank;join_status:unmatched,False,default_gate_blocked,blocked_before_selection,False,False,False,True,True,True,False,False,False,False,outside_T,outside_T,gate_excluded,dataset_group_blank;join_status:unmatched,excluded:dataset_group_blank;join_status:unmatched;selection:default_gate_blocked;type4:difficulty_missing;meta_guard:difficulty_empty;active_time:log;scope:oos,tim_row_audit_v2_1,tim_mapping_spec_v2_1
498,65,2,,False,dataset_group_blank;join_status:unmatched,False,default_gate_blocked,blocked_before_selection,False,False,False,False,False,False,False,False,False,False,outside_T,outside_T,gate_excluded,dataset_group_blank;join_status:unmatched,excluded:dataset_group_blank;join_status:unmatched;selection:default_gate_blocked;active_time:log;scope:oos,tim_row_audit_v2_1,tim_mapping_spec_v2_1
498,87,4,,False,dataset_group_blank;join_status:unmatched,False,default_gate_blocked,blocked_before_selection,False,True,True,False,False,False,False,False,False,False,outside_T,outside_T,gate_excluded,dataset_group_blank;join_status:unmatched,excluded:dataset_group_blank;join_status:unmatched;selection:default_gate_blocked;active_time:log,tim_row_audit_v2_1,tim_mapping_spec_v2_1
499,54,3,Calibration_semi,True,passed,True,selected_by_manifest,selection_manifest,True,True,True,False,False,False,False,True,True,True,M,M,m_tier_layout_usable_clean,none,passed_default_gate;selection:selected_by_manifest;active_time:log,tim_row_audit_v2_1,tim_mapping_spec_v2_1
499,66,2,Calibration_semi,True,passed,True,selected_by_manifest,selection_manifest,True,True,True,True,True,True,False,True,True,False,I,I,i_tier_type4_guarded,m_guard:type4_excluded;type4:difficulty_missing;meta_guard:difficulty_empty,passed_default_gate;selection:selected_by_manifest;type4:difficulty_missing;meta_guard:difficulty_empty;active_time:log;m_guard:type4_excluded,tim_row_audit_v2_1,tim_mapping_spec_v2_1
499,83,4,Calibration_semi,True,passed,True,selected_by_manifest,selection_manifest,True,True,True,False,False,False,False,True,True,True,M,M,m_tier_layout_usable_clean,none,passed_default_gate;selection:selected_by_manifest;active_time:log,tim_row_audit_v2_1,tim_mapping_spec_v2_1
500,55,3,,False,dataset_group_blank;join_status:ambiguous,False,default_gate_blocked,blocked_before_selection,False,True,True,False,False,False,False,False,False,False,outside_T,outside_T,gate_excluded,dataset_group_blank;join_status:ambiguous,excluded:dataset_group_blank;join_status:ambiguous;selection:default_gate_blocked;active_time:log,tim_row_audit_v2_1,tim_mapping_spec_v2_1
500,67,2,,False,dataset_group_blank;join_status:ambiguous,False,default_gate_blocked,blocked_before_selection,False,True,True,False,False,False,False,False,False,False,outside_T,outside_T,gate_excluded,dataset_group_blank;join_status:ambiguous,excluded:dataset_group_blank;join_status:ambiguous;selection:default_gate_blocked;active_time:log,tim_row_audit_v2_1,tim_mapping_spec_v2_1
500,84,4,,False,dataset_group_blank;join_status:ambiguous,False,default_gate_blocked,blocked_before_selection,False,False,False,False,False,False,False,False,False,False,outside_T,outside_T,gate_excluded,dataset_group_blank;join_status:ambiguous,excluded:dataset_group_blank;join_status:ambiguous;selection:default_gate_blocked;active_time:log;scope:oos,tim_row_audit_v2_1,tim_mapping_spec_v2_1
501,56,3,Validation_semi,True,passed,True,selected_by_manifest,selection_manifest,True,True,True,True,True,True,False,True,True,False,I,I,i_tier_type4_guarded,m_guard:type4_excluded;type4:difficulty_missing;model_issue_missing_required;meta_guard:difficulty_empty,passed_default_gate;selection:selected_by_manifest;type4:difficulty_missing;model_issue_missing_required;meta_guard:difficulty_empty;active_time:log;m_guard:type4_excluded,tim_row_audit_v2_1,tim_mapping_spec_v2_1
501,68,2,Validation_semi,True,passed,True,selected_by_manifest,selection_manifest,True,True,True,True,True,True,False,True,True,False,I,I,i_tier_type4_guarded,m_guard:type4_excluded;type4:difficulty_missing;model_issue_missing_required;meta_guard:difficulty_empty,passed_default_gate;selection:selected_by_manifest;type4:difficulty_missing;model_issue_missing_required;meta_guard:difficulty_empty;active_time:log;m_guard:type4_excluded,tim_row_audit_v2_1,tim_mapping_spec_v2_1
501,85,4,Validation_semi,True,passed,True,selected_by_manifest,selection_manifest,True,False,False,False,False,False,False,True,False,False,T,T,t_tier_scope_filtered,scope:oos,passed_default_gate;selection:selected_by_manifest;active_time:log;scope:oos,tim_row_audit_v2_1,tim_mapping_spec_v2_1
502,57,3,Validation_semi,True,passed,True,selected_by_manifest,selection_manifest,True,True,True,True,True,True,False,True,True,False,I,I,i_tier_type4_guarded,m_guard:type4_excluded;type4:difficulty_missing;model_issue_missing_required;meta_guard:difficulty_empty,passed_default_gate;selection:selected_by_manifest;type4:difficulty_missing;model_issue_missing_required;meta_guard:difficulty_empty;active_time:log;m_guard:type4_excluded,tim_row_audit_v2_1,tim_mapping_spec_v2_1
502,69,2,Validation_semi,True,passed,True,selected_by_manifest,selection_manifest,True,True,True,True,True,False,False,True,True,False,I,I,i_tier_type4_guarded,m_guard:type4_excluded;type4:model_issue_missing_required,passed_default_gate;selection:selected_by_manifest;type4:model_issue_missing_required;active_time:log;m_guard:type4_excluded,tim_row_audit_v2_1,tim_mapping_spec_v2_1
502,86,4,Validation_semi,True,passed,True,selected_by_manifest,selection_manifest,True,True,True,False,False,False,False,True,True,True,M,M,m_tier_layout_usable_clean,none,passed_default_gate;selection:selected_by_manifest;active_time:log,tim_row_audit_v2_1,tim_mapping_spec_v2_1
503,58,3,Validation_semi,True,passed,True,selected_by_manifest,selection_manifest,True,True,True,False,False,False,False,True,True,True,M,M,m_tier_layout_usable_clean,none,passed_default_gate;selection:selected_by_manifest;active_time:log,tim_row_audit_v2_1,tim_mapping_spec_v2_1
503,70,2,Validation_semi,True,passed,True,selected_by_manifest,selection_manifest,True,True,True,False,False,False,False,True,True,True,M,M,m_tier_layout_usable_clean,none,passed_default_gate;selection:selected_by_manifest;active_time:log,tim_row_audit_v2_1,tim_mapping_spec_v2_1
504,59,3,,False,dataset_group_blank;join_status:unmatched,False,default_gate_blocked,blocked_before_selection,False,True,True,True,True,True,False,False,False,False,outside_T,outside_T,gate_excluded,dataset_group_blank;join_status:unmatched,excluded:dataset_group_blank;join_status:unmatched;selection:default_gate_blocked;type4:difficulty_missing;meta_guard:difficulty_empty;active_time:log;m_guard:type4_excluded,tim_row_audit_v2_1,tim_mapping_spec_v2_1
504,71,2,,False,dataset_group_blank;join_status:unmatched,False,default_gate_blocked,blocked_before_selection,False,True,True,False,False,False,False,False,False,False,outside_T,outside_T,gate_excluded,dataset_group_blank;join_status:unmatched,excluded:dataset_group_blank;join_status:unmatched;selection:default_gate_blocked;active_time:log,tim_row_audit_v2_1,tim_mapping_spec_v2_1
505,60,3,PreScreen_semi,True,passed,True,selected_by_manifest,selection_manifest,True,True,True,False,False,False,False,True,True,True,M,M,m_tier_layout_usable_clean,none,passed_default_gate;selection:selected_by_manifest;active_time:log,tim_row_audit_v2_1,tim_mapping_spec_v2_1
505,72,2,PreScreen_semi,True,passed,True,selected_by_manifest,selection_manifest,True,True,True,False,False,False,False,True,True,True,M,M,m_tier_layout_usable_clean,none,passed_default_gate;selection:selected_by_manifest;active_time:log,tim_row_audit_v2_1,tim_mapping_spec_v2_1
506,61,3,SemiAuto_Test,True,passed,True,selected_by_manifest,selection_manifest,True,True,True,True,True,False,False,True,True,False,I,I,i_tier_type4_guarded,m_guard:type4_excluded;type4:model_issue_missing_required,passed_default_gate;selection:selected_by_manifest;type4:model_issue_missing_required;active_time:log;m_guard:type4_excluded,tim_row_audit_v2_1,tim_mapping_spec_v2_1
506,73,2,SemiAuto_Test,True,passed,True,selected_by_manifest,selection_manifest,True,True,True,False,False,False,False,True,True,True,M,M,m_tier_layout_usable_clean,none,passed_default_gate;selection:selected_by_manifest;active_time:log,tim_row_audit_v2_1,tim_mapping_spec_v2_1
507,108,1,,False,dataset_group_blank;join_status:ambiguous,False,default_gate_blocked,blocked_before_selection,False,True,True,False,False,False,True,False,False,False,outside_T,outside_T,gate_excluded,dataset_group_blank;join_status:ambiguous,excluded:dataset_group_blank;join_status:ambiguous;selection:default_gate_blocked;active_time:lead_time_fallback,tim_row_audit_v2_1,tim_mapping_spec_v2_1
508,62,3,,False,dataset_group_blank;join_status:ambiguous,False,default_gate_blocked,blocked_before_selection,False,True,True,True,True,True,False,False,False,False,outside_T,outside_T,gate_excluded,dataset_group_blank;join_status:ambiguous,excluded:dataset_group_blank;join_status:ambiguous;selection:default_gate_blocked;type4:difficulty_missing;model_issue_missing_required;meta_guard:difficulty_empty;active_time:log;m_guard:type4_excluded,tim_row_audit_v2_1,tim_mapping_spec_v2_1
508,74,2,,False,dataset_group_blank;join_status:ambiguous,False,default_gate_blocked,blocked_before_selection,False,True,True,False,False,False,False,False,False,False,outside_T,outside_T,gate_excluded,dataset_group_blank;join_status:ambiguous,excluded:dataset_group_blank;join_status:ambiguous;selection:default_gate_blocked;active_time:log,tim_row_audit_v2_1,tim_mapping_spec_v2_1
509,109,1,SemiAuto_Test,True,passed,True,selected_by_manifest,selection_manifest,True,False,False,False,False,False,True,True,False,False,T,T,t_tier_scope_filtered,scope:oos;active_time:lead_time_fallback,passed_default_gate;selection:selected_by_manifest;active_time:lead_time_fallback;scope:oos,tim_row_audit_v2_1,tim_mapping_spec_v2_1
510,110,1,Gold_manual,True,passed,True,selected_by_manifest,selection_manifest,True,False,False,False,False,False,True,True,False,False,T,T,t_tier_scope_filtered,scope:oos;active_time:lead_time_fallback,passed_default_gate;selection:selected_by_manifest;active_time:lead_time_fallback;scope:oos,tim_row_audit_v2_1,tim_mapping_spec_v2_1
511,111,1,,False,dataset_group_blank;join_status:ambiguous,False,default_gate_blocked,blocked_before_selection,False,False,False,False,False,False,True,False,False,False,outside_T,outside_T,gate_excluded,dataset_group_blank;join_status:ambiguous,excluded:dataset_group_blank;join_status:ambiguous;selection:default_gate_blocked;active_time:lead_time_fallback;scope:oos,tim_row_audit_v2_1,tim_mapping_spec_v2_1
512,112,1,,False,dataset_group_blank;join_status:unmatched,False,default_gate_blocked,blocked_before_selection,False,True,True,True,True,True,True,False,False,False,outside_T,outside_T,gate_excluded,dataset_group_blank;join_status:unmatched,excluded:dataset_group_blank;join_status:unmatched;selection:default_gate_blocked;type4:difficulty_conflict;meta_guard:difficulty_conflict_trivial;active_time:lead_time_fallback;m_guard:type4_excluded,tim_row_audit_v2_1,tim_mapping_spec_v2_1
513,113,1,SemiAuto_Test,True,passed,True,selected_by_manifest,selection_manifest,True,True,True,False,False,False,True,True,True,True,M,M,m_tier_layout_usable_clean,active_time:lead_time_fallback,passed_default_gate;selection:selected_by_manifest;active_time:lead_time_fallback,tim_row_audit_v2_1,tim_mapping_spec_v2_1
514,114,1,,False,dataset_group_blank;join_status:ambiguous,False,default_gate_blocked,blocked_before_selection,False,False,False,False,False,False,True,False,False,False,outside_T,outside_T,gate_excluded,dataset_group_blank;join_status:ambiguous,excluded:dataset_group_blank;join_status:ambiguous;selection:default_gate_blocked;active_time:lead_time_fallback;scope:oos,tim_row_audit_v2_1,tim_mapping_spec_v2_1
515,115,1,Validation_semi,True,passed,True,selected_by_manifest,selection_manifest,True,True,True,False,False,False,True,True,True,True,M,M,m_tier_layout_usable_clean,active_time:lead_time_fallback,passed_default_gate;selection:selected_by_manifest;active_time:lead_time_fallback,tim_row_audit_v2_1,tim_mapping_spec_v2_1
516,116,1,Pilot,True,passed,True,selected_by_manifest,selection_manifest,True,True,True,False,False,False,True,True,True,True,M,M,m_tier_layout_usable_clean,active_time:lead_time_fallback,passed_default_gate;selection:selected_by_manifest;active_time:lead_time_fallback,tim_row_audit_v2_1,tim_mapping_spec_v2_1
517,117,1,Pilot,True,passed,True,selected_by_manifest,selection_manifest,True,False,False,False,False,False,True,True,False,False,T,T,t_tier_scope_filtered,scope:oos;active_time:lead_time_fallback,passed_default_gate;selection:selected_by_manifest;active_time:lead_time_fallback;scope:oos,tim_row_audit_v2_1,tim_mapping_spec_v2_1
518,118,1,,False,dataset_group_blank;join_status:ambiguous,False,default_gate_blocked,blocked_before_selection,False,False,False,False,False,False,True,False,False,False,outside_T,outside_T,gate_excluded,dataset_group_blank;join_status:ambiguous,excluded:dataset_group_blank;join_status:ambiguous;selection:default_gate_blocked;active_time:lead_time_fallback;scope:oos,tim_row_audit_v2_1,tim_mapping_spec_v2_1
519,119,1,Validation_semi,True,passed,True,selected_by_manifest,selection_manifest,True,False,False,False,False,False,True,True,False,False,T,T,t_tier_scope_filtered,scope:oos;active_time:lead_time_fallback,passed_default_gate;selection:selected_by_manifest;active_time:lead_time_fallback;scope:oos,tim_row_audit_v2_1,tim_mapping_spec_v2_1
520,120,1,SemiAuto_Test,True,passed,True,selected_by_manifest,selection_manifest,True,True,True,False,False,False,True,True,True,True,M,M,m_tier_layout_usable_clean,active_time:lead_time_fallback,passed_default_gate;selection:selected_by_manifest;active_time:lead_time_fallback,tim_row_audit_v2_1,tim_mapping_spec_v2_1
521,121,1,,False,dataset_group_blank;join_status:unmatched,False,default_gate_blocked,blocked_before_selection,False,True,True,False,False,False,True,False,False,False,outside_T,outside_T,gate_excluded,dataset_group_blank;join_status:unmatched,excluded:dataset_group_blank;join_status:unmatched;selection:default_gate_blocked;active_time:lead_time_fallback,tim_row_audit_v2_1,tim_mapping_spec_v2_1
522,122,1,Validation_semi,True,passed,True,selected_by_manifest,selection_manifest,True,True,True,False,False,False,True,True,True,True,M,M,m_tier_layout_usable_clean,active_time:lead_time_fallback,passed_default_gate;selection:selected_by_manifest;active_time:lead_time_fallback,tim_row_audit_v2_1,tim_mapping_spec_v2_1
523,123,1,,False,dataset_group_blank;join_status:ambiguous,False,default_gate_blocked,blocked_before_selection,False,True,True,False,False,False,True,False,False,False,outside_T,outside_T,gate_excluded,dataset_group_blank;join_status:ambiguous,excluded:dataset_group_blank;join_status:ambiguous;selection:default_gate_blocked;active_time:lead_time_fallback,tim_row_audit_v2_1,tim_mapping_spec_v2_1
524,124,1,,False,dataset_group_blank;join_status:unmatched,False,default_gate_blocked,blocked_before_selection,False,True,True,False,False,False,True,False,False,False,outside_T,outside_T,gate_excluded,dataset_group_blank;join_status:unmatched,excluded:dataset_group_blank;join_status:unmatched;selection:default_gate_blocked;active_time:lead_time_fallback,tim_row_audit_v2_1,tim_mapping_spec_v2_1
525,125,1,,False,dataset_group_blank;join_status:ambiguous,False,default_gate_blocked,blocked_before_selection,False,True,True,False,False,False,True,False,False,False,outside_T,outside_T,gate_excluded,dataset_group_blank;join_status:ambiguous,excluded:dataset_group_blank;join_status:ambiguous;selection:default_gate_blocked;active_time:lead_time_fallback,tim_row_audit_v2_1,tim_mapping_spec_v2_1
526,126,1,,False,dataset_group_blank;join_status:ambiguous,False,default_gate_blocked,blocked_before_selection,False,False,False,False,False,False,True,False,False,False,outside_T,outside_T,gate_excluded,dataset_group_blank;join_status:ambiguous,excluded:dataset_group_blank;join_status:ambiguous;selection:default_gate_blocked;active_time:lead_time_fallback;scope:oos,tim_row_audit_v2_1,tim_mapping_spec_v2_1
527,127,1,Calibration_semi,True,passed,True,selected_by_manifest,selection_manifest,True,True,True,False,False,False,True,True,True,True,M,M,m_tier_layout_usable_clean,active_time:lead_time_fallback,passed_default_gate;selection:selected_by_manifest;active_time:lead_time_fallback,tim_row_audit_v2_1,tim_mapping_spec_v2_1
528,128,1,,False,dataset_group_blank;join_status:unmatched,False,default_gate_blocked,blocked_before_selection,False,True,True,False,False,False,True,False,False,False,outside_T,outside_T,gate_excluded,dataset_group_blank;join_status:unmatched,excluded:dataset_group_blank;join_status:unmatched;selection:default_gate_blocked;active_time:lead_time_fallback,tim_row_audit_v2_1,tim_mapping_spec_v2_1
529,129,1,SemiAuto_Test,True,passed,True,selected_by_manifest,selection_manifest,True,False,False,False,False,False,True,True,False,False,T,T,t_tier_scope_filtered,scope:oos;active_time:lead_time_fallback,passed_default_gate;selection:selected_by_manifest;active_time:lead_time_fallback;scope:oos,tim_row_audit_v2_1,tim_mapping_spec_v2_1
530,130,1,SemiAuto_Test,True,passed,True,selected_by_manifest,selection_manifest,True,True,True,False,False,False,True,True,True,True,M,M,m_tier_layout_usable_clean,active_time:lead_time_fallback,passed_default_gate;selection:selected_by_manifest;active_time:lead_time_fallback,tim_row_audit_v2_1,tim_mapping_spec_v2_1
531,131,1,Calibration_semi,True,passed,True,selected_by_manifest,selection_manifest,True,True,True,False,False,False,True,True,True,True,M,M,m_tier_layout_usable_clean,active_time:lead_time_fallback,passed_default_gate;selection:selected_by_manifest;active_time:lead_time_fallback,tim_row_audit_v2_1,tim_mapping_spec_v2_1
532,132,1,Calibration_semi,True,passed,True,selected_by_manifest,selection_manifest,True,True,True,False,False,False,True,True,True,True,M,M,m_tier_layout_usable_clean,active_time:lead_time_fallback,passed_default_gate;selection:selected_by_manifest;active_time:lead_time_fallback,tim_row_audit_v2_1,tim_mapping_spec_v2_1
533,133,1,,False,dataset_group_blank;join_status:ambiguous,False,default_gate_blocked,blocked_before_selection,False,False,False,False,False,False,True,False,False,False,outside_T,outside_T,gate_excluded,dataset_group_blank;join_status:ambiguous,excluded:dataset_group_blank;join_status:ambiguous;selection:default_gate_blocked;active_time:lead_time_fallback;scope:oos,tim_row_audit_v2_1,tim_mapping_spec_v2_1
534,134,1,,False,dataset_group_blank;join_status:ambiguous,False,default_gate_blocked,blocked_before_selection,False,True,True,False,False,False,True,False,False,False,outside_T,outside_T,gate_excluded,dataset_group_blank;join_status:ambiguous,excluded:dataset_group_blank;join_status:ambiguous;selection:default_gate_blocked;active_time:lead_time_fallback,tim_row_audit_v2_1,tim_mapping_spec_v2_1
535,135,1,SemiAuto_Test,True,passed,True,selected_by_manifest,selection_manifest,True,True,True,False,False,False,True,True,True,True,M,M,m_tier_layout_usable_clean,active_time:lead_time_fallback,passed_default_gate;selection:selected_by_manifest;active_time:lead_time_fallback,tim_row_audit_v2_1,tim_mapping_spec_v2_1
536,136,1,Validation_semi,True,passed,True,selected_by_manifest,selection_manifest,True,True,True,False,False,False,True,True,True,True,M,M,m_tier_layout_usable_clean,active_time:lead_time_fallback,passed_default_gate;selection:selected_by_manifest;active_time:lead_time_fallback,tim_row_audit_v2_1,tim_mapping_spec_v2_1
537,137,1,,False,dataset_group_blank;join_status:ambiguous,False,default_gate_blocked,blocked_before_selection,False,True,True,False,False,False,True,False,False,False,outside_T,outside_T,gate_excluded,dataset_group_blank;join_status:ambiguous,excluded:dataset_group_blank;join_status:ambiguous;selection:default_gate_blocked;active_time:lead_time_fallback,tim_row_audit_v2_1,tim_mapping_spec_v2_1
538,138,1,,False,dataset_group_blank;join_status:unmatched,False,default_gate_blocked,blocked_before_selection,False,True,True,False,False,False,True,False,False,False,outside_T,outside_T,gate_excluded,dataset_group_blank;join_status:unmatched,excluded:dataset_group_blank;join_status:unmatched;selection:default_gate_blocked;active_time:lead_time_fallback,tim_row_audit_v2_1,tim_mapping_spec_v2_1
539,139,1,,False,dataset_group_blank;join_status:ambiguous,False,default_gate_blocked,blocked_before_selection,False,True,True,False,False,False,True,False,False,False,outside_T,outside_T,gate_excluded,dataset_group_blank;join_status:ambiguous,excluded:dataset_group_blank;join_status:ambiguous;selection:default_gate_blocked;active_time:lead_time_fallback,tim_row_audit_v2_1,tim_mapping_spec_v2_1
540,140,1,Calibration_semi,True,passed,True,selected_by_manifest,selection_manifest,True,True,True,False,False,False,True,True,True,True,M,M,m_tier_layout_usable_clean,active_time:lead_time_fallback,passed_default_gate;selection:selected_by_manifest;active_time:lead_time_fallback,tim_row_audit_v2_1,tim_mapping_spec_v2_1
541,141,1,SemiAuto_Test,True,passed,True,selected_by_manifest,selection_manifest,True,True,True,False,False,False,True,True,True,True,M,M,m_tier_layout_usable_clean,active_time:lead_time_fallback,passed_default_gate;selection:selected_by_manifest;active_time:lead_time_fallback,tim_row_audit_v2_1,tim_mapping_spec_v2_1
542,142,1,SemiAuto_Test,True,passed,True,selected_by_manifest,selection_manifest,True,True,True,False,False,False,True,True,True,True,M,M,m_tier_layout_usable_clean,active_time:lead_time_fallback,passed_default_gate;selection:selected_by_manifest;active_time:lead_time_fallback,tim_row_audit_v2_1,tim_mapping_spec_v2_1
543,143,1,SemiAuto_Test,True,passed,True,selected_by_manifest,selection_manifest,True,True,True,False,False,False,True,True,True,True,M,M,m_tier_layout_usable_clean,active_time:lead_time_fallback,passed_default_gate;selection:selected_by_manifest;active_time:lead_time_fallback,tim_row_audit_v2_1,tim_mapping_spec_v2_1
544,144,1,,False,dataset_group_blank;join_status:ambiguous,False,default_gate_blocked,blocked_before_selection,False,True,True,False,False,False,True,False,False,False,outside_T,outside_T,gate_excluded,dataset_group_blank;join_status:ambiguous,excluded:dataset_group_blank;join_status:ambiguous;selection:default_gate_blocked;active_time:lead_time_fallback,tim_row_audit_v2_1,tim_mapping_spec_v2_1
545,145,1,PreScreen_semi,True,passed,True,selected_by_manifest,selection_manifest,True,True,True,False,False,False,True,True,True,True,M,M,m_tier_layout_usable_clean,active_time:lead_time_fallback,passed_default_gate;selection:selected_by_manifest;active_time:lead_time_fallback,tim_row_audit_v2_1,tim_mapping_spec_v2_1
546,146,1,,False,dataset_group_blank;join_status:unmatched,False,default_gate_blocked,blocked_before_selection,False,True,True,False,False,False,True,False,False,False,outside_T,outside_T,gate_excluded,dataset_group_blank;join_status:unmatched,excluded:dataset_group_blank;join_status:unmatched;selection:default_gate_blocked;active_time:lead_time_fallback,tim_row_audit_v2_1,tim_mapping_spec_v2_1
547,147,1,,False,dataset_group_blank;join_status:unmatched,False,default_gate_blocked,blocked_before_selection,False,False,False,False,False,False,True,False,False,False,outside_T,outside_T,gate_excluded,dataset_group_blank;join_status:unmatched,excluded:dataset_group_blank;join_status:unmatched;selection:default_gate_blocked;active_time:lead_time_fallback;scope:oos,tim_row_audit_v2_1,tim_mapping_spec_v2_1
548,148,1,Calibration_semi,True,passed,True,selected_by_manifest,selection_manifest,True,False,False,False,False,False,True,True,False,False,T,T,t_tier_scope_filtered,scope:oos;active_time:lead_time_fallback,passed_default_gate;selection:selected_by_manifest;active_time:lead_time_fallback;scope:oos,tim_row_audit_v2_1,tim_mapping_spec_v2_1
549,149,1,SemiAuto_Test,True,passed,True,selected_by_manifest,selection_manifest,True,True,True,False,False,False,True,True,True,True,M,M,m_tier_layout_usable_clean,active_time:lead_time_fallback,passed_default_gate;selection:selected_by_manifest;active_time:lead_time_fallback,tim_row_audit_v2_1,tim_mapping_spec_v2_1
550,150,1,,False,dataset_group_blank;join_status:ambiguous,False,default_gate_blocked,blocked_before_selection,False,True,True,False,False,False,True,False,False,False,outside_T,outside_T,gate_excluded,dataset_group_blank;join_status:ambiguous,excluded:dataset_group_blank;join_status:ambiguous;selection:default_gate_blocked;active_time:lead_time_fallback,tim_row_audit_v2_1,tim_mapping_spec_v2_1
551,151,1,,False,dataset_group_blank;join_status:unmatched,False,default_gate_blocked,blocked_before_selection,False,True,True,False,False,False,True,False,False,False,outside_T,outside_T,gate_excluded,dataset_group_blank;join_status:unmatched,excluded:dataset_group_blank;join_status:unmatched;selection:default_gate_blocked;active_time:lead_time_fallback,tim_row_audit_v2_1,tim_mapping_spec_v2_1
552,152,1,PreScreen_manual,True,passed,True,selected_by_manifest,selection_manifest,True,True,True,False,False,False,True,True,True,True,M,M,m_tier_layout_usable_clean,active_time:lead_time_fallback,passed_default_gate;selection:selected_by_manifest;active_time:lead_time_fallback,tim_row_audit_v2_1,tim_mapping_spec_v2_1
553,153,1,,False,dataset_group_blank;join_status:ambiguous,False,default_gate_blocked,blocked_before_selection,False,True,True,False,False,False,True,False,False,False,outside_T,outside_T,gate_excluded,dataset_group_blank;join_status:ambiguous,excluded:dataset_group_blank;join_status:ambiguous;selection:default_gate_blocked;active_time:lead_time_fallback,tim_row_audit_v2_1,tim_mapping_spec_v2_1
554,154,1,,False,dataset_group_blank;join_status:unmatched,False,default_gate_blocked,blocked_before_selection,False,True,True,False,False,False,True,False,False,False,outside_T,outside_T,gate_excluded,dataset_group_blank;join_status:unmatched,excluded:dataset_group_blank;join_status:unmatched;selection:default_gate_blocked;active_time:lead_time_fallback,tim_row_audit_v2_1,tim_mapping_spec_v2_1
555,155,1,,False,dataset_group_blank;join_status:ambiguous,False,default_gate_blocked,blocked_before_selection,False,True,True,False,False,False,True,False,False,False,outside_T,outside_T,gate_excluded,dataset_group_blank;join_status:ambiguous,excluded:dataset_group_blank;join_status:ambiguous;selection:default_gate_blocked;active_time:lead_time_fallback,tim_row_audit_v2_1,tim_mapping_spec_v2_1
556,156,1,PreScreen_semi,True,passed,True,selected_by_manifest,selection_manifest,True,True,True,False,False,False,True,True,True,True,M,M,m_tier_layout_usable_clean,active_time:lead_time_fallback,passed_default_gate;selection:selected_by_manifest;active_time:lead_time_fallback,tim_row_audit_v2_1,tim_mapping_spec_v2_1
557,157,1,Gold_manual,True,passed,True,selected_by_manifest,selection_manifest,True,True,True,False,False,False,True,True,True,True,M,M,m_tier_layout_usable_clean,active_time:lead_time_fallback,passed_default_gate;selection:selected_by_manifest;active_time:lead_time_fallback,tim_row_audit_v2_1,tim_mapping_spec_v2_1
558,158,1,,False,dataset_group_blank;join_status:ambiguous,False,default_gate_blocked,blocked_before_selection,False,True,True,False,False,False,True,False,False,False,outside_T,outside_T,gate_excluded,dataset_group_blank;join_status:ambiguous,excluded:dataset_group_blank;join_status:ambiguous;selection:default_gate_blocked;active_time:lead_time_fallback,tim_row_audit_v2_1,tim_mapping_spec_v2_1
561,159,1,Validation_semi,True,passed,True,selected_by_manifest,selection_manifest,True,True,True,False,False,False,True,True,True,True,M,M,m_tier_layout_usable_clean,active_time:lead_time_fallback,passed_default_gate;selection:selected_by_manifest;active_time:lead_time_fallback,tim_row_audit_v2_1,tim_mapping_spec_v2_1
562,160,1,SemiAuto_Test,True,passed,True,selected_by_manifest,selection_manifest,True,True,True,False,False,False,True,True,True,True,M,M,m_tier_layout_usable_clean,active_time:lead_time_fallback,passed_default_gate;selection:selected_by_manifest;active_time:lead_time_fallback,tim_row_audit_v2_1,tim_mapping_spec_v2_1
563,161,1,PreScreen_manual,True,passed,True,selected_by_manifest,selection_manifest,True,True,True,False,False,False,True,True,True,True,M,M,m_tier_layout_usable_clean,active_time:lead_time_fallback,passed_default_gate;selection:selected_by_manifest;active_time:lead_time_fallback,tim_row_audit_v2_1,tim_mapping_spec_v2_1
565,162,1,,False,dataset_group_blank;join_status:unmatched,False,default_gate_blocked,blocked_before_selection,False,True,True,False,False,False,True,False,False,False,outside_T,outside_T,gate_excluded,dataset_group_blank;join_status:unmatched,excluded:dataset_group_blank;join_status:unmatched;selection:default_gate_blocked;active_time:lead_time_fallback,tim_row_audit_v2_1,tim_mapping_spec_v2_1
567,163,1,,False,dataset_group_blank;join_status:ambiguous,False,default_gate_blocked,blocked_before_selection,False,True,True,False,False,False,True,False,False,False,outside_T,outside_T,gate_excluded,dataset_group_blank;join_status:ambiguous,excluded:dataset_group_blank;join_status:ambiguous;selection:default_gate_blocked;active_time:lead_time_fallback,tim_row_audit_v2_1,tim_mapping_spec_v2_1
568,164,1,Calibration_semi,True,passed,True,selected_by_manifest,selection_manifest,True,False,False,False,False,False,True,True,False,False,T,T,t_tier_scope_filtered,scope:oos;active_time:lead_time_fallback,passed_default_gate;selection:selected_by_manifest;active_time:lead_time_fallback;scope:oos,tim_row_audit_v2_1,tim_mapping_spec_v2_1
569,165,1,SemiAuto_Test,True,passed,True,selected_by_manifest,selection_manifest,True,True,True,False,False,False,True,True,True,True,M,M,m_tier_layout_usable_clean,active_time:lead_time_fallback,passed_default_gate;selection:selected_by_manifest;active_time:lead_time_fallback,tim_row_audit_v2_1,tim_mapping_spec_v2_1
570,166,1,Gold_manual,True,passed,True,selected_by_manifest,selection_manifest,True,True,True,False,False,False,True,True,True,True,M,M,m_tier_layout_usable_clean,active_time:lead_time_fallback,passed_default_gate;selection:selected_by_manifest;active_time:lead_time_fallback,tim_row_audit_v2_1,tim_mapping_spec_v2_1
571,167,1,Validation_semi,True,passed,True,selected_by_manifest,selection_manifest,True,True,True,False,False,False,True,True,True,True,M,M,m_tier_layout_usable_clean,active_time:lead_time_fallback,passed_default_gate;selection:selected_by_manifest;active_time:lead_time_fallback,tim_row_audit_v2_1,tim_mapping_spec_v2_1
572,168,1,Validation_semi,True,passed,True,selected_by_manifest,selection_manifest,True,True,True,True,True,True,True,True,True,False,I,I,i_tier_type4_guarded,m_guard:type4_excluded;type4:difficulty_conflict;meta_guard:difficulty_conflict_trivial;active_time:lead_time_fallback,passed_default_gate;selection:selected_by_manifest;type4:difficulty_conflict;meta_guard:difficulty_conflict_trivial;active_time:lead_time_fallback;m_guard:type4_excluded,tim_row_audit_v2_1,tim_mapping_spec_v2_1
573,169,1,SemiAuto_Test,True,passed,True,selected_by_manifest,selection_manifest,True,True,True,False,False,False,True,True,True,True,M,M,m_tier_layout_usable_clean,active_time:lead_time_fallback,passed_default_gate;selection:selected_by_manifest;active_time:lead_time_fallback,tim_row_audit_v2_1,tim_mapping_spec_v2_1
576,170,1,,False,dataset_group_blank;join_status:ambiguous,False,default_gate_blocked,blocked_before_selection,False,True,True,True,True,True,True,False,False,False,outside_T,outside_T,gate_excluded,dataset_group_blank;join_status:ambiguous,excluded:dataset_group_blank;join_status:ambiguous;selection:default_gate_blocked;type4:difficulty_conflict;meta_guard:difficulty_conflict_trivial;active_time:lead_time_fallback;m_guard:type4_excluded,tim_row_audit_v2_1,tim_mapping_spec_v2_1
578,171,1,,False,dataset_group_blank;join_status:unmatched,False,default_gate_blocked,blocked_before_selection,False,True,True,False,False,False,True,False,False,False,outside_T,outside_T,gate_excluded,dataset_group_blank;join_status:unmatched,excluded:dataset_group_blank;join_status:unmatched;selection:default_gate_blocked;active_time:lead_time_fallback,tim_row_audit_v2_1,tim_mapping_spec_v2_1
579,172,1,SemiAuto_Test,True,passed,True,selected_by_manifest,selection_manifest,True,True,True,False,False,False,True,True,True,True,M,M,m_tier_layout_usable_clean,active_time:lead_time_fallback,passed_default_gate;selection:selected_by_manifest;active_time:lead_time_fallback,tim_row_audit_v2_1,tim_mapping_spec_v2_1
581,173,1,PreScreen_semi,True,passed,True,selected_by_manifest,selection_manifest,True,True,True,False,False,False,True,True,True,True,M,M,m_tier_layout_usable_clean,active_time:lead_time_fallback,passed_default_gate;selection:selected_by_manifest;active_time:lead_time_fallback,tim_row_audit_v2_1,tim_mapping_spec_v2_1
583,174,1,SemiAuto_Test,True,passed,True,selected_by_manifest,selection_manifest,True,True,True,False,False,False,True,True,True,True,M,M,m_tier_layout_usable_clean,active_time:lead_time_fallback,passed_default_gate;selection:selected_by_manifest;active_time:lead_time_fallback,tim_row_audit_v2_1,tim_mapping_spec_v2_1
584,175,1,Pilot,True,passed,True,selected_by_manifest,selection_manifest,True,True,True,True,True,True,True,True,True,False,I,I,i_tier_type4_guarded,m_guard:type4_excluded;type4:difficulty_conflict;meta_guard:difficulty_conflict_trivial;active_time:lead_time_fallback,passed_default_gate;selection:selected_by_manifest;type4:difficulty_conflict;meta_guard:difficulty_conflict_trivial;active_time:lead_time_fallback;m_guard:type4_excluded,tim_row_audit_v2_1,tim_mapping_spec_v2_1
585,176,1,PreScreen_semi,True,passed,True,selected_by_manifest,selection_manifest,True,True,True,False,False,False,True,True,True,True,M,M,m_tier_layout_usable_clean,active_time:lead_time_fallback,passed_default_gate;selection:selected_by_manifest;active_time:lead_time_fallback,tim_row_audit_v2_1,tim_mapping_spec_v2_1
586,177,1,PreScreen_manual,True,passed,True,selected_by_manifest,selection_manifest,True,True,True,False,False,False,True,True,True,True,M,M,m_tier_layout_usable_clean,active_time:lead_time_fallback,passed_default_gate;selection:selected_by_manifest;active_time:lead_time_fallback,tim_row_audit_v2_1,tim_mapping_spec_v2_1
589,178,1,,False,dataset_group_blank;join_status:ambiguous,False,default_gate_blocked,blocked_before_selection,False,True,True,False,False,False,True,False,False,False,outside_T,outside_T,gate_excluded,dataset_group_blank;join_status:ambiguous,excluded:dataset_group_blank;join_status:ambiguous;selection:default_gate_blocked;active_time:lead_time_fallback,tim_row_audit_v2_1,tim_mapping_spec_v2_1
590,179,1,Pilot,True,passed,True,selected_by_manifest,selection_manifest,True,True,True,False,False,False,True,True,True,True,M,M,m_tier_layout_usable_clean,active_time:lead_time_fallback,passed_default_gate;selection:selected_by_manifest;active_time:lead_time_fallback,tim_row_audit_v2_1,tim_mapping_spec_v2_1
591,180,1,Validation_semi,True,passed,True,selected_by_manifest,selection_manifest,True,True,True,False,False,False,True,True,True,True,M,M,m_tier_layout_usable_clean,active_time:lead_time_fallback,passed_default_gate;selection:selected_by_manifest;active_time:lead_time_fallback,tim_row_audit_v2_1,tim_mapping_spec_v2_1
592,181,1,,False,dataset_group_blank;join_status:ambiguous,False,default_gate_blocked,blocked_before_selection,False,True,True,True,True,True,True,False,False,False,outside_T,outside_T,gate_excluded,dataset_group_blank;join_status:ambiguous,excluded:dataset_group_blank;join_status:ambiguous;selection:default_gate_blocked;type4:difficulty_conflict;meta_guard:difficulty_conflict_trivial;active_time:lead_time_fallback;m_guard:type4_excluded,tim_row_audit_v2_1,tim_mapping_spec_v2_1
598,182,1,,False,dataset_group_blank;join_status:unmatched,False,default_gate_blocked,blocked_before_selection,False,True,True,True,True,True,True,False,False,False,outside_T,outside_T,gate_excluded,dataset_group_blank;join_status:unmatched,excluded:dataset_group_blank;join_status:unmatched;selection:default_gate_blocked;type4:difficulty_conflict;meta_guard:difficulty_conflict_trivial;active_time:lead_time_fallback;m_guard:type4_excluded,tim_row_audit_v2_1,tim_mapping_spec_v2_1
599,183,1,SemiAuto_Test,True,passed,True,selected_by_manifest,selection_manifest,True,True,True,False,False,False,True,True,True,True,M,M,m_tier_layout_usable_clean,active_time:lead_time_fallback,passed_default_gate;selection:selected_by_manifest;active_time:lead_time_fallback,tim_row_audit_v2_1,tim_mapping_spec_v2_1
601,184,1,SemiAuto_Test,True,passed,True,selected_by_manifest,selection_manifest,True,True,True,False,False,False,True,True,True,True,M,M,m_tier_layout_usable_clean,active_time:lead_time_fallback,passed_default_gate;selection:selected_by_manifest;active_time:lead_time_fallback,tim_row_audit_v2_1,tim_mapping_spec_v2_1
602,185,1,,False,dataset_group_blank;join_status:unmatched,False,default_gate_blocked,blocked_before_selection,False,True,True,False,False,False,True,False,False,False,outside_T,outside_T,gate_excluded,dataset_group_blank;join_status:unmatched,excluded:dataset_group_blank;join_status:unmatched;selection:default_gate_blocked;active_time:lead_time_fallback,tim_row_audit_v2_1,tim_mapping_spec_v2_1
605,186,1,PreScreen_manual,True,passed,True,selected_by_manifest,selection_manifest,True,True,True,False,False,False,True,True,True,True,M,M,m_tier_layout_usable_clean,active_time:lead_time_fallback,passed_default_gate;selection:selected_by_manifest;active_time:lead_time_fallback,tim_row_audit_v2_1,tim_mapping_spec_v2_1
606,187,1,,False,dataset_group_blank;join_status:unmatched,False,default_gate_blocked,blocked_before_selection,False,True,True,False,False,False,True,False,False,False,outside_T,outside_T,gate_excluded,dataset_group_blank;join_status:unmatched,excluded:dataset_group_blank;join_status:unmatched;selection:default_gate_blocked;active_time:lead_time_fallback,tim_row_audit_v2_1,tim_mapping_spec_v2_1
607,188,1,,False,dataset_group_blank;join_status:unmatched,False,default_gate_blocked,blocked_before_selection,False,True,True,False,False,False,True,False,False,False,outside_T,outside_T,gate_excluded,dataset_group_blank;join_status:unmatched,excluded:dataset_group_blank;join_status:unmatched;selection:default_gate_blocked;active_time:lead_time_fallback,tim_row_audit_v2_1,tim_mapping_spec_v2_1
608,189,1,SemiAuto_Test,True,passed,True,selected_by_manifest,selection_manifest,True,True,True,False,False,False,True,True,True,True,M,M,m_tier_layout_usable_clean,active_time:lead_time_fallback,passed_default_gate;selection:selected_by_manifest;active_time:lead_time_fallback,tim_row_audit_v2_1,tim_mapping_spec_v2_1
610,190,1,,False,dataset_group_blank;join_status:unmatched,False,default_gate_blocked,blocked_before_selection,False,True,True,False,False,False,True,False,False,False,outside_T,outside_T,gate_excluded,dataset_group_blank;join_status:unmatched,excluded:dataset_group_blank;join_status:unmatched;selection:default_gate_blocked;active_time:lead_time_fallback,tim_row_audit_v2_1,tim_mapping_spec_v2_1
612,191,1,,False,dataset_group_blank;join_status:ambiguous,False,default_gate_blocked,blocked_before_selection,False,True,True,False,False,False,True,False,False,False,outside_T,outside_T,gate_excluded,dataset_group_blank;join_status:ambiguous,excluded:dataset_group_blank;join_status:ambiguous;selection:default_gate_blocked;active_time:lead_time_fallback,tim_row_audit_v2_1,tim_mapping_spec_v2_1
613,192,1,SemiAuto_Test,True,passed,True,selected_by_manifest,selection_manifest,True,True,True,False,False,False,True,True,True,True,M,M,m_tier_layout_usable_clean,active_time:lead_time_fallback,passed_default_gate;selection:selected_by_manifest;active_time:lead_time_fallback,tim_row_audit_v2_1,tim_mapping_spec_v2_1
615,193,1,Gold_manual,True,passed,True,selected_by_manifest,selection_manifest,True,True,True,False,False,False,True,True,True,True,M,M,m_tier_layout_usable_clean,active_time:lead_time_fallback,passed_default_gate;selection:selected_by_manifest;active_time:lead_time_fallback,tim_row_audit_v2_1,tim_mapping_spec_v2_1
616,194,1,,False,dataset_group_blank;join_status:unmatched,False,default_gate_blocked,blocked_before_selection,False,True,True,False,False,False,True,False,False,False,outside_T,outside_T,gate_excluded,dataset_group_blank;join_status:unmatched,excluded:dataset_group_blank;join_status:unmatched;selection:default_gate_blocked;active_time:lead_time_fallback,tim_row_audit_v2_1,tim_mapping_spec_v2_1
617,195,1,SemiAuto_Test,True,passed,True,selected_by_manifest,selection_manifest,True,True,True,False,False,False,True,True,True,True,M,M,m_tier_layout_usable_clean,active_time:lead_time_fallback,passed_default_gate;selection:selected_by_manifest;active_time:lead_time_fallback,tim_row_audit_v2_1,tim_mapping_spec_v2_1
619,196,1,PreScreen_manual,True,passed,True,selected_by_manifest,selection_manifest,True,True,True,False,False,False,True,True,True,True,M,M,m_tier_layout_usable_clean,active_time:lead_time_fallback,passed_default_gate;selection:selected_by_manifest;active_time:lead_time_fallback,tim_row_audit_v2_1,tim_mapping_spec_v2_1
622,197,1,,False,dataset_group_blank;join_status:unmatched,False,default_gate_blocked,blocked_before_selection,False,True,True,False,False,False,True,False,False,False,outside_T,outside_T,gate_excluded,dataset_group_blank;join_status:unmatched,excluded:dataset_group_blank;join_status:unmatched;selection:default_gate_blocked;active_time:lead_time_fallback,tim_row_audit_v2_1,tim_mapping_spec_v2_1
623,198,1,SemiAuto_Test,True,passed,True,selected_by_manifest,selection_manifest,True,True,True,False,False,False,True,True,True,True,M,M,m_tier_layout_usable_clean,active_time:lead_time_fallback,passed_default_gate;selection:selected_by_manifest;active_time:lead_time_fallback,tim_row_audit_v2_1,tim_mapping_spec_v2_1
624,199,1,Validation_semi,True,passed,True,selected_by_manifest,selection_manifest,True,True,True,False,False,False,True,True,True,True,M,M,m_tier_layout_usable_clean,active_time:lead_time_fallback,passed_default_gate;selection:selected_by_manifest;active_time:lead_time_fallback,tim_row_audit_v2_1,tim_mapping_spec_v2_1
628,200,1,,False,dataset_group_blank;join_status:unmatched,False,default_gate_blocked,blocked_before_selection,False,True,True,False,False,False,True,False,False,False,outside_T,outside_T,gate_excluded,dataset_group_blank;join_status:unmatched,excluded:dataset_group_blank;join_status:unmatched;selection:default_gate_blocked;active_time:lead_time_fallback,tim_row_audit_v2_1,tim_mapping_spec_v2_1
629,201,1,,False,dataset_group_blank;join_status:ambiguous,False,default_gate_blocked,blocked_before_selection,False,True,True,False,False,False,True,False,False,False,outside_T,outside_T,gate_excluded,dataset_group_blank;join_status:ambiguous,excluded:dataset_group_blank;join_status:ambiguous;selection:default_gate_blocked;active_time:lead_time_fallback,tim_row_audit_v2_1,tim_mapping_spec_v2_1
630,202,1,,False,dataset_group_blank;join_status:ambiguous,False,default_gate_blocked,blocked_before_selection,False,True,True,False,False,False,True,False,False,False,outside_T,outside_T,gate_excluded,dataset_group_blank;join_status:ambiguous,excluded:dataset_group_blank;join_status:ambiguous;selection:default_gate_blocked;active_time:lead_time_fallback,tim_row_audit_v2_1,tim_mapping_spec_v2_1
631,203,1,,False,dataset_group_blank;join_status:ambiguous,False,default_gate_blocked,blocked_before_selection,False,True,True,False,False,False,True,False,False,False,outside_T,outside_T,gate_excluded,dataset_group_blank;join_status:ambiguous,excluded:dataset_group_blank;join_status:ambiguous;selection:default_gate_blocked;active_time:lead_time_fallback,tim_row_audit_v2_1,tim_mapping_spec_v2_1
632,204,1,SemiAuto_Test,True,passed,True,selected_by_manifest,selection_manifest,True,True,True,False,False,False,True,True,True,True,M,M,m_tier_layout_usable_clean,active_time:lead_time_fallback,passed_default_gate;selection:selected_by_manifest;active_time:lead_time_fallback,tim_row_audit_v2_1,tim_mapping_spec_v2_1
633,205,1,Validation_semi,True,passed,True,selected_by_manifest,selection_manifest,True,True,True,False,False,False,True,True,True,True,M,M,m_tier_layout_usable_clean,active_time:lead_time_fallback,passed_default_gate;selection:selected_by_manifest;active_time:lead_time_fallback,tim_row_audit_v2_1,tim_mapping_spec_v2_1
634,206,1,,False,dataset_group_blank;join_status:unmatched,False,default_gate_blocked,blocked_before_selection,False,True,True,False,False,False,True,False,False,False,outside_T,outside_T,gate_excluded,dataset_group_blank;join_status:unmatched,excluded:dataset_group_blank;join_status:unmatched;selection:default_gate_blocked;active_time:lead_time_fallback,tim_row_audit_v2_1,tim_mapping_spec_v2_1
636,207,1,Validation_semi,True,passed,True,selected_by_manifest,selection_manifest,True,True,True,False,False,False,True,True,True,True,M,M,m_tier_layout_usable_clean,active_time:lead_time_fallback,passed_default_gate;selection:selected_by_manifest;active_time:lead_time_fallback,tim_row_audit_v2_1,tim_mapping_spec_v2_1
638,208,1,SemiAuto_Test,True,passed,True,selected_by_manifest,selection_manifest,True,True,True,False,False,False,True,True,True,True,M,M,m_tier_layout_usable_clean,active_time:lead_time_fallback,passed_default_gate;selection:selected_by_manifest;active_time:lead_time_fallback,tim_row_audit_v2_1,tim_mapping_spec_v2_1
640,209,1,Gold_manual,True,passed,True,selected_by_manifest,selection_manifest,True,True,True,False,False,False,True,True,True,True,M,M,m_tier_layout_usable_clean,active_time:lead_time_fallback,passed_default_gate;selection:selected_by_manifest;active_time:lead_time_fallback,tim_row_audit_v2_1,tim_mapping_spec_v2_1
641,210,1,SemiAuto_Test,True,passed,True,selected_by_manifest,selection_manifest,True,True,True,False,False,False,True,True,True,True,M,M,m_tier_layout_usable_clean,active_time:lead_time_fallback,passed_default_gate;selection:selected_by_manifest;active_time:lead_time_fallback,tim_row_audit_v2_1,tim_mapping_spec_v2_1
643,211,1,,False,dataset_group_blank;join_status:ambiguous,False,default_gate_blocked,blocked_before_selection,False,True,True,True,True,True,True,False,False,False,outside_T,outside_T,gate_excluded,dataset_group_blank;join_status:ambiguous,excluded:dataset_group_blank;join_status:ambiguous;selection:default_gate_blocked;type4:difficulty_conflict;meta_guard:difficulty_conflict_trivial;active_time:lead_time_fallback;m_guard:type4_excluded,tim_row_audit_v2_1,tim_mapping_spec_v2_1
644,212,1,,False,dataset_group_blank;join_status:unmatched,False,default_gate_blocked,blocked_before_selection,False,True,True,False,False,False,True,False,False,False,outside_T,outside_T,gate_excluded,dataset_group_blank;join_status:unmatched,excluded:dataset_group_blank;join_status:unmatched;selection:default_gate_blocked;active_time:lead_time_fallback,tim_row_audit_v2_1,tim_mapping_spec_v2_1
645,213,1,PreScreen_manual,True,passed,True,selected_by_manifest,selection_manifest,True,True,True,False,False,False,True,True,True,True,M,M,m_tier_layout_usable_clean,active_time:lead_time_fallback,passed_default_gate;selection:selected_by_manifest;active_time:lead_time_fallback,tim_row_audit_v2_1,tim_mapping_spec_v2_1
646,214,1,,False,dataset_group_blank;join_status:unmatched,False,default_gate_blocked,blocked_before_selection,False,True,True,False,False,False,True,False,False,False,outside_T,outside_T,gate_excluded,dataset_group_blank;join_status:unmatched,excluded:dataset_group_blank;join_status:unmatched;selection:default_gate_blocked;active_time:lead_time_fallback,tim_row_audit_v2_1,tim_mapping_spec_v2_1
653,215,1,SemiAuto_Test,True,passed,True,selected_by_manifest,selection_manifest,True,True,True,False,False,False,True,True,True,True,M,M,m_tier_layout_usable_clean,active_time:lead_time_fallback,passed_default_gate;selection:selected_by_manifest;active_time:lead_time_fallback,tim_row_audit_v2_1,tim_mapping_spec_v2_1
654,216,1,Pilot,True,passed,True,selected_by_manifest,selection_manifest,True,True,True,False,False,False,True,True,True,True,M,M,m_tier_layout_usable_clean,active_time:lead_time_fallback,passed_default_gate;selection:selected_by_manifest;active_time:lead_time_fallback,tim_row_audit_v2_1,tim_mapping_spec_v2_1
655,217,1,Pilot,True,passed,True,selected_by_manifest,selection_manifest,True,True,True,False,False,False,True,True,True,True,M,M,m_tier_layout_usable_clean,active_time:lead_time_fallback,passed_default_gate;selection:selected_by_manifest;active_time:lead_time_fallback,tim_row_audit_v2_1,tim_mapping_spec_v2_1
657,218,1,,False,dataset_group_blank;join_status:ambiguous,False,default_gate_blocked,blocked_before_selection,False,True,True,False,False,False,True,False,False,False,outside_T,outside_T,gate_excluded,dataset_group_blank;join_status:ambiguous,excluded:dataset_group_blank;join_status:ambiguous;selection:default_gate_blocked;active_time:lead_time_fallback,tim_row_audit_v2_1,tim_mapping_spec_v2_1
658,219,1,PreScreen_semi,True,passed,True,selected_by_manifest,selection_manifest,True,True,True,False,False,False,True,True,True,True,M,M,m_tier_layout_usable_clean,active_time:lead_time_fallback,passed_default_gate;selection:selected_by_manifest;active_time:lead_time_fallback,tim_row_audit_v2_1,tim_mapping_spec_v2_1
660,220,1,Validation_semi,True,passed,True,selected_by_manifest,selection_manifest,True,True,True,False,False,False,True,True,True,True,M,M,m_tier_layout_usable_clean,active_time:lead_time_fallback,passed_default_gate;selection:selected_by_manifest;active_time:lead_time_fallback,tim_row_audit_v2_1,tim_mapping_spec_v2_1
