cause_code,task_condition_count,unique_task_count,manual_review_priority_count,median_GT_gap
visibility_or_appearance_evidence,98,79,49,0.0
scope_or_adjacent_space_extent,60,54,38,0.0
different_wall_count_or_topology,58,52,37,0.0
panorama_seam_boundary,47,42,27,0.0
room_height_or_vertical_extent,42,40,26,0.0
floor_boundary_interpretation,25,25,18,0.0406725117633619
ceiling_boundary_interpretation,17,17,7,0.0
horizontal_wall_boundary_placement,7,7,5,0.0
mixed_or_not_identifiable_from_available_geometry,2,2,0,0.0
