stage,stage_zh,scenario,base_task_id,building_id,support_band,valid_k,thresholds,supported_multimodal_at_all_thresholds,supported_multimodal_at_any_threshold,strong_at_all_thresholds,strong_at_any_threshold,not_evaluable_at_any_threshold,status,status_zh
Calibration,原始码：Calibration,frozen_geometry_pool,UwV83HsGsw3_bc29294428a647038f70e0ea31ea8972,UwV83HsGsw3,high_support_k_ge_20,22,0.9;0.925;0.95,False,False,False,False,False,development_threshold_robustness,原始码：development_threshold_robustness
Calibration,原始码：Calibration,frozen_geometry_pool,rPc6DW4iMge_0012f6dcce9645778ac459e189cf0db3,rPc6DW4iMge,high_support_k_ge_20,22,0.9;0.925;0.95,True,True,False,False,False,development_threshold_robustness,原始码：development_threshold_robustness
Calibration,原始码：Calibration,frozen_geometry_pool,rPc6DW4iMge_9d3eb9f5d38844bfb4e5fb2cd05fd3fd,rPc6DW4iMge,high_support_k_ge_20,22,0.9;0.925;0.95,False,False,False,False,False,development_threshold_robustness,原始码：development_threshold_robustness
Calibration,原始码：Calibration,frozen_geometry_pool,uNb9QFRL6hY_1096f195d3294cefa462add5ab0c342e,uNb9QFRL6hY,high_support_k_ge_20,22,0.9;0.925;0.95,False,False,False,False,False,development_threshold_robustness,原始码：development_threshold_robustness
Calibration,原始码：Calibration,frozen_geometry_pool,uNb9QFRL6hY_5948424345f541b9a570b48f1cfcf622,uNb9QFRL6hY,high_support_k_ge_20,22,0.9;0.925;0.95,False,True,False,True,True,development_threshold_robustness,原始码：development_threshold_robustness
Calibration,原始码：Calibration,frozen_geometry_pool,uNb9QFRL6hY_8b6f1b0b025848b482e747ab6a027b97,uNb9QFRL6hY,high_support_k_ge_20,22,0.9;0.925;0.95,True,True,True,True,False,development_threshold_robustness,原始码：development_threshold_robustness
Calibration,原始码：Calibration,frozen_geometry_pool,uNb9QFRL6hY_9f199750b00c4f5484a546d79e06a0f8,uNb9QFRL6hY,high_support_k_ge_20,22,0.9;0.925;0.95,True,True,True,True,False,development_threshold_robustness,原始码：development_threshold_robustness
Calibration,原始码：Calibration,frozen_geometry_pool,uNb9QFRL6hY_ba24e5a57ef34c6dbc0458ed4c1e701d,uNb9QFRL6hY,high_support_k_ge_20,22,0.9;0.925;0.95,False,True,False,True,True,development_threshold_robustness,原始码：development_threshold_robustness
Calibration,原始码：Calibration,frozen_geometry_pool,wc2JMjhGNzB_b41b10699d614f24851b56a9a0e743c6,wc2JMjhGNzB,high_support_k_ge_20,22,0.9;0.925;0.95,False,True,False,True,True,development_threshold_robustness,原始码：development_threshold_robustness
Calibration,原始码：Calibration,frozen_geometry_pool,wc2JMjhGNzB_dda6efcba51c40de8552408953719515,wc2JMjhGNzB,high_support_k_ge_20,22,0.9;0.925;0.95,False,True,False,True,False,development_threshold_robustness,原始码：development_threshold_robustness
Calibration,原始码：Calibration,frozen_geometry_pool,yqstnuAEVhm_26b2e92ccd314a2da1a4fc8dfc6e6f56,yqstnuAEVhm,high_support_k_ge_20,22,0.9;0.925;0.95,False,True,False,True,True,development_threshold_robustness,原始码：development_threshold_robustness
Calibration,原始码：Calibration,frozen_geometry_pool,yqstnuAEVhm_9de98503fd994452b627cdcc7a7d47b2,yqstnuAEVhm,high_support_k_ge_20,22,0.9;0.925;0.95,False,True,False,True,True,development_threshold_robustness,原始码：development_threshold_robustness
PreScreen,原始码：PreScreen,c1_eligible_combined,7y3sRwLe3Va_1410b021e1c14f529188eb026fbb369a,7y3sRwLe3Va,high_support_k_ge_20,23,0.9;0.925;0.95,False,False,False,False,False,development_threshold_robustness,原始码：development_threshold_robustness
PreScreen,原始码：PreScreen,c1_eligible_combined,B6ByNegPMKs_4b983544c13946e3a3a518c565ad1086,B6ByNegPMKs,high_support_k_ge_20,23,0.9;0.925;0.95,False,True,False,True,False,development_threshold_robustness,原始码：development_threshold_robustness
PreScreen,原始码：PreScreen,c1_eligible_combined,B6ByNegPMKs_b8e1ecf1bd044e7292581a66683e7993,B6ByNegPMKs,high_support_k_ge_20,22,0.9;0.925;0.95,False,False,False,False,False,development_threshold_robustness,原始码：development_threshold_robustness
PreScreen,原始码：PreScreen,c1_eligible_combined,B6ByNegPMKs_cee80ced97274e248d4ccaa582e12624,B6ByNegPMKs,high_support_k_ge_20,23,0.9;0.925;0.95,True,True,False,False,False,development_threshold_robustness,原始码：development_threshold_robustness
PreScreen,原始码：PreScreen,c1_eligible_combined,UwV83HsGsw3_7482b1a2655e4655ae4ab58749f43f65,UwV83HsGsw3,high_support_k_ge_20,23,0.9;0.925;0.95,False,True,False,True,True,development_threshold_robustness,原始码：development_threshold_robustness
PreScreen,原始码：PreScreen,c1_eligible_combined,UwV83HsGsw3_8e9c912f525744eeaea21083a20a1596,UwV83HsGsw3,high_support_k_ge_20,23,0.9;0.925;0.95,False,True,False,True,True,development_threshold_robustness,原始码：development_threshold_robustness
PreScreen,原始码：PreScreen,c1_eligible_combined,X7HyMhZNoso_987fd31155514f6facb131bd5c14881d,X7HyMhZNoso,high_support_k_ge_20,23,0.9;0.925;0.95,False,False,False,False,False,development_threshold_robustness,原始码：development_threshold_robustness
PreScreen,原始码：PreScreen,c1_eligible_combined,e9zR4mvMWw7_4fb8c9be319e4784b4b66f9ca5d839ab,e9zR4mvMWw7,high_support_k_ge_20,23,0.9;0.925;0.95,True,True,True,True,False,development_threshold_robustness,原始码：development_threshold_robustness
PreScreen,原始码：PreScreen,c1_eligible_combined,q9vSo1VnCiC_2a8ef249ec0e4ad5bfe138a65f50964e,q9vSo1VnCiC,high_support_k_ge_20,23,0.9;0.925;0.95,False,False,False,False,False,development_threshold_robustness,原始码：development_threshold_robustness
PreScreen,原始码：PreScreen,c1_eligible_combined,q9vSo1VnCiC_9c9fb1fccf4e46a597a9510a1938c8b4,q9vSo1VnCiC,high_support_k_ge_20,23,0.9;0.925;0.95,False,True,False,True,True,development_threshold_robustness,原始码：development_threshold_robustness
PreScreen,原始码：PreScreen,c1_eligible_combined,q9vSo1VnCiC_c421f07780004647a7198c4ac5371e8a,q9vSo1VnCiC,high_support_k_ge_20,23,0.9;0.925;0.95,False,False,False,False,False,development_threshold_robustness,原始码：development_threshold_robustness
PreScreen,原始码：PreScreen,c1_eligible_combined,q9vSo1VnCiC_e74e843601574864a14517f990c748a0,q9vSo1VnCiC,high_support_k_ge_20,23,0.9;0.925;0.95,False,True,False,False,False,development_threshold_robustness,原始码：development_threshold_robustness
PreScreen,原始码：PreScreen,c1_eligible_combined,rPc6DW4iMge_186a32a1b7e34cb797731bfa78365db5,rPc6DW4iMge,high_support_k_ge_20,23,0.9;0.925;0.95,True,True,True,True,False,development_threshold_robustness,原始码：development_threshold_robustness
PreScreen,原始码：PreScreen,c1_eligible_combined,rPc6DW4iMge_1f14902595544e389c9c910c444e79e7,rPc6DW4iMge,high_support_k_ge_20,23,0.9;0.925;0.95,True,True,False,False,False,development_threshold_robustness,原始码：development_threshold_robustness
PreScreen,原始码：PreScreen,c1_eligible_combined,rPc6DW4iMge_cc15fb105d86466faafdd633f89148de,rPc6DW4iMge,high_support_k_ge_20,23,0.9;0.925;0.95,True,True,False,False,False,development_threshold_robustness,原始码：development_threshold_robustness
PreScreen,原始码：PreScreen,c1_eligible_combined,rPc6DW4iMge_fbc169773c954580baea6d2798c0d486,rPc6DW4iMge,high_support_k_ge_20,21,0.9;0.925;0.95,True,True,True,True,False,development_threshold_robustness,原始码：development_threshold_robustness
PreScreen,原始码：PreScreen,c1_eligible_combined,uNb9QFRL6hY_07a43087f1e54e3f828851d8e457a283,uNb9QFRL6hY,high_support_k_ge_20,23,0.9;0.925;0.95,True,True,True,True,False,development_threshold_robustness,原始码：development_threshold_robustness
PreScreen,原始码：PreScreen,c1_eligible_combined,uNb9QFRL6hY_3b9e548b46af4410b97e1d12781ec3c9,uNb9QFRL6hY,high_support_k_ge_20,23,0.9;0.925;0.95,False,True,False,True,True,development_threshold_robustness,原始码：development_threshold_robustness
PreScreen,原始码：PreScreen,c1_eligible_combined,uNb9QFRL6hY_978d7a8eb0794936bd8fd092306e1dc5,uNb9QFRL6hY,high_support_k_ge_20,22,0.9;0.925;0.95,True,True,True,True,False,development_threshold_robustness,原始码：development_threshold_robustness
PreScreen,原始码：PreScreen,c1_eligible_combined,uNb9QFRL6hY_bcce4f23c12744c782c0b49b24a0331a,uNb9QFRL6hY,high_support_k_ge_20,23,0.9;0.925;0.95,False,False,False,False,False,development_threshold_robustness,原始码：development_threshold_robustness
PreScreen,原始码：PreScreen,c1_eligible_combined,uNb9QFRL6hY_c1ebb8b34eb846ba9b5ce23b30b299a7,uNb9QFRL6hY,high_support_k_ge_20,23,0.9;0.925;0.95,False,False,False,False,False,development_threshold_robustness,原始码：development_threshold_robustness
PreScreen,原始码：PreScreen,c1_eligible_combined,uNb9QFRL6hY_d02f87bbb0414146a7a15070110a0384,uNb9QFRL6hY,high_support_k_ge_20,23,0.9;0.925;0.95,False,False,False,False,False,development_threshold_robustness,原始码：development_threshold_robustness
PreScreen,原始码：PreScreen,c1_eligible_combined,wc2JMjhGNzB_2195c5a9b9fd451b927b0050f23fac31,wc2JMjhGNzB,high_support_k_ge_20,23,0.9;0.925;0.95,False,False,False,False,False,development_threshold_robustness,原始码：development_threshold_robustness
PreScreen,原始码：PreScreen,c1_eligible_combined,wc2JMjhGNzB_dc4a9f470b834de1983c7e605ff06b2e,wc2JMjhGNzB,high_support_k_ge_20,23,0.9;0.925;0.95,False,False,False,False,False,development_threshold_robustness,原始码：development_threshold_robustness
PreScreen,原始码：PreScreen,c1_eligible_combined,x8F5xyUWy9e_a51a0e2811f342a599ae4cdb9b84ff23,x8F5xyUWy9e,high_support_k_ge_20,23,0.9;0.925;0.95,False,False,False,False,False,development_threshold_robustness,原始码：development_threshold_robustness
PreScreen,原始码：PreScreen,c1_eligible_combined,yqstnuAEVhm_a93ea1ea5702412c9ef9c82a436c4599,yqstnuAEVhm,high_support_k_ge_20,23,0.9;0.925;0.95,False,False,False,False,False,development_threshold_robustness,原始码：development_threshold_robustness
PreScreen,原始码：PreScreen,c1_eligible_combined,yqstnuAEVhm_e3face7b2196414d95ed97151aa13058,yqstnuAEVhm,high_support_k_ge_20,22,0.9;0.925;0.95,False,True,False,True,True,development_threshold_robustness,原始码：development_threshold_robustness
PreScreen,原始码：PreScreen,c1_eligible_combined,yqstnuAEVhm_e650c19e3eb34cc0b98374e5a23d1f65,yqstnuAEVhm,high_support_k_ge_20,23,0.9;0.925;0.95,True,True,True,True,False,development_threshold_robustness,原始码：development_threshold_robustness
PreScreen,原始码：PreScreen,c1_eligible_combined,yqstnuAEVhm_e9b4d8e951cb4712b3905c8f4c4dabb5,yqstnuAEVhm,high_support_k_ge_20,23,0.9;0.925;0.95,False,False,False,False,False,development_threshold_robustness,原始码：development_threshold_robustness
