table,field_name,semantics_document,preserved_upstream_schema
annotations.csv.gz,schema_version,FIELDS_ZH.md,False
annotations.csv.gz,annotation_identity,FIELDS_ZH.md,False
annotations.csv.gz,canonical_annotation_id,FIELDS_ZH.md,False
annotations.csv.gz,canonical_annotation_id_legacy_alias,FIELDS_ZH.md,False
annotations.csv.gz,raw_annotation_id,FIELDS_ZH.md,False
annotations.csv.gz,annotation_unique_id,FIELDS_ZH.md,False
annotations.csv.gz,raw_stage,FIELDS_ZH.md,False
annotations.csv.gz,stage,FIELDS_ZH.md,False
annotations.csv.gz,block_index,FIELDS_ZH.md,False
annotations.csv.gz,raw_project_id,FIELDS_ZH.md,False
annotations.csv.gz,project_id,FIELDS_ZH.md,False
annotations.csv.gz,raw_runtime_task_id,FIELDS_ZH.md,False
annotations.csv.gz,runtime_task_id,FIELDS_ZH.md,False
annotations.csv.gz,raw_task_data_task_id,FIELDS_ZH.md,False
annotations.csv.gz,raw_task_data_planned_task_id,FIELDS_ZH.md,False
annotations.csv.gz,planned_task_id,FIELDS_ZH.md,False
annotations.csv.gz,base_task_id,FIELDS_ZH.md,False
annotations.csv.gz,image_id,FIELDS_ZH.md,False
annotations.csv.gz,building_id,FIELDS_ZH.md,False
annotations.csv.gz,raw_worker_id,FIELDS_ZH.md,False
annotations.csv.gz,worker_id,FIELDS_ZH.md,False
annotations.csv.gz,raw_condition,FIELDS_ZH.md,False
annotations.csv.gz,assistance_exposure,FIELDS_ZH.md,False
annotations.csv.gz,task_lane,FIELDS_ZH.md,False
annotations.csv.gz,scope_status,FIELDS_ZH.md,False
annotations.csv.gz,dataset_group,FIELDS_ZH.md,False
annotations.csv.gz,task_stratum,FIELDS_ZH.md,False
annotations.csv.gz,language_group,FIELDS_ZH.md,False
annotations.csv.gz,assignment_provenance,FIELDS_ZH.md,False
annotations.csv.gz,canonical_selection_status,FIELDS_ZH.md,False
annotations.csv.gz,historical_primary_eligibility_status,FIELDS_ZH.md,False
annotations.csv.gz,historical_primary_eligibility_source_field,FIELDS_ZH.md,False
annotations.csv.gz,historical_formal_assignment_status,FIELDS_ZH.md,False
annotations.csv.gz,legacy_exclusion_reason,FIELDS_ZH.md,False
annotations.csv.gz,raw_geometry_point_count,FIELDS_ZH.md,False
annotations.csv.gz,raw_geometry_computable,FIELDS_ZH.md,False
annotations.csv.gz,lead_time_seconds,FIELDS_ZH.md,False
annotations.csv.gz,lead_time_status,FIELDS_ZH.md,False
annotations.csv.gz,planned_import_match_status,FIELDS_ZH.md,False
annotations.csv.gz,planned_import_source_paths_json,FIELDS_ZH.md,False
annotations.csv.gz,raw_export_path,FIELDS_ZH.md,False
annotations.csv.gz,raw_export_sha256,FIELDS_ZH.md,False
annotations.csv.gz,canonical_reconciliation_path,FIELDS_ZH.md,False
annotations.csv.gz,canonical_reconciliation_sha256,FIELDS_ZH.md,False
annotations.csv.gz,context_key,FIELDS_ZH.md,False
annotations.csv.gz,current20_member,FIELDS_ZH.md,False
annotations.csv.gz,coordinate_width,FIELDS_ZH.md,False
annotations.csv.gz,coordinate_height,FIELDS_ZH.md,False
archive/all_condition_support.csv.gz,stage,FIELDS_ZH.md,True
archive/all_condition_support.csv.gz,condition,FIELDS_ZH.md,True
archive/all_condition_support.csv.gz,base_task_id,FIELDS_ZH.md,True
archive/all_condition_support.csv.gz,building_id,FIELDS_ZH.md,True
archive/all_condition_support.csv.gz,canonical_annotation_count,FIELDS_ZH.md,True
archive/all_condition_support.csv.gz,raw_version_count,FIELDS_ZH.md,True
archive/all_condition_support.csv.gz,unique_worker_count,FIELDS_ZH.md,True
archive/all_condition_support.csv.gz,strict_geometry_count,FIELDS_ZH.md,True
archive/all_condition_support.csv.gz,raw_geometry_computable_count,FIELDS_ZH.md,True
archive/all_condition_support.csv.gz,raw_geometry_noncomputable_count,FIELDS_ZH.md,True
archive/all_condition_support.csv.gz,strict_geometry_unique_worker_count,FIELDS_ZH.md,True
archive/all_condition_support.csv.gz,non_strict_or_non_geometry_count,FIELDS_ZH.md,True
archive/all_condition_support.csv.gz,current_available20_canonical_count,FIELDS_ZH.md,True
archive/all_condition_support.csv.gz,current_available20_strict_count,FIELDS_ZH.md,True
archive/all_condition_support.csv.gz,shared_initialization_status,FIELDS_ZH.md,True
archive/all_condition_support.csv.gz,supports_k15,FIELDS_ZH.md,True
archive/all_condition_support.csv.gz,supports_k20,FIELDS_ZH.md,True
archive/broader_source_catalog.csv.gz,package_id,FIELDS_ZH.md,True
archive/broader_source_catalog.csv.gz,package_scope,FIELDS_ZH.md,True
archive/broader_source_catalog.csv.gz,package_role,FIELDS_ZH.md,True
archive/broader_source_catalog.csv.gz,file_path,FIELDS_ZH.md,True
archive/broader_source_catalog.csv.gz,file_exists,FIELDS_ZH.md,True
archive/broader_source_catalog.csv.gz,file_role,FIELDS_ZH.md,True
archive/broader_source_catalog.csv.gz,format,FIELDS_ZH.md,True
archive/broader_source_catalog.csv.gz,size_bytes,FIELDS_ZH.md,True
archive/broader_source_catalog.csv.gz,row_count,FIELDS_ZH.md,True
archive/broader_source_catalog.csv.gz,field_count,FIELDS_ZH.md,True
archive/broader_source_catalog.csv.gz,fields,FIELDS_ZH.md,True
archive/broader_source_catalog.csv.gz,json_type,FIELDS_ZH.md,True
archive/broader_source_catalog.csv.gz,sheet_names,FIELDS_ZH.md,True
archive/broader_source_catalog.csv.gz,sheet_row_counts,FIELDS_ZH.md,True
archive/broader_source_catalog.csv.gz,declared_status_or_role,FIELDS_ZH.md,True
archive/broader_source_catalog.csv.gz,format_status,FIELDS_ZH.md,True
archive/broader_source_catalog.csv.gz,format_errors,FIELDS_ZH.md,True
archive/broader_source_catalog.csv.gz,key_candidate,FIELDS_ZH.md,True
archive/broader_source_catalog.csv.gz,key_status,FIELDS_ZH.md,True
archive/broader_source_catalog.csv.gz,duplicate_key_count,FIELDS_ZH.md,True
archive/broader_source_catalog.csv.gz,missing_key_value_count,FIELDS_ZH.md,True
archive/extended73_k_replay.csv.gz,stage,FIELDS_ZH.md,True
archive/extended73_k_replay.csv.gz,condition,FIELDS_ZH.md,True
archive/extended73_k_replay.csv.gz,base_task_id,FIELDS_ZH.md,True
archive/extended73_k_replay.csv.gz,building_id,FIELDS_ZH.md,True
archive/extended73_k_replay.csv.gz,k,FIELDS_ZH.md,True
archive/extended73_k_replay.csv.gz,strict_support,FIELDS_ZH.md,True
archive/extended73_k_replay.csv.gz,unique_worker_count,FIELDS_ZH.md,True
archive/extended73_k_replay.csv.gz,evaluable,FIELDS_ZH.md,True
archive/extended73_k_replay.csv.gz,roster_contract,FIELDS_ZH.md,True
archive/extended73_k_replay.csv.gz,replicates,FIELDS_ZH.md,True
archive/extended73_k_replay.csv.gz,shared_initialization_status,FIELDS_ZH.md,True
archive/extended73_k_replay.csv.gz,full_structure_status,FIELDS_ZH.md,True
archive/extended73_k_replay.csv.gz,full_partition_status,FIELDS_ZH.md,True
archive/extended73_k_replay.csv.gz,full_cluster_count,FIELDS_ZH.md,True
archive/extended73_k_replay.csv.gz,full_cluster_worker_memberships_json,FIELDS_ZH.md,True
archive/extended73_k_replay.csv.gz,full_status_recovery_rate,FIELDS_ZH.md,True
archive/extended73_k_replay.csv.gz,partition_recovery_rate,FIELDS_ZH.md,True
archive/extended73_k_replay.csv.gz,supported_multimodal_rate,FIELDS_ZH.md,True
archive/extended73_k_replay.csv.gz,full_second_cluster_support,FIELDS_ZH.md,True
archive/extended73_k_replay.csv.gz,same_second_mode_evaluable,FIELDS_ZH.md,True
archive/extended73_k_replay.csv.gz,same_second_mode_recovery_rate_all_tasks,FIELDS_ZH.md,True
archive/extended73_k_replay.csv.gz,prior_available_k,FIELDS_ZH.md,True
archive/extended73_k_replay.csv.gz,paired_status_changed_from_prior_k_rate,FIELDS_ZH.md,True
archive/extended73_k_replay.csv.gz,paired_status_changed_mcse,FIELDS_ZH.md,True
archive/extended73_k_replay.csv.gz,paired_partition_changed_from_prior_k_rate,FIELDS_ZH.md,True
archive/extended73_k_replay.csv.gz,paired_partition_changed_mcse,FIELDS_ZH.md,True
archive/extended73_k_replay.csv.gz,k_equals_full_support,FIELDS_ZH.md,True
archive/extended73_k_replay.csv.gz,interpretation,FIELDS_ZH.md,True
archive/extended73_k_summary.csv.gz,stage,FIELDS_ZH.md,True
archive/extended73_k_summary.csv.gz,condition,FIELDS_ZH.md,True
archive/extended73_k_summary.csv.gz,support_set,FIELDS_ZH.md,True
archive/extended73_k_summary.csv.gz,k,FIELDS_ZH.md,True
archive/extended73_k_summary.csv.gz,common_support_base_task_ids_json,FIELDS_ZH.md,True
archive/extended73_k_summary.csv.gz,task_count,FIELDS_ZH.md,True
archive/extended73_k_summary.csv.gz,image_count,FIELDS_ZH.md,True
archive/extended73_k_summary.csv.gz,building_count,FIELDS_ZH.md,True
archive/extended73_k_summary.csv.gz,observed_worker_count,FIELDS_ZH.md,True
archive/extended73_k_summary.csv.gz,full_status_recovery_rate_task_equal,FIELDS_ZH.md,True
archive/extended73_k_summary.csv.gz,full_status_recovery_rate_building_equal,FIELDS_ZH.md,True
archive/extended73_k_summary.csv.gz,partition_recovery_rate_task_equal,FIELDS_ZH.md,True
archive/extended73_k_summary.csv.gz,partition_recovery_rate_building_equal,FIELDS_ZH.md,True
archive/extended73_k_summary.csv.gz,full_second_mode_evaluable_task_count,FIELDS_ZH.md,True
archive/extended73_k_summary.csv.gz,same_second_mode_recovery_rate_conditional_mean,FIELDS_ZH.md,True
archive/extended73_k_summary.csv.gz,paired_status_changed_from_prior_k_rate_task_equal,FIELDS_ZH.md,True
archive/extended73_k_summary.csv.gz,paired_status_changed_mcse_for_task_equal_mean,FIELDS_ZH.md,True
archive/extended73_k_summary.csv.gz,shared_initialization_status,FIELDS_ZH.md,True
archive/extended73_k_summary.csv.gz,monte_carlo_note,FIELDS_ZH.md,True
archive/extended73_k_summary.csv.gz,old_eligibility_used,FIELDS_ZH.md,True
archive/historical42_membership_threshold_source.csv.gz,task_id,FIELDS_ZH.md,True
archive/historical42_membership_threshold_source.csv.gz,threshold,FIELDS_ZH.md,True
archive/historical42_membership_threshold_source.csv.gz,valid_k,FIELDS_ZH.md,True
archive/historical42_membership_threshold_source.csv.gz,partition_status,FIELDS_ZH.md,True
archive/historical42_membership_threshold_source.csv.gz,structure_status,FIELDS_ZH.md,True
archive/historical42_membership_threshold_source.csv.gz,cluster_count,FIELDS_ZH.md,True
archive/historical42_membership_threshold_source.csv.gz,largest_support,FIELDS_ZH.md,True
archive/historical42_membership_threshold_source.csv.gz,second_support,FIELDS_ZH.md,True
archive/historical42_membership_threshold_source.csv.gz,reason,FIELDS_ZH.md,True
archive/historical42_partitions.csv.gz,task_id,FIELDS_ZH.md,True
archive/historical42_partitions.csv.gz,base_task_id,FIELDS_ZH.md,True
archive/historical42_partitions.csv.gz,building_id,FIELDS_ZH.md,True
archive/historical42_partitions.csv.gz,stage,FIELDS_ZH.md,True
archive/historical42_partitions.csv.gz,full_valid_support,FIELDS_ZH.md,True
archive/historical42_partitions.csv.gz,threshold,FIELDS_ZH.md,True
archive/historical42_partitions.csv.gz,partition_status,FIELDS_ZH.md,True
archive/historical42_partitions.csv.gz,structure_status,FIELDS_ZH.md,True
archive/historical42_partitions.csv.gz,cluster_count,FIELDS_ZH.md,True
archive/historical42_partitions.csv.gz,largest_cluster_support,FIELDS_ZH.md,True
archive/historical42_partitions.csv.gz,second_cluster_support,FIELDS_ZH.md,True
archive/historical42_partitions.csv.gz,second_cluster_share,FIELDS_ZH.md,True
archive/historical42_partitions.csv.gz,top_support_tie,FIELDS_ZH.md,True
archive/historical42_partitions.csv.gz,second_rank_support_tie,FIELDS_ZH.md,True
archive/historical42_partitions.csv.gz,second_rank_unique,FIELDS_ZH.md,True
archive/historical42_partitions.csv.gz,supported_multimodal_at_threshold_count_of_5,FIELDS_ZH.md,True
archive/historical42_partitions.csv.gz,same_status_at_all_5_thresholds,FIELDS_ZH.md,True
archive/historical42_partitions.csv.gz,cluster_membership_json,FIELDS_ZH.md,True
archive/historical42_partitions.csv.gz,second_ranked_mode_member_ids_json,FIELDS_ZH.md,True
archive/historical42_partitions.csv.gz,interpretation,FIELDS_ZH.md,True
archive/historical42_threshold_sensitivity.csv.gz,analysis_stratum,FIELDS_ZH.md,True
archive/historical42_threshold_sensitivity.csv.gz,threshold,FIELDS_ZH.md,True
archive/historical42_threshold_sensitivity.csv.gz,task_count,FIELDS_ZH.md,True
archive/historical42_threshold_sensitivity.csv.gz,unimodal_count,FIELDS_ZH.md,True
archive/historical42_threshold_sensitivity.csv.gz,dominant_with_dissent_count,FIELDS_ZH.md,True
archive/historical42_threshold_sensitivity.csv.gz,supported_multimodal_count,FIELDS_ZH.md,True
archive/historical42_threshold_sensitivity.csv.gz,not_evaluable_count,FIELDS_ZH.md,True
archive/historical42_threshold_sensitivity.csv.gz,supported_multimodal_rate,FIELDS_ZH.md,True
archive/historical42_threshold_sensitivity.csv.gz,not_evaluable_rate,FIELDS_ZH.md,True
archive/historical42_threshold_sensitivity.csv.gz,interpretation,FIELDS_ZH.md,True
archive/legacy213_partitions_and_representatives.csv.gz,stage,FIELDS_ZH.md,True
archive/legacy213_partitions_and_representatives.csv.gz,base_task_id,FIELDS_ZH.md,True
archive/legacy213_partitions_and_representatives.csv.gz,condition,FIELDS_ZH.md,True
archive/legacy213_partitions_and_representatives.csv.gz,n_input_rows,FIELDS_ZH.md,True
archive/legacy213_partitions_and_representatives.csv.gz,consensus_status,FIELDS_ZH.md,True
archive/legacy213_partitions_and_representatives.csv.gz,consensus_producer,FIELDS_ZH.md,True
archive/legacy213_partitions_and_representatives.csv.gz,consensus_materializer,FIELDS_ZH.md,True
archive/legacy213_partitions_and_representatives.csv.gz,consensus_rule_schema,FIELDS_ZH.md,True
archive/legacy213_partitions_and_representatives.csv.gz,consensus_parameters_json,FIELDS_ZH.md,True
archive/legacy213_partitions_and_representatives.csv.gz,consensus_input_artifact,FIELDS_ZH.md,True
archive/legacy213_partitions_and_representatives.csv.gz,consensus_input_sha256,FIELDS_ZH.md,True
archive/legacy213_partitions_and_representatives.csv.gz,consensus_output_artifact,FIELDS_ZH.md,True
archive/legacy213_partitions_and_representatives.csv.gz,consensus_output_sha256,FIELDS_ZH.md,True
archive/legacy213_partitions_and_representatives.csv.gz,comparison_status,FIELDS_ZH.md,True
archive/legacy213_partitions_and_representatives.csv.gz,comparison_mismatch_fields,FIELDS_ZH.md,True
archive/legacy213_partitions_and_representatives.csv.gz,producer_code_sha256,FIELDS_ZH.md,True
archive/legacy213_partitions_and_representatives.csv.gz,schema_version,FIELDS_ZH.md,True
archive/legacy213_partitions_and_representatives.csv.gz,valid_k,FIELDS_ZH.md,True
archive/legacy213_partitions_and_representatives.csv.gz,partition_status,FIELDS_ZH.md,True
archive/legacy213_partitions_and_representatives.csv.gz,cluster_membership_json,FIELDS_ZH.md,True
archive/legacy213_partitions_and_representatives.csv.gz,ambiguity_candidates_json,FIELDS_ZH.md,True
archive/legacy213_partitions_and_representatives.csv.gz,cluster_count,FIELDS_ZH.md,True
archive/legacy213_partitions_and_representatives.csv.gz,largest_cluster_support,FIELDS_ZH.md,True
archive/legacy213_partitions_and_representatives.csv.gz,second_cluster_support,FIELDS_ZH.md,True
archive/legacy213_partitions_and_representatives.csv.gz,largest_cluster_medoid_annotation_id,FIELDS_ZH.md,True
archive/legacy213_partitions_and_representatives.csv.gz,largest_cluster_medoid_worker_id,FIELDS_ZH.md,True
archive/legacy213_partitions_and_representatives.csv.gz,largest_cluster_medoid_geometry_sha256,FIELDS_ZH.md,True
archive/legacy213_partitions_and_representatives.csv.gz,task_crowd_structure_status,FIELDS_ZH.md,True
archive/legacy213_partitions_and_representatives.csv.gz,structure_reason,FIELDS_ZH.md,True
archive/legacy213_partitions_and_representatives.csv.gz,candidate_partitions_json,FIELDS_ZH.md,True
archive/legacy213_partitions_and_representatives.csv.gz,enumeration_truncated,FIELDS_ZH.md,True
archive/legacy213_partitions_and_representatives.csv.gz,maximum_partition_count,FIELDS_ZH.md,True
archive/legacy213_partitions_and_representatives.csv.gz,maximum_search_nodes,FIELDS_ZH.md,True
archive/legacy213_partitions_and_representatives.csv.gz,clique_search_nodes,FIELDS_ZH.md,True
archive/legacy213_partitions_and_representatives.csv.gz,partition_search_nodes,FIELDS_ZH.md,True
archive/legacy213_partitions_and_representatives.csv.gz,largest_cluster_share,FIELDS_ZH.md,True
archive/legacy213_partitions_and_representatives.csv.gz,second_cluster_share,FIELDS_ZH.md,True
archive/legacy213_partitions_and_representatives.csv.gz,cluster_margin_all,FIELDS_ZH.md,True
archive/legacy213_partitions_and_representatives.csv.gz,cluster_margin_top2,FIELDS_ZH.md,True
archive/legacy213_partitions_and_representatives.csv.gz,largest_cluster_worker_ids,FIELDS_ZH.md,True
archive/legacy213_partitions_and_representatives.csv.gz,second_cluster_worker_ids,FIELDS_ZH.md,True
archive/legacy213_partitions_and_representatives.csv.gz,largest_cluster_medoid_index,FIELDS_ZH.md,True
archive/legacy213_partitions_and_representatives.csv.gz,second_cluster_medoid_annotation_id,FIELDS_ZH.md,True
archive/legacy213_partitions_and_representatives.csv.gz,second_cluster_medoid_worker_id,FIELDS_ZH.md,True
archive/legacy213_partitions_and_representatives.csv.gz,second_cluster_medoid_geometry_sha256,FIELDS_ZH.md,True
archive/legacy213_partitions_and_representatives.csv.gz,second_cluster_medoid_index,FIELDS_ZH.md,True
archive/legacy_geometry_comparisons.csv.gz,comparison,FIELDS_ZH.md,True
archive/legacy_geometry_comparisons.csv.gz,base_task_id,FIELDS_ZH.md,True
archive/legacy_geometry_comparisons.csv.gz,building_id,FIELDS_ZH.md,True
archive/legacy_geometry_comparisons.csv.gz,stage,FIELDS_ZH.md,True
archive/legacy_geometry_comparisons.csv.gz,condition,FIELDS_ZH.md,True
archive/legacy_geometry_comparisons.csv.gz,worker_id,FIELDS_ZH.md,True
archive/legacy_geometry_comparisons.csv.gz,other_worker_id,FIELDS_ZH.md,True
archive/legacy_geometry_comparisons.csv.gz,left_id,FIELDS_ZH.md,True
archive/legacy_geometry_comparisons.csv.gz,right_id,FIELDS_ZH.md,True
archive/legacy_geometry_comparisons.csv.gz,d_mask,FIELDS_ZH.md,True
archive/legacy_geometry_comparisons.csv.gz,independence_status,FIELDS_ZH.md,True
archive/legacy_geometry_comparisons.csv.gz,metric_contract,FIELDS_ZH.md,True
archive/legacy_geometry_comparisons.csv.gz,pair_relation,FIELDS_ZH.md,True
archive/legacy_geometry_comparisons.csv.gz,other_independence_status,FIELDS_ZH.md,True
archive/legacy_geometry_comparisons.csv.gz,other_stage,FIELDS_ZH.md,True
archive/legacy_geometry_comparisons.csv.gz,reference_status,FIELDS_ZH.md,True
archive/legacy_geometry_comparisons.csv.gz,scope_status,FIELDS_ZH.md,True
archive/legacy_geometry_comparisons.csv.gz,reference_source,FIELDS_ZH.md,True
archive/matched_three_paths.csv.gz,row_type,FIELDS_ZH.md,True
archive/matched_three_paths.csv.gz,stage,FIELDS_ZH.md,True
archive/matched_three_paths.csv.gz,condition,FIELDS_ZH.md,True
archive/matched_three_paths.csv.gz,canonical_record_count,FIELDS_ZH.md,True
archive/matched_three_paths.csv.gz,worker_count,FIELDS_ZH.md,True
archive/matched_three_paths.csv.gz,image_count,FIELDS_ZH.md,True
archive/matched_three_paths.csv.gz,building_count,FIELDS_ZH.md,True
archive/matched_three_paths.csv.gz,hohonet_offline_output_file_count,FIELDS_ZH.md,True
archive/matched_three_paths.csv.gz,bilayout_dual_output_file_count,FIELDS_ZH.md,True
archive/matched_three_paths.csv.gz,bilayout_dual_evaluable_count,FIELDS_ZH.md,True
archive/matched_three_paths.csv.gz,historical_actual_proposal_image_count,FIELDS_ZH.md,True
archive/matched_three_paths.csv.gz,historical_actual_proposal_response_count,FIELDS_ZH.md,True
archive/matched_three_paths.csv.gz,interpretation,FIELDS_ZH.md,True
archive/matched_three_paths.csv.gz,matched_base_task_ids_json,FIELDS_ZH.md,True
archive/matched_three_paths.csv.gz,same_worker_same_image_cross_condition_pair_count,FIELDS_ZH.md,True
archive/matched_three_paths.csv.gz,same_worker_same_image_cross_condition_image_count,FIELDS_ZH.md,True
archive/model_asset_summary.csv.gz,model_family,FIELDS_ZH.md,True
archive/model_asset_summary.csv.gz,asset_kind,FIELDS_ZH.md,True
archive/model_asset_summary.csv.gz,split,FIELDS_ZH.md,True
archive/model_asset_summary.csv.gz,source_path,FIELDS_ZH.md,True
archive/model_asset_summary.csv.gz,observed_count,FIELDS_ZH.md,True
archive/model_asset_summary.csv.gz,coverage_count_against_known_split,FIELDS_ZH.md,True
archive/model_asset_summary.csv.gz,status,FIELDS_ZH.md,True
archive/model_asset_summary.csv.gz,notes,FIELDS_ZH.md,True
archive/model_asset_summary.csv.gz,dual_head_is_one_model,FIELDS_ZH.md,True
archive/room_region_mapping.csv.gz,image_id,FIELDS_ZH.md,True
archive/room_region_mapping.csv.gz,building_id,FIELDS_ZH.md,True
archive/room_region_mapping.csv.gz,mapping_kind,FIELDS_ZH.md,True
archive/room_region_mapping.csv.gz,room_region_value,FIELDS_ZH.md,True
archive/room_region_mapping.csv.gz,region_class,FIELDS_ZH.md,True
archive/room_region_mapping.csv.gz,mapping_conflict_count,FIELDS_ZH.md,True
archive/room_region_mapping.csv.gz,mapping_conflict_status,FIELDS_ZH.md,True
archive/room_region_mapping.csv.gz,mapping_source_paths,FIELDS_ZH.md,True
archive/room_region_mapping.csv.gz,source_is_instance_mapping,FIELDS_ZH.md,True
archive/room_region_mapping_audit.csv.gz,mapping_scope,FIELDS_ZH.md,True
archive/room_region_mapping_audit.csv.gz,image_count,FIELDS_ZH.md,True
archive/room_region_mapping_audit.csv.gz,mapped_image_count,FIELDS_ZH.md,True
archive/room_region_mapping_audit.csv.gz,unmapped_image_count,FIELDS_ZH.md,True
archive/room_region_mapping_audit.csv.gz,unique_room_region_value_count,FIELDS_ZH.md,True
archive/room_region_mapping_audit.csv.gz,mapping_status,FIELDS_ZH.md,True
archive/room_region_mapping_audit.csv.gz,mapping_kind,FIELDS_ZH.md,True
archive/room_region_mapping_audit.csv.gz,mapping_source_paths,FIELDS_ZH.md,True
archive/room_region_mapping_audit.csv.gz,mapping_fields,FIELDS_ZH.md,True
archive/room_region_mapping_audit.csv.gz,checked_paths,FIELDS_ZH.md,True
archive/room_region_mapping_audit.csv.gz,missing_candidate_paths,FIELDS_ZH.md,True
archive/room_region_mapping_audit.csv.gz,no_inference_from_visual_similarity,FIELDS_ZH.md,True
archive/source_inventory.csv.gz,source_family,FIELDS_ZH.md,True
archive/source_inventory.csv.gz,source_path,FIELDS_ZH.md,True
archive/source_inventory.csv.gz,classification,FIELDS_ZH.md,True
archive/source_inventory.csv.gz,classification_reason,FIELDS_ZH.md,True
archive/source_inventory.csv.gz,parse_status,FIELDS_ZH.md,True
archive/source_inventory.csv.gz,size_bytes,FIELDS_ZH.md,True
archive/source_inventory.csv.gz,task_count,FIELDS_ZH.md,True
archive/source_inventory.csv.gz,annotation_snapshot_count,FIELDS_ZH.md,True
archive/source_inventory.csv.gz,project_ids,FIELDS_ZH.md,True
archive/source_inventory.csv.gz,base_task_count,FIELDS_ZH.md,True
archive/source_inventory.csv.gz,worker_count,FIELDS_ZH.md,True
archive/source_inventory.csv.gz,conditions,FIELDS_ZH.md,True
archive/source_inventory.csv.gz,data_keys,FIELDS_ZH.md,True
archive/source_inventory.csv.gz,content_sha256,FIELDS_ZH.md,True
archive/source_inventory.csv.gz,item_count,FIELDS_ZH.md,True
archive/source_inventory.csv.gz,event_count,FIELDS_ZH.md,True
archive/source_inventory.csv.gz,parse_error_count,FIELDS_ZH.md,True
archive/worker_mode_membership_lanes.csv.gz,analysis_lane,FIELDS_ZH.md,True
archive/worker_mode_membership_lanes.csv.gz,analysis_lane_zh,FIELDS_ZH.md,True
archive/worker_mode_membership_lanes.csv.gz,base_task_id,FIELDS_ZH.md,True
archive/worker_mode_membership_lanes.csv.gz,condition,FIELDS_ZH.md,True
archive/worker_mode_membership_lanes.csv.gz,condition_zh,FIELDS_ZH.md,True
archive/worker_mode_membership_lanes.csv.gz,worker_id,FIELDS_ZH.md,True
archive/worker_mode_membership_lanes.csv.gz,is_largest_mode,FIELDS_ZH.md,True
archive/worker_mode_membership_lanes.csv.gz,is_supported_minority_mode,FIELDS_ZH.md,True
archive/worker_mode_membership_lanes.csv.gz,cluster_support,FIELDS_ZH.md,True
archive/worker_mode_membership_lanes.csv.gz,cluster_count,FIELDS_ZH.md,True
archive/worker_mode_membership_lanes.csv.gz,building_id,FIELDS_ZH.md,True
archive/worker_mode_membership_lanes.csv.gz,annotation_id,FIELDS_ZH.md,True
archive/worker_mode_membership_lanes.csv.gz,cluster_rank,FIELDS_ZH.md,True
archive/worker_mode_membership_lanes.csv.gz,n_pairs,FIELDS_ZH.md,True
archive/worker_mode_membership_lanes.csv.gz,task_centered_n_pairs,FIELDS_ZH.md,True
archive/worker_mode_membership_lanes.csv.gz,assignment_provenance,FIELDS_ZH.md,True
archive/worker_mode_membership_lanes.csv.gz,formal_use_allowed,FIELDS_ZH.md,True
archive/worker_mode_membership_lanes.csv.gz,worker_process_class,FIELDS_ZH.md,True
checks/image_access.csv,image_id,FIELDS_ZH.md,False
checks/image_access.csv,url,FIELDS_ZH.md,False
checks/image_access.csv,http_status,FIELDS_ZH.md,False
checks/image_access.csv,content_type,FIELDS_ZH.md,False
checks/image_access.csv,content_length,FIELDS_ZH.md,False
checks/image_access.csv,checked_at_utc,FIELDS_ZH.md,False
checks/image_access.csv,status,FIELDS_ZH.md,False
checks/image_access.csv,error,FIELDS_ZH.md,False
checks/raw_coordinate_check.csv,canonical_annotation_id,FIELDS_ZH.md,False
checks/raw_coordinate_check.csv,raw_coordinates_match,FIELDS_ZH.md,False
checks/unresolved.csv,kind,FIELDS_ZH.md,False
checks/unresolved.csv,identity,FIELDS_ZH.md,False
checks/unresolved.csv,source,FIELDS_ZH.md,False
checks/unresolved.csv,action,FIELDS_ZH.md,False
clusters/legacy_lane_links.csv,source_row,FIELDS_ZH.md,False
clusters/legacy_lane_links.csv,analysis_lane,FIELDS_ZH.md,False
clusters/legacy_lane_links.csv,image_id,FIELDS_ZH.md,False
clusters/legacy_lane_links.csv,worker_id,FIELDS_ZH.md,False
clusters/legacy_lane_links.csv,canonical_annotation_id,FIELDS_ZH.md,False
clusters/legacy_lane_links.csv,mapping_status,FIELDS_ZH.md,False
clusters/legacy_representative_links.csv,source_partition_row,FIELDS_ZH.md,False
clusters/legacy_representative_links.csv,source_partition_version,FIELDS_ZH.md,False
clusters/legacy_representative_links.csv,image_id,FIELDS_ZH.md,False
clusters/legacy_representative_links.csv,raw_stage,FIELDS_ZH.md,False
clusters/legacy_representative_links.csv,condition,FIELDS_ZH.md,False
clusters/legacy_representative_links.csv,cluster_rank,FIELDS_ZH.md,False
clusters/legacy_representative_links.csv,raw_representative_id,FIELDS_ZH.md,False
clusters/legacy_representative_links.csv,canonical_annotation_id,FIELDS_ZH.md,False
clusters/legacy_representative_links.csv,mapping_status,FIELDS_ZH.md,False
clusters/legacy_representative_links.csv,use_scope,FIELDS_ZH.md,False
clusters/memberships.csv.gz,partition_id,FIELDS_ZH.md,False
clusters/memberships.csv.gz,cluster_id,FIELDS_ZH.md,False
clusters/memberships.csv.gz,rank,FIELDS_ZH.md,False
clusters/memberships.csv.gz,source_member_id,FIELDS_ZH.md,False
clusters/memberships.csv.gz,canonical_annotation_id,FIELDS_ZH.md,False
clusters/memberships.csv.gz,mapping_status,FIELDS_ZH.md,False
clusters/memberships.csv.gz,raw_annotation_version_id,FIELDS_ZH.md,False
clusters/memberships.csv.gz,related_canonical_annotation_id,FIELDS_ZH.md,False
clusters/memberships.csv.gz,cluster_support,FIELDS_ZH.md,False
clusters/memberships.csv.gz,worker_id,FIELDS_ZH.md,False
clusters/memberships.csv.gz,semantic_label,FIELDS_ZH.md,False
clusters/partitions.csv.gz,partition_id,FIELDS_ZH.md,False
clusters/partitions.csv.gz,version,FIELDS_ZH.md,False
clusters/partitions.csv.gz,image_id,FIELDS_ZH.md,False
clusters/partitions.csv.gz,stage,FIELDS_ZH.md,False
clusters/partitions.csv.gz,condition,FIELDS_ZH.md,False
clusters/partitions.csv.gz,context_key,FIELDS_ZH.md,False
clusters/partitions.csv.gz,context_mapping_status,FIELDS_ZH.md,False
clusters/partitions.csv.gz,cluster_count,FIELDS_ZH.md,False
clusters/partitions.csv.gz,member_count,FIELDS_ZH.md,False
clusters/partitions.csv.gz,reported_support,FIELDS_ZH.md,False
clusters/partitions.csv.gz,partition_status,FIELDS_ZH.md,False
clusters/partitions.csv.gz,structure_status,FIELDS_ZH.md,False
clusters/partitions.csv.gz,top_support_tie,FIELDS_ZH.md,False
clusters/partitions.csv.gz,second_support_tie,FIELDS_ZH.md,False
clusters/partitions.csv.gz,geometry_version,FIELDS_ZH.md,False
clusters/partitions.csv.gz,min_boundary_similarity,FIELDS_ZH.md,False
clusters/partitions.csv.gz,min_wallwall_similarity,FIELDS_ZH.md,False
clusters/partitions.csv.gz,pointwise_correspondence_compatibility_required,FIELDS_ZH.md,False
clusters/partitions.csv.gz,cluster_algorithm,FIELDS_ZH.md,False
clusters/partitions.csv.gz,representative_status,FIELDS_ZH.md,False
clusters/partitions.csv.gz,semantic_label,FIELDS_ZH.md,False
clusters/partitions.csv.gz,original_row_json,FIELDS_ZH.md,False
facts/active_event_observed.csv.gz,schema_version,FIELDS_ZH.md,True
facts/active_event_observed.csv.gz,raw_event_id,FIELDS_ZH.md,True
facts/active_event_observed.csv.gz,raw_source_collection,FIELDS_ZH.md,True
facts/active_event_observed.csv.gz,raw_event_stage,FIELDS_ZH.md,True
facts/active_event_observed.csv.gz,stage,FIELDS_ZH.md,True
facts/active_event_observed.csv.gz,block_index,FIELDS_ZH.md,True
facts/active_event_observed.csv.gz,in_formal_stage_scope,FIELDS_ZH.md,True
facts/active_event_observed.csv.gz,source_path,FIELDS_ZH.md,True
facts/active_event_observed.csv.gz,source_sha256,FIELDS_ZH.md,True
facts/active_event_observed.csv.gz,source_line,FIELDS_ZH.md,True
facts/active_event_observed.csv.gz,project_id,FIELDS_ZH.md,True
facts/active_event_observed.csv.gz,runtime_task_id,FIELDS_ZH.md,True
facts/active_event_observed.csv.gz,annotator_id,FIELDS_ZH.md,True
facts/active_event_observed.csv.gz,annotation_id,FIELDS_ZH.md,True
facts/active_event_observed.csv.gz,session_id,FIELDS_ZH.md,True
facts/active_event_observed.csv.gz,timestamp,FIELDS_ZH.md,True
facts/active_event_observed.csv.gz,server_received_at,FIELDS_ZH.md,True
facts/active_event_observed.csv.gz,page_type,FIELDS_ZH.md,True
facts/active_event_observed.csv.gz,page_gate_eligible,FIELDS_ZH.md,True
facts/active_event_observed.csv.gz,page_gate_reason,FIELDS_ZH.md,True
facts/active_event_observed.csv.gz,store_mismatch_present,FIELDS_ZH.md,True
facts/active_event_observed.csv.gz,active_seconds_fragment,FIELDS_ZH.md,True
facts/active_event_observed.csv.gz,active_seconds_fragment_role,FIELDS_ZH.md,True
facts/active_session_fact.csv.gz,schema_version,FIELDS_ZH.md,True
facts/active_session_fact.csv.gz,active_session_id,FIELDS_ZH.md,True
facts/active_session_fact.csv.gz,raw_source_collections,FIELDS_ZH.md,True
facts/active_session_fact.csv.gz,raw_event_stages,FIELDS_ZH.md,True
facts/active_session_fact.csv.gz,stage,FIELDS_ZH.md,True
facts/active_session_fact.csv.gz,block_index,FIELDS_ZH.md,True
facts/active_session_fact.csv.gz,project_id,FIELDS_ZH.md,True
facts/active_session_fact.csv.gz,runtime_task_id,FIELDS_ZH.md,True
facts/active_session_fact.csv.gz,annotator_id,FIELDS_ZH.md,True
facts/active_session_fact.csv.gz,session_id,FIELDS_ZH.md,True
facts/active_session_fact.csv.gz,event_count,FIELDS_ZH.md,True
facts/active_session_fact.csv.gz,event_fragment_sum_audit_seconds,FIELDS_ZH.md,True
facts/active_session_fact.csv.gz,session_grouping,FIELDS_ZH.md,True
facts/active_session_fact.csv.gz,primary_active_time_status,FIELDS_ZH.md,True
facts/active_time_context.csv.gz,schema_version,FIELDS_ZH.md,True
facts/active_time_context.csv.gz,canonical_annotation_id,FIELDS_ZH.md,True
facts/active_time_context.csv.gz,stage,FIELDS_ZH.md,True
facts/active_time_context.csv.gz,block_index,FIELDS_ZH.md,True
facts/active_time_context.csv.gz,project_id,FIELDS_ZH.md,True
facts/active_time_context.csv.gz,runtime_task_id,FIELDS_ZH.md,True
facts/active_time_context.csv.gz,base_task_id,FIELDS_ZH.md,True
facts/active_time_context.csv.gz,raw_condition,FIELDS_ZH.md,True
facts/active_time_context.csv.gz,worker_id,FIELDS_ZH.md,True
facts/active_time_context.csv.gz,active_time_seconds,FIELDS_ZH.md,True
facts/active_time_context.csv.gz,active_time_formal_available,FIELDS_ZH.md,True
facts/active_time_context.csv.gz,historical_active_time_eligibility_status,FIELDS_ZH.md,True
facts/active_time_context.csv.gz,timing_status,FIELDS_ZH.md,True
facts/active_time_context.csv.gz,timing_rule_version,FIELDS_ZH.md,True
facts/active_time_context.csv.gz,active_time_source,FIELDS_ZH.md,True
facts/active_time_context.csv.gz,active_time_source_file,FIELDS_ZH.md,True
facts/active_time_context.csv.gz,active_time_event_count,FIELDS_ZH.md,True
facts/active_time_context.csv.gz,active_time_session_count,FIELDS_ZH.md,True
facts/active_time_context.csv.gz,lead_time_seconds,FIELDS_ZH.md,True
facts/active_time_context.csv.gz,lead_time_status,FIELDS_ZH.md,True
facts/active_time_context.csv.gz,lead_time_is_active_time,FIELDS_ZH.md,True
facts/active_time_context.csv.gz,event_fragment_role,FIELDS_ZH.md,True
facts/annotation_spine.csv.gz,schema_version,FIELDS_ZH.md,True
facts/annotation_spine.csv.gz,annotation_identity,FIELDS_ZH.md,True
facts/annotation_spine.csv.gz,canonical_annotation_id,FIELDS_ZH.md,True
facts/annotation_spine.csv.gz,canonical_annotation_id_legacy_alias,FIELDS_ZH.md,True
facts/annotation_spine.csv.gz,raw_annotation_id,FIELDS_ZH.md,True
facts/annotation_spine.csv.gz,annotation_unique_id,FIELDS_ZH.md,True
facts/annotation_spine.csv.gz,raw_stage,FIELDS_ZH.md,True
facts/annotation_spine.csv.gz,stage,FIELDS_ZH.md,True
facts/annotation_spine.csv.gz,block_index,FIELDS_ZH.md,True
facts/annotation_spine.csv.gz,raw_project_id,FIELDS_ZH.md,True
facts/annotation_spine.csv.gz,project_id,FIELDS_ZH.md,True
facts/annotation_spine.csv.gz,raw_runtime_task_id,FIELDS_ZH.md,True
facts/annotation_spine.csv.gz,runtime_task_id,FIELDS_ZH.md,True
facts/annotation_spine.csv.gz,raw_task_data_task_id,FIELDS_ZH.md,True
facts/annotation_spine.csv.gz,raw_task_data_planned_task_id,FIELDS_ZH.md,True
facts/annotation_spine.csv.gz,planned_task_id,FIELDS_ZH.md,True
facts/annotation_spine.csv.gz,base_task_id,FIELDS_ZH.md,True
facts/annotation_spine.csv.gz,image_id,FIELDS_ZH.md,True
facts/annotation_spine.csv.gz,building_id,FIELDS_ZH.md,True
facts/annotation_spine.csv.gz,raw_worker_id,FIELDS_ZH.md,True
facts/annotation_spine.csv.gz,worker_id,FIELDS_ZH.md,True
facts/annotation_spine.csv.gz,raw_condition,FIELDS_ZH.md,True
facts/annotation_spine.csv.gz,assistance_exposure,FIELDS_ZH.md,True
facts/annotation_spine.csv.gz,task_lane,FIELDS_ZH.md,True
facts/annotation_spine.csv.gz,scope_status,FIELDS_ZH.md,True
facts/annotation_spine.csv.gz,dataset_group,FIELDS_ZH.md,True
facts/annotation_spine.csv.gz,task_stratum,FIELDS_ZH.md,True
facts/annotation_spine.csv.gz,language_group,FIELDS_ZH.md,True
facts/annotation_spine.csv.gz,assignment_provenance,FIELDS_ZH.md,True
facts/annotation_spine.csv.gz,canonical_selection_status,FIELDS_ZH.md,True
facts/annotation_spine.csv.gz,historical_primary_eligibility_status,FIELDS_ZH.md,True
facts/annotation_spine.csv.gz,historical_primary_eligibility_source_field,FIELDS_ZH.md,True
facts/annotation_spine.csv.gz,historical_formal_assignment_status,FIELDS_ZH.md,True
facts/annotation_spine.csv.gz,legacy_exclusion_reason,FIELDS_ZH.md,True
facts/annotation_spine.csv.gz,raw_geometry_point_count,FIELDS_ZH.md,True
facts/annotation_spine.csv.gz,raw_geometry_computable,FIELDS_ZH.md,True
facts/annotation_spine.csv.gz,lead_time_seconds,FIELDS_ZH.md,True
facts/annotation_spine.csv.gz,lead_time_status,FIELDS_ZH.md,True
facts/annotation_spine.csv.gz,planned_import_match_status,FIELDS_ZH.md,True
facts/annotation_spine.csv.gz,planned_import_source_paths_json,FIELDS_ZH.md,True
facts/annotation_spine.csv.gz,raw_export_path,FIELDS_ZH.md,True
facts/annotation_spine.csv.gz,raw_export_sha256,FIELDS_ZH.md,True
facts/annotation_spine.csv.gz,canonical_reconciliation_path,FIELDS_ZH.md,True
facts/annotation_spine.csv.gz,canonical_reconciliation_sha256,FIELDS_ZH.md,True
facts/annotation_version_lineage.csv.gz,schema_version,FIELDS_ZH.md,True
facts/annotation_version_lineage.csv.gz,raw_annotation_version_id,FIELDS_ZH.md,True
facts/annotation_version_lineage.csv.gz,revision_group_id,FIELDS_ZH.md,True
facts/annotation_version_lineage.csv.gz,raw_stage,FIELDS_ZH.md,True
facts/annotation_version_lineage.csv.gz,stage,FIELDS_ZH.md,True
facts/annotation_version_lineage.csv.gz,block_index,FIELDS_ZH.md,True
facts/annotation_version_lineage.csv.gz,project_id,FIELDS_ZH.md,True
facts/annotation_version_lineage.csv.gz,runtime_task_id,FIELDS_ZH.md,True
facts/annotation_version_lineage.csv.gz,base_task_id,FIELDS_ZH.md,True
facts/annotation_version_lineage.csv.gz,raw_condition,FIELDS_ZH.md,True
facts/annotation_version_lineage.csv.gz,raw_worker_id,FIELDS_ZH.md,True
facts/annotation_version_lineage.csv.gz,worker_id,FIELDS_ZH.md,True
facts/annotation_version_lineage.csv.gz,raw_annotation_id,FIELDS_ZH.md,True
facts/annotation_version_lineage.csv.gz,canonical_annotation_id,FIELDS_ZH.md,True
facts/annotation_version_lineage.csv.gz,canonical_annotation_id_legacy_alias,FIELDS_ZH.md,True
facts/annotation_version_lineage.csv.gz,canonical_join_status,FIELDS_ZH.md,True
facts/annotation_version_lineage.csv.gz,selected_canonical_version,FIELDS_ZH.md,True
facts/annotation_version_lineage.csv.gz,independent_analysis_unit,FIELDS_ZH.md,True
facts/annotation_version_lineage.csv.gz,raw_only_reason,FIELDS_ZH.md,True
facts/annotation_version_lineage.csv.gz,version_index_within_task_worker,FIELDS_ZH.md,True
facts/annotation_version_lineage.csv.gz,previous_raw_annotation_id_chronological,FIELDS_ZH.md,True
facts/annotation_version_lineage.csv.gz,parent_annotation,FIELDS_ZH.md,True
facts/annotation_version_lineage.csv.gz,created_at,FIELDS_ZH.md,True
facts/annotation_version_lineage.csv.gz,updated_at,FIELDS_ZH.md,True
facts/annotation_version_lineage.csv.gz,lead_time_seconds,FIELDS_ZH.md,True
facts/annotation_version_lineage.csv.gz,result_count,FIELDS_ZH.md,True
facts/annotation_version_lineage.csv.gz,result_sha256,FIELDS_ZH.md,True
facts/annotation_version_lineage.csv.gz,source_path,FIELDS_ZH.md,True
facts/annotation_version_lineage.csv.gz,source_sha256,FIELDS_ZH.md,True
facts/COVERAGE_AUDIT.csv.gz,schema_version,FIELDS_ZH.md,True
facts/COVERAGE_AUDIT.csv.gz,check_name,FIELDS_ZH.md,True
facts/COVERAGE_AUDIT.csv.gz,observed,FIELDS_ZH.md,True
facts/COVERAGE_AUDIT.csv.gz,expected,FIELDS_ZH.md,True
facts/COVERAGE_AUDIT.csv.gz,status,FIELDS_ZH.md,True
facts/COVERAGE_AUDIT.csv.gz,scope,FIELDS_ZH.md,True
facts/COVERAGE_AUDIT.csv.gz,note,FIELDS_ZH.md,True
facts/DATA_DICTIONARY.csv.gz,schema_version,FIELDS_ZH.md,True
facts/DATA_DICTIONARY.csv.gz,table_name,FIELDS_ZH.md,True
facts/DATA_DICTIONARY.csv.gz,field_name,FIELDS_ZH.md,True
facts/DATA_DICTIONARY.csv.gz,data_type,FIELDS_ZH.md,True
facts/DATA_DICTIONARY.csv.gz,description_zh,FIELDS_ZH.md,True
facts/DATA_DICTIONARY.csv.gz,missing_semantics_zh,FIELDS_ZH.md,True
facts/DATA_DICTIONARY.csv.gz,source_role,FIELDS_ZH.md,True
facts/geometry_pairwise.csv.gz,schema_version,FIELDS_ZH.md,True
facts/geometry_pairwise.csv.gz,geometry_pair_id,FIELDS_ZH.md,True
facts/geometry_pairwise.csv.gz,stage,FIELDS_ZH.md,True
facts/geometry_pairwise.csv.gz,block_index,FIELDS_ZH.md,True
facts/geometry_pairwise.csv.gz,base_task_id,FIELDS_ZH.md,True
facts/geometry_pairwise.csv.gz,raw_condition,FIELDS_ZH.md,True
facts/geometry_pairwise.csv.gz,variant,FIELDS_ZH.md,True
facts/geometry_pairwise.csv.gz,left_canonical_annotation_id,FIELDS_ZH.md,True
facts/geometry_pairwise.csv.gz,right_canonical_annotation_id,FIELDS_ZH.md,True
facts/geometry_pairwise.csv.gz,left_worker_id,FIELDS_ZH.md,True
facts/geometry_pairwise.csv.gz,right_worker_id,FIELDS_ZH.md,True
facts/geometry_pairwise.csv.gz,left_point_count,FIELDS_ZH.md,True
facts/geometry_pairwise.csv.gz,right_point_count,FIELDS_ZH.md,True
facts/geometry_pairwise.csv.gz,cyclic_rmse_diagonal_normalized,FIELDS_ZH.md,True
facts/geometry_pairwise.csv.gz,cyclic_rmse_status,FIELDS_ZH.md,True
facts/geometry_pairwise.csv.gz,boundary_similarity,FIELDS_ZH.md,True
facts/geometry_pairwise.csv.gz,wallwall_similarity,FIELDS_ZH.md,True
facts/geometry_pairwise.csv.gz,metric_compatible,FIELDS_ZH.md,True
facts/geometry_pairwise.csv.gz,pointwise_correspondence_compatible,FIELDS_ZH.md,True
facts/geometry_pairwise.csv.gz,correspondence_status,FIELDS_ZH.md,True
facts/geometry_pairwise.csv.gz,cyclic_correspondence_json,FIELDS_ZH.md,True
facts/geometry_pairwise.csv.gz,alignment_direction,FIELDS_ZH.md,True
facts/geometry_pairwise.csv.gz,alignment_rotation,FIELDS_ZH.md,True
facts/geometry_pairwise.csv.gz,alignment_insertion_count,FIELDS_ZH.md,True
facts/geometry_pairwise.csv.gz,alignment_deletion_count,FIELDS_ZH.md,True
facts/geometry_pairwise.csv.gz,alignment_ambiguous,FIELDS_ZH.md,True
facts/geometry_pairwise.csv.gz,pairwise_algorithm_version,FIELDS_ZH.md,True
facts/geometry_pairwise.csv.gz,pairwise_algorithm_sha256,FIELDS_ZH.md,True
facts/geometry_variants.csv.gz,schema_version,FIELDS_ZH.md,True
facts/geometry_variants.csv.gz,geometry_variant_id,FIELDS_ZH.md,True
facts/geometry_variants.csv.gz,canonical_annotation_id,FIELDS_ZH.md,True
facts/geometry_variants.csv.gz,stage,FIELDS_ZH.md,True
facts/geometry_variants.csv.gz,block_index,FIELDS_ZH.md,True
facts/geometry_variants.csv.gz,base_task_id,FIELDS_ZH.md,True
facts/geometry_variants.csv.gz,raw_condition,FIELDS_ZH.md,True
facts/geometry_variants.csv.gz,worker_id,FIELDS_ZH.md,True
facts/geometry_variants.csv.gz,variant,FIELDS_ZH.md,True
facts/geometry_variants.csv.gz,points_json,FIELDS_ZH.md,True
facts/geometry_variants.csv.gz,point_count,FIELDS_ZH.md,True
facts/geometry_variants.csv.gz,vertical_boundary_count,FIELDS_ZH.md,True
facts/geometry_variants.csv.gz,geometry_sha256,FIELDS_ZH.md,True
facts/geometry_variants.csv.gz,parse_status,FIELDS_ZH.md,True
facts/geometry_variants.csv.gz,geometry_computable,FIELDS_ZH.md,True
facts/geometry_variants.csv.gz,strict_valid,FIELDS_ZH.md,True
facts/geometry_variants.csv.gz,strict_reason,FIELDS_ZH.md,True
facts/geometry_variants.csv.gz,pairing_method,FIELDS_ZH.md,True
facts/geometry_variants.csv.gz,seam_crossing_detected,FIELDS_ZH.md,True
facts/geometry_variants.csv.gz,topology_valid,FIELDS_ZH.md,True
facts/geometry_variants.csv.gz,repair_application_status,FIELDS_ZH.md,True
facts/geometry_variants.csv.gz,repair_status,FIELDS_ZH.md,True
facts/geometry_variants.csv.gz,algorithm_version,FIELDS_ZH.md,True
facts/geometry_variants.csv.gz,algorithm_sha256,FIELDS_ZH.md,True
facts/geometry_variants.csv.gz,source_role,FIELDS_ZH.md,True
facts/geometry_variants.csv.gz,source_path,FIELDS_ZH.md,True
facts/geometry_variants.csv.gz,source_sha256,FIELDS_ZH.md,True
facts/image_registry.csv.gz,schema_version,FIELDS_ZH.md,True
facts/image_registry.csv.gz,image_id,FIELDS_ZH.md,True
facts/image_registry.csv.gz,base_task_id,FIELDS_ZH.md,True
facts/image_registry.csv.gz,building_id,FIELDS_ZH.md,True
facts/image_registry.csv.gz,image_reference,FIELDS_ZH.md,True
facts/image_registry.csv.gz,image_reference_sha256,FIELDS_ZH.md,True
facts/image_registry.csv.gz,stage_set_json,FIELDS_ZH.md,True
facts/image_registry.csv.gz,block_index_set_json,FIELDS_ZH.md,True
facts/image_registry.csv.gz,raw_condition_set_json,FIELDS_ZH.md,True
facts/image_registry.csv.gz,task_context_count,FIELDS_ZH.md,True
facts/image_registry.csv.gz,canonical_annotation_count,FIELDS_ZH.md,True
facts/image_registry.csv.gz,worker_count,FIELDS_ZH.md,True
facts/image_registry.csv.gz,planned_import_source_paths_json,FIELDS_ZH.md,True
facts/image_registry.csv.gz,raw_export_source_paths_json,FIELDS_ZH.md,True
facts/meta_response_long.csv.gz,schema_version,FIELDS_ZH.md,True
facts/meta_response_long.csv.gz,meta_response_long_id,FIELDS_ZH.md,True
facts/meta_response_long.csv.gz,canonical_annotation_id,FIELDS_ZH.md,True
facts/meta_response_long.csv.gz,stage,FIELDS_ZH.md,True
facts/meta_response_long.csv.gz,block_index,FIELDS_ZH.md,True
facts/meta_response_long.csv.gz,base_task_id,FIELDS_ZH.md,True
facts/meta_response_long.csv.gz,raw_condition,FIELDS_ZH.md,True
facts/meta_response_long.csv.gz,worker_id,FIELDS_ZH.md,True
facts/meta_response_long.csv.gz,field_name,FIELDS_ZH.md,True
facts/meta_response_long.csv.gz,choice_index,FIELDS_ZH.md,True
facts/meta_response_long.csv.gz,choice_raw,FIELDS_ZH.md,True
facts/meta_response_long.csv.gz,choice_code,FIELDS_ZH.md,True
facts/meta_response_long.csv.gz,response_state,FIELDS_ZH.md,True
facts/meta_response_long.csv.gz,field_applicability,FIELDS_ZH.md,True
facts/meta_response_long.csv.gz,response_timing_status,FIELDS_ZH.md,True
facts/meta_response_long.csv.gz,structural_na_reason,FIELDS_ZH.md,True
facts/meta_response_long.csv.gz,response_conflict,FIELDS_ZH.md,True
facts/meta_response_long.csv.gz,source_path,FIELDS_ZH.md,True
facts/meta_response_long.csv.gz,source_sha256,FIELDS_ZH.md,True
facts/meta_response_set.csv.gz,schema_version,FIELDS_ZH.md,True
facts/meta_response_set.csv.gz,meta_response_set_id,FIELDS_ZH.md,True
facts/meta_response_set.csv.gz,canonical_annotation_id,FIELDS_ZH.md,True
facts/meta_response_set.csv.gz,stage,FIELDS_ZH.md,True
facts/meta_response_set.csv.gz,block_index,FIELDS_ZH.md,True
facts/meta_response_set.csv.gz,base_task_id,FIELDS_ZH.md,True
facts/meta_response_set.csv.gz,raw_condition,FIELDS_ZH.md,True
facts/meta_response_set.csv.gz,worker_id,FIELDS_ZH.md,True
facts/meta_response_set.csv.gz,field_name,FIELDS_ZH.md,True
facts/meta_response_set.csv.gz,choice_set_json,FIELDS_ZH.md,True
facts/meta_response_set.csv.gz,choice_code_set_json,FIELDS_ZH.md,True
facts/meta_response_set.csv.gz,response_state,FIELDS_ZH.md,True
facts/meta_response_set.csv.gz,field_applicability,FIELDS_ZH.md,True
facts/meta_response_set.csv.gz,contains_positive,FIELDS_ZH.md,True
facts/meta_response_set.csv.gz,contains_explicit_negative,FIELDS_ZH.md,True
facts/meta_response_set.csv.gz,response_conflict,FIELDS_ZH.md,True
facts/meta_response_set.csv.gz,response_timing_status,FIELDS_ZH.md,True
facts/meta_response_set.csv.gz,structural_na_reason,FIELDS_ZH.md,True
facts/meta_response_set.csv.gz,source_path,FIELDS_ZH.md,True
facts/meta_response_set.csv.gz,source_sha256,FIELDS_ZH.md,True
facts/OUTPUT_MANIFEST.csv.gz,schema_version,FIELDS_ZH.md,True
facts/OUTPUT_MANIFEST.csv.gz,path,FIELDS_ZH.md,True
facts/OUTPUT_MANIFEST.csv.gz,size_bytes,FIELDS_ZH.md,True
facts/OUTPUT_MANIFEST.csv.gz,record_count,FIELDS_ZH.md,True
facts/OUTPUT_MANIFEST.csv.gz,sha256,FIELDS_ZH.md,True
facts/proposal_fact.csv.gz,schema_version,FIELDS_ZH.md,True
facts/proposal_fact.csv.gz,proposal_id,FIELDS_ZH.md,True
facts/proposal_fact.csv.gz,stage,FIELDS_ZH.md,True
facts/proposal_fact.csv.gz,block_index,FIELDS_ZH.md,True
facts/proposal_fact.csv.gz,base_task_id,FIELDS_ZH.md,True
facts/proposal_fact.csv.gz,image_id,FIELDS_ZH.md,True
facts/proposal_fact.csv.gz,building_id,FIELDS_ZH.md,True
facts/proposal_fact.csv.gz,initialization_source_kind,FIELDS_ZH.md,True
facts/proposal_fact.csv.gz,initialization_import_sha256_set_json,FIELDS_ZH.md,True
facts/proposal_fact.csv.gz,initialization_prediction_sha256,FIELDS_ZH.md,True
facts/proposal_fact.csv.gz,initial_geometry_hash,FIELDS_ZH.md,True
facts/proposal_fact.csv.gz,initial_points_json,FIELDS_ZH.md,True
facts/proposal_fact.csv.gz,initial_point_count,FIELDS_ZH.md,True
facts/proposal_fact.csv.gz,initial_geometry_computable,FIELDS_ZH.md,True
facts/proposal_fact.csv.gz,initial_geometry_consistency_status,FIELDS_ZH.md,True
facts/proposal_fact.csv.gz,planned_trap_family_set_json,FIELDS_ZH.md,True
facts/proposal_fact.csv.gz,trap_family_set_json,FIELDS_ZH.md,True
facts/proposal_fact.csv.gz,reference_identity_set_json,FIELDS_ZH.md,True
facts/proposal_fact.csv.gz,reference_sha256_set_json,FIELDS_ZH.md,True
facts/proposal_fact.csv.gz,reference_type_set_json,FIELDS_ZH.md,True
facts/proposal_fact.csv.gz,reference_availability_status,FIELDS_ZH.md,True
facts/proposal_fact.csv.gz,response_count,FIELDS_ZH.md,True
facts/proposal_fact.csv.gz,worker_count,FIELDS_ZH.md,True
facts/proposal_fact.csv.gz,source_path,FIELDS_ZH.md,True
facts/proposal_fact.csv.gz,source_sha256,FIELDS_ZH.md,True
facts/proposal_response.csv.gz,schema_version,FIELDS_ZH.md,True
facts/proposal_response.csv.gz,proposal_response_id,FIELDS_ZH.md,True
facts/proposal_response.csv.gz,proposal_id,FIELDS_ZH.md,True
facts/proposal_response.csv.gz,canonical_annotation_id,FIELDS_ZH.md,True
facts/proposal_response.csv.gz,stage,FIELDS_ZH.md,True
facts/proposal_response.csv.gz,block_index,FIELDS_ZH.md,True
facts/proposal_response.csv.gz,base_task_id,FIELDS_ZH.md,True
facts/proposal_response.csv.gz,image_id,FIELDS_ZH.md,True
facts/proposal_response.csv.gz,building_id,FIELDS_ZH.md,True
facts/proposal_response.csv.gz,worker_id,FIELDS_ZH.md,True
facts/proposal_response.csv.gz,raw_condition,FIELDS_ZH.md,True
facts/proposal_response.csv.gz,initial_points_json,FIELDS_ZH.md,True
facts/proposal_response.csv.gz,final_points_json,FIELDS_ZH.md,True
facts/proposal_response.csv.gz,initial_point_count,FIELDS_ZH.md,True
facts/proposal_response.csv.gz,final_point_count,FIELDS_ZH.md,True
facts/proposal_response.csv.gz,initial_geometry_hash,FIELDS_ZH.md,True
facts/proposal_response.csv.gz,final_geometry_hash,FIELDS_ZH.md,True
facts/proposal_response.csv.gz,initial_to_final_rmse_diagonal_normalized,FIELDS_ZH.md,True
facts/proposal_response.csv.gz,topology_changed,FIELDS_ZH.md,True
facts/proposal_response.csv.gz,exact_geometry_equal,FIELDS_ZH.md,True
facts/proposal_response.csv.gz,model_issue_choice_raw,FIELDS_ZH.md,True
facts/proposal_response.csv.gz,model_issue_choice_set_json,FIELDS_ZH.md,True
facts/proposal_response.csv.gz,model_issue_response_status,FIELDS_ZH.md,True
facts/proposal_response.csv.gz,model_issue_timing_status,FIELDS_ZH.md,True
facts/proposal_response.csv.gz,U_initial,FIELDS_ZH.md,True
facts/proposal_response.csv.gz,U_final,FIELDS_ZH.md,True
facts/proposal_response.csv.gz,delta_U,FIELDS_ZH.md,True
facts/proposal_response.csv.gz,initial_structurally_valid,FIELDS_ZH.md,True
facts/proposal_response.csv.gz,final_structurally_valid,FIELDS_ZH.md,True
facts/proposal_response.csv.gz,reference_identity,FIELDS_ZH.md,True
facts/proposal_response.csv.gz,reference_sha256,FIELDS_ZH.md,True
facts/proposal_response.csv.gz,reference_type,FIELDS_ZH.md,True
facts/proposal_response.csv.gz,reference_availability_status,FIELDS_ZH.md,True
facts/proposal_response.csv.gz,historical_formal_assignment_status,FIELDS_ZH.md,True
facts/proposal_response.csv.gz,historical_analysis_eligibility_status,FIELDS_ZH.md,True
facts/proposal_response.csv.gz,source_path,FIELDS_ZH.md,True
facts/proposal_response.csv.gz,source_sha256,FIELDS_ZH.md,True
facts/reference_measurement.csv.gz,schema_version,FIELDS_ZH.md,True
facts/reference_measurement.csv.gz,reference_measurement_id,FIELDS_ZH.md,True
facts/reference_measurement.csv.gz,canonical_annotation_id,FIELDS_ZH.md,True
facts/reference_measurement.csv.gz,proposal_id,FIELDS_ZH.md,True
facts/reference_measurement.csv.gz,stage,FIELDS_ZH.md,True
facts/reference_measurement.csv.gz,block_index,FIELDS_ZH.md,True
facts/reference_measurement.csv.gz,base_task_id,FIELDS_ZH.md,True
facts/reference_measurement.csv.gz,worker_id,FIELDS_ZH.md,True
facts/reference_measurement.csv.gz,measurement_role,FIELDS_ZH.md,True
facts/reference_measurement.csv.gz,metric_name,FIELDS_ZH.md,True
facts/reference_measurement.csv.gz,raw_metric_value,FIELDS_ZH.md,True
facts/reference_measurement.csv.gz,measurement_value,FIELDS_ZH.md,True
facts/reference_measurement.csv.gz,measurement_status,FIELDS_ZH.md,True
facts/reference_measurement.csv.gz,reference_identity,FIELDS_ZH.md,True
facts/reference_measurement.csv.gz,reference_sha256,FIELDS_ZH.md,True
facts/reference_measurement.csv.gz,reference_type,FIELDS_ZH.md,True
facts/reference_measurement.csv.gz,reference_quality_status,FIELDS_ZH.md,True
facts/reference_measurement.csv.gz,historical_eligibility_status,FIELDS_ZH.md,True
facts/reference_measurement.csv.gz,source_path,FIELDS_ZH.md,True
facts/reference_measurement.csv.gz,source_sha256,FIELDS_ZH.md,True
facts/task_context_master.csv.gz,schema_version,FIELDS_ZH.md,True
facts/task_context_master.csv.gz,task_context_id,FIELDS_ZH.md,True
facts/task_context_master.csv.gz,stage,FIELDS_ZH.md,True
facts/task_context_master.csv.gz,block_index,FIELDS_ZH.md,True
facts/task_context_master.csv.gz,raw_stage_set_json,FIELDS_ZH.md,True
facts/task_context_master.csv.gz,base_task_id,FIELDS_ZH.md,True
facts/task_context_master.csv.gz,image_id,FIELDS_ZH.md,True
facts/task_context_master.csv.gz,building_id,FIELDS_ZH.md,True
facts/task_context_master.csv.gz,raw_condition,FIELDS_ZH.md,True
facts/task_context_master.csv.gz,assistance_exposure,FIELDS_ZH.md,True
facts/task_context_master.csv.gz,task_lane,FIELDS_ZH.md,True
facts/task_context_master.csv.gz,scope_status_set_json,FIELDS_ZH.md,True
facts/task_context_master.csv.gz,dataset_group_set_json,FIELDS_ZH.md,True
facts/task_context_master.csv.gz,task_stratum_set_json,FIELDS_ZH.md,True
facts/task_context_master.csv.gz,canonical_annotation_count,FIELDS_ZH.md,True
facts/task_context_master.csv.gz,worker_count,FIELDS_ZH.md,True
facts/task_context_master.csv.gz,worker_ids_json,FIELDS_ZH.md,True
facts/task_context_master.csv.gz,raw_geometry_computable_count,FIELDS_ZH.md,True
facts/task_context_master.csv.gz,lead_time_available_count,FIELDS_ZH.md,True
facts/task_context_master.csv.gz,formal_active_time_available_count,FIELDS_ZH.md,True
facts/task_context_master.csv.gz,reference_measurement_available_count,FIELDS_ZH.md,True
images.csv,image_id,FIELDS_ZH.md,False
images.csv,building_id,FIELDS_ZH.md,False
images.csv,split,FIELDS_ZH.md,False
images.csv,population_role,FIELDS_ZH.md,False
images.csv,image_url,FIELDS_ZH.md,False
images.csv,image_url_provenance,FIELDS_ZH.md,False
images.csv,local_image_source,FIELDS_ZH.md,False
images.csv,room_instance_id,FIELDS_ZH.md,False
images.csv,room_identity_status,FIELDS_ZH.md,False
images.csv,region_class_values_json,FIELDS_ZH.md,False
images.csv,room_mapping_status,FIELDS_ZH.md,False
images.csv,coordinate_width,FIELDS_ZH.md,False
images.csv,coordinate_height,FIELDS_ZH.md,False
metric_identity_links.csv.gz,source_row,FIELDS_ZH.md,False
metric_identity_links.csv.gz,image_id,FIELDS_ZH.md,False
metric_identity_links.csv.gz,comparison,FIELDS_ZH.md,False
metric_identity_links.csv.gz,metric_contract,FIELDS_ZH.md,False
metric_identity_links.csv.gz,left_canonical_annotation_id,FIELDS_ZH.md,False
metric_identity_links.csv.gz,left_context_key,FIELDS_ZH.md,False
metric_identity_links.csv.gz,left_model_layout_id,FIELDS_ZH.md,False
metric_identity_links.csv.gz,left_reference_id,FIELDS_ZH.md,False
metric_identity_links.csv.gz,left_identity_status,FIELDS_ZH.md,False
metric_identity_links.csv.gz,right_canonical_annotation_id,FIELDS_ZH.md,False
metric_identity_links.csv.gz,right_context_key,FIELDS_ZH.md,False
metric_identity_links.csv.gz,right_model_layout_id,FIELDS_ZH.md,False
metric_identity_links.csv.gz,right_reference_id,FIELDS_ZH.md,False
metric_identity_links.csv.gz,right_identity_status,FIELDS_ZH.md,False
metric_identity_links.csv.gz,human_pair_context_relation,FIELDS_ZH.md,False
models/bilayout_test_manifest.csv,pano_id,FIELDS_ZH.md,False
models/bilayout_test_manifest.csv,split,FIELDS_ZH.md,False
models/bilayout_test_manifest.csv,status,FIELDS_ZH.md,False
models/bilayout_test_manifest.csv,ratio,FIELDS_ZH.md,False
models/bilayout_test_manifest.csv,extended_floor_uv_path,FIELDS_ZH.md,False
models/bilayout_test_manifest.csv,enclosed_floor_uv_path,FIELDS_ZH.md,False
models/bilayout_test_manifest.csv,extended_corners_px_path,FIELDS_ZH.md,False
models/bilayout_test_manifest.csv,enclosed_corners_px_path,FIELDS_ZH.md,False
models/bilayout_test_manifest.csv,extended_corner_count,FIELDS_ZH.md,False
models/bilayout_test_manifest.csv,enclosed_corner_count,FIELDS_ZH.md,False
models/bilayout_test_manifest.csv,extended_is_polygon,FIELDS_ZH.md,False
models/bilayout_test_manifest.csv,enclosed_is_polygon,FIELDS_ZH.md,False
models/bilayout_val_manifest.csv,pano_id,FIELDS_ZH.md,False
models/bilayout_val_manifest.csv,split,FIELDS_ZH.md,False
models/bilayout_val_manifest.csv,status,FIELDS_ZH.md,False
models/bilayout_val_manifest.csv,ratio,FIELDS_ZH.md,False
models/bilayout_val_manifest.csv,extended_floor_uv_path,FIELDS_ZH.md,False
models/bilayout_val_manifest.csv,enclosed_floor_uv_path,FIELDS_ZH.md,False
models/bilayout_val_manifest.csv,extended_corners_px_path,FIELDS_ZH.md,False
models/bilayout_val_manifest.csv,enclosed_corners_px_path,FIELDS_ZH.md,False
models/bilayout_val_manifest.csv,extended_corner_count,FIELDS_ZH.md,False
models/bilayout_val_manifest.csv,enclosed_corner_count,FIELDS_ZH.md,False
models/bilayout_val_manifest.csv,extended_is_polygon,FIELDS_ZH.md,False
models/bilayout_val_manifest.csv,enclosed_is_polygon,FIELDS_ZH.md,False
models/dual_equality_checks.csv,image_id,FIELDS_ZH.md,False
models/dual_equality_checks.csv,comparison_status,FIELDS_ZH.md,False
models/dual_equality_checks.csv,raw_sequence_equal,FIELDS_ZH.md,False
models/dual_equality_checks.csv,ordered_cycle_equal,FIELDS_ZH.md,False
models/dual_equality_checks.csv,declared_manifest_status,FIELDS_ZH.md,False
models/dual_equality_checks.csv,legacy_linear_gap,FIELDS_ZH.md,False
models/dual_equality_checks.csv,legacy_linear_gap_zero,FIELDS_ZH.md,False
models/dual_equality_checks.csv,legacy_metric,FIELDS_ZH.md,False
models/dual_equality_checks.csv,interpretation,FIELDS_ZH.md,False
models/layouts.jsonl,layout_id,FIELDS_ZH.md,False
models/layouts.jsonl,image_id,FIELDS_ZH.md,False
models/layouts.jsonl,model_family,FIELDS_ZH.md,False
models/layouts.jsonl,head,FIELDS_ZH.md,False
models/layouts.jsonl,source_role,FIELDS_ZH.md,False
models/layouts.jsonl,source_path,FIELDS_ZH.md,False
models/layouts.jsonl,coordinate_width,FIELDS_ZH.md,False
models/layouts.jsonl,coordinate_height,FIELDS_ZH.md,False
models/layouts.jsonl,split,FIELDS_ZH.md,False
models/layouts.jsonl,shared_model_id,FIELDS_ZH.md,False
models/layouts.jsonl,manifest_status,FIELDS_ZH.md,False
models/layouts.jsonl,declared_is_polygon,FIELDS_ZH.md,False
models/layouts.jsonl,declared_corner_count,FIELDS_ZH.md,False
models/layouts.jsonl,points_1024x512,FIELDS_ZH.md,False
models/layouts.jsonl,raw_file_text,FIELDS_ZH.md,False
models/layouts.jsonl,parse_status,FIELDS_ZH.md,False
models/layouts.jsonl,source_exists,FIELDS_ZH.md,False
models/layouts.jsonl,floor_uv_text,FIELDS_ZH.md,False
raw_annotation_versions.jsonl,schema_version,FIELDS_ZH.md,False
raw_annotation_versions.jsonl,raw_annotation_version_id,FIELDS_ZH.md,False
raw_annotation_versions.jsonl,revision_group_id,FIELDS_ZH.md,False
raw_annotation_versions.jsonl,raw_stage,FIELDS_ZH.md,False
raw_annotation_versions.jsonl,stage,FIELDS_ZH.md,False
raw_annotation_versions.jsonl,block_index,FIELDS_ZH.md,False
raw_annotation_versions.jsonl,project_id,FIELDS_ZH.md,False
raw_annotation_versions.jsonl,runtime_task_id,FIELDS_ZH.md,False
raw_annotation_versions.jsonl,base_task_id,FIELDS_ZH.md,False
raw_annotation_versions.jsonl,raw_condition,FIELDS_ZH.md,False
raw_annotation_versions.jsonl,raw_worker_id,FIELDS_ZH.md,False
raw_annotation_versions.jsonl,worker_id,FIELDS_ZH.md,False
raw_annotation_versions.jsonl,raw_annotation_id,FIELDS_ZH.md,False
raw_annotation_versions.jsonl,canonical_annotation_id,FIELDS_ZH.md,False
raw_annotation_versions.jsonl,canonical_annotation_id_legacy_alias,FIELDS_ZH.md,False
raw_annotation_versions.jsonl,canonical_join_status,FIELDS_ZH.md,False
raw_annotation_versions.jsonl,selected_canonical_version,FIELDS_ZH.md,False
raw_annotation_versions.jsonl,independent_analysis_unit,FIELDS_ZH.md,False
raw_annotation_versions.jsonl,raw_only_reason,FIELDS_ZH.md,False
raw_annotation_versions.jsonl,version_index_within_task_worker,FIELDS_ZH.md,False
raw_annotation_versions.jsonl,previous_raw_annotation_id_chronological,FIELDS_ZH.md,False
raw_annotation_versions.jsonl,parent_annotation,FIELDS_ZH.md,False
raw_annotation_versions.jsonl,created_at,FIELDS_ZH.md,False
raw_annotation_versions.jsonl,updated_at,FIELDS_ZH.md,False
raw_annotation_versions.jsonl,lead_time_seconds,FIELDS_ZH.md,False
raw_annotation_versions.jsonl,result_count,FIELDS_ZH.md,False
raw_annotation_versions.jsonl,result_sha256,FIELDS_ZH.md,False
raw_annotation_versions.jsonl,source_path,FIELDS_ZH.md,False
raw_annotation_versions.jsonl,source_sha256,FIELDS_ZH.md,False
raw_annotation_versions.jsonl,points_1024x512,FIELDS_ZH.md,False
raw_annotation_versions.jsonl,raw_keypoint_results,FIELDS_ZH.md,False
references.jsonl,layout_id,FIELDS_ZH.md,False
references.jsonl,image_id,FIELDS_ZH.md,False
references.jsonl,model_family,FIELDS_ZH.md,False
references.jsonl,head,FIELDS_ZH.md,False
references.jsonl,source_role,FIELDS_ZH.md,False
references.jsonl,source_path,FIELDS_ZH.md,False
references.jsonl,coordinate_width,FIELDS_ZH.md,False
references.jsonl,coordinate_height,FIELDS_ZH.md,False
references.jsonl,reference_status,FIELDS_ZH.md,False
references.jsonl,split,FIELDS_ZH.md,False
references.jsonl,points_1024x512,FIELDS_ZH.md,False
references.jsonl,raw_file_text,FIELDS_ZH.md,False
references.jsonl,parse_status,FIELDS_ZH.md,False
references.jsonl,source_exists,FIELDS_ZH.md,False
references.jsonl,reference_id,FIELDS_ZH.md,False
references.jsonl,scope_status,FIELDS_ZH.md,False
references.jsonl,reference_quality_status,FIELDS_ZH.md,False
references.jsonl,raw_keypoint_results,FIELDS_ZH.md,False
references.jsonl,original_reference_record,FIELDS_ZH.md,False
response_links.csv.gz,canonical_annotation_id,FIELDS_ZH.md,False
response_links.csv.gz,context_key,FIELDS_ZH.md,False
response_links.csv.gz,image_id,FIELDS_ZH.md,False
response_links.csv.gz,worker_id,FIELDS_ZH.md,False
response_links.csv.gz,partition_ids_json,FIELDS_ZH.md,False
response_links.csv.gz,model_layout_ids_json,FIELDS_ZH.md,False
response_links.csv.gz,reference_ids_json,FIELDS_ZH.md,False
response_links.csv.gz,actual_proposal_ids_json,FIELDS_ZH.md,False
SOURCE_CATALOG.csv,package_path,FIELDS_ZH.md,False
SOURCE_CATALOG.csv,original_source,FIELDS_ZH.md,False
SOURCE_CATALOG.csv,role,FIELDS_ZH.md,False
SOURCE_CATALOG.csv,original_bytes,FIELDS_ZH.md,False
SOURCE_CATALOG.csv,original_sha256,FIELDS_ZH.md,False
SOURCE_CATALOG.csv,source_content_preserved,FIELDS_ZH.md,False
SOURCE_CATALOG.csv,compression,FIELDS_ZH.md,False
