autonomous_non_delivery_probability,base_task_id,building_id,candidate_n,corner_count_change_probability,expert_escalation_probability,incremental_stop_at_4_probability,instability_probability,mean_continuous_geometry_delta,mean_k,mean_mitt_delta_vs_f0,mean_public_gt_quality,mean_quality_delta_vs_f0,mean_savings_vs_f0,policy,reach5_probability,replicate_support,selected_formal_replacement_probability,selected_output_probability,selected_repair_probability,selected_structural_invalidity_probability,stop_at_3_probability,supported_multimodality_probability
0.0,7y3sRwLe3Va_112edb40f34e470da3a5b04599e71211,7y3sRwLe3Va,5,,0.0,0.0,,,5.0,,0.8273930469565495,,,F0_FROZEN_BOUND,1.0,1000,0.0,1.0,0.0,0.0,0.0,
0.0,7y3sRwLe3Va_112edb40f34e470da3a5b04599e71211,7y3sRwLe3Va,5,0.0,0.0,0.595,0.486,0.0035417144999988627,3.595,0.0036138925986277754,0.8310069395551772,0.0036138925986277754,1.405,TG_EF5,0.0,1000,0.0,1.0,0.0,0.0,0.405,0.0
0.0,7y3sRwLe3Va_a775c7668ca9419daaf506e76851821e,7y3sRwLe3Va,5,,0.0,0.0,,,5.0,,0.8170038437484628,,,F0_FROZEN_BOUND,1.0,1000,0.0,1.0,0.0,0.0,0.0,
0.0,7y3sRwLe3Va_a775c7668ca9419daaf506e76851821e,7y3sRwLe3Va,5,0.0,0.0,0.307,0.0,0.0,4.529,0.0,0.8170038437484628,0.0,0.471,TG_EF5,0.611,1000,0.0,1.0,0.0,0.0,0.082,0.611
0.0,7y3sRwLe3Va_ad77d6eeca5b492b8fe3317177f4f03f,7y3sRwLe3Va,5,,0.0,0.0,,,5.0,,0.8213698127306455,,,F0_FROZEN_BOUND,1.0,1000,0.0,1.0,0.0,0.0,0.0,
0.0,7y3sRwLe3Va_ad77d6eeca5b492b8fe3317177f4f03f,7y3sRwLe3Va,5,0.0,0.0,0.311,0.0,0.0,4.469,0.0,0.8213698127306455,0.0,0.531,TG_EF5,0.579,1000,0.0,1.0,0.0,0.0,0.11,0.0
0.0,7y3sRwLe3Va_b47475370e824b9e923a4a96bc98e1e3,7y3sRwLe3Va,5,,0.0,0.0,,,5.0,,0.9676446818632537,,,F0_FROZEN_BOUND,1.0,1000,0.0,1.0,0.0,0.0,0.0,
0.0,7y3sRwLe3Va_b47475370e824b9e923a4a96bc98e1e3,7y3sRwLe3Va,5,0.0,0.0,0.325,0.0,0.0,4.473,0.0,0.9676446818632537,0.0,0.527,TG_EF5,0.574,1000,0.0,1.0,0.0,0.0,0.101,0.0
0.0,7y3sRwLe3Va_bbcc19afdad742eba89290ad2b5dbf6b,7y3sRwLe3Va,5,,0.0,0.0,,,5.0,,0.9722104498395593,,,F0_FROZEN_BOUND,1.0,1000,0.0,1.0,0.0,0.0,0.0,
0.0,7y3sRwLe3Va_bbcc19afdad742eba89290ad2b5dbf6b,7y3sRwLe3Va,5,0.0,0.0,0.0,0.467,0.0041200132249339435,3.0,-0.01364279444850993,0.9585676553910494,-0.01364279444850993,2.0,TG_EF5,0.0,1000,0.0,1.0,0.0,0.0,1.0,0.0
0.0,7y3sRwLe3Va_fdab6422162e49db822a37178ab70481,7y3sRwLe3Va,5,,0.0,0.0,,,5.0,,0.9521166408435916,,,F0_FROZEN_BOUND,1.0,1000,0.0,1.0,0.0,0.0,0.0,
0.0,7y3sRwLe3Va_fdab6422162e49db822a37178ab70481,7y3sRwLe3Va,5,0.0,0.0,0.608,0.481,0.0014065640573203008,3.608,0.001780475323778437,0.95389711616737,0.001780475323778437,1.392,TG_EF5,0.0,1000,0.0,1.0,0.0,0.0,0.392,0.0
0.0,B6ByNegPMKs_5b5bd1eac4e6462d8c6677b90a4cf9a9,B6ByNegPMKs,5,,0.0,0.0,,,5.0,,0.7339369477473546,,,F0_FROZEN_BOUND,1.0,1000,0.0,1.0,0.0,0.0,0.0,
0.0,B6ByNegPMKs_5b5bd1eac4e6462d8c6677b90a4cf9a9,B6ByNegPMKs,5,0.0,0.0,0.595,0.235,0.0011083734438916315,3.595,-0.01400793217908959,0.719929015568265,-0.01400793217908959,1.405,TG_EF5,0.0,1000,0.0,1.0,0.0,0.0,0.405,0.0
0.0,B6ByNegPMKs_7018ca302c584d0d85024187f3568460,B6ByNegPMKs,5,,0.0,0.0,,,5.0,,0.9772891002806026,,,F0_FROZEN_BOUND,1.0,1000,0.0,1.0,0.0,0.0,0.0,
0.0,B6ByNegPMKs_7018ca302c584d0d85024187f3568460,B6ByNegPMKs,5,0.0,0.0,0.0,0.697,0.004039909367505987,3.0,-0.013183157052362787,0.9641059432282397,-0.013183157052362787,2.0,TG_EF5,0.0,1000,0.0,1.0,0.0,0.0,1.0,0.0
0.0,B6ByNegPMKs_c946db5792df4f90bea20f06a0030c37,B6ByNegPMKs,5,,0.0,0.0,,,5.0,,0.8462045667304327,,,F0_FROZEN_BOUND,1.0,1000,0.0,1.0,0.0,0.0,0.0,
0.0,B6ByNegPMKs_c946db5792df4f90bea20f06a0030c37,B6ByNegPMKs,5,0.0,0.0,0.587,0.51,0.0018433964834670214,3.587,0.007785335048489358,0.853989901778922,0.007785335048489358,1.413,TG_EF5,0.0,1000,0.0,1.0,0.0,0.0,0.413,0.0
0.0,B6ByNegPMKs_e26e2cb761894264a4a34b1046701f6b,B6ByNegPMKs,5,,0.0,0.0,,,5.0,,0.9596907408557411,,,F0_FROZEN_BOUND,1.0,1000,0.0,1.0,0.0,0.0,0.0,
0.0,B6ByNegPMKs_e26e2cb761894264a4a34b1046701f6b,B6ByNegPMKs,5,0.0,0.0,0.323,0.0,0.0,4.495,0.0,0.9596907408557411,0.0,0.505,TG_EF5,0.586,1000,0.0,1.0,0.0,0.0,0.091,0.0
0.0,B6ByNegPMKs_e52609aae11f42a79f6cf50360180fd5,B6ByNegPMKs,5,,0.0,0.0,,,5.0,,0.5644452228741571,,,F0_FROZEN_BOUND,1.0,1000,0.0,1.0,0.0,0.0,0.0,
0.0,B6ByNegPMKs_e52609aae11f42a79f6cf50360180fd5,B6ByNegPMKs,5,0.0,0.0,0.0,0.625,0.004050726333823111,3.0,-0.01950668184604607,0.544938541028111,-0.01950668184604607,2.0,TG_EF5,0.0,1000,0.314,1.0,0.0,0.0,1.0,0.0
0.0,B6ByNegPMKs_ee063d1562c147f586ebb9f6fdb05ca6,B6ByNegPMKs,5,,0.0,0.0,,,5.0,,0.7823755160349148,,,F0_FROZEN_BOUND,1.0,1000,0.0,1.0,0.0,0.0,0.0,
0.0,B6ByNegPMKs_ee063d1562c147f586ebb9f6fdb05ca6,B6ByNegPMKs,5,0.0,0.0,0.0,0.481,0.007858785770219968,3.0,0.04602993368756822,0.8284054497224831,0.04602993368756822,2.0,TG_EF5,0.0,1000,0.0,1.0,0.0,0.0,1.0,0.0
0.0,UwV83HsGsw3_a3630444bbd94cd6ac4edbe2dc1221de,UwV83HsGsw3,5,,0.0,0.0,,,5.0,,0.7895818639798489,,,F0_FROZEN_BOUND,1.0,1000,0.0,1.0,0.0,0.0,0.0,
0.0,UwV83HsGsw3_a3630444bbd94cd6ac4edbe2dc1221de,UwV83HsGsw3,5,0.0,0.0,0.0,0.0,0.0,5.0,0.0,0.7895818639798489,0.0,0.0,TG_EF5,1.0,1000,0.0,1.0,0.0,0.0,0.0,1.0
0.0,UwV83HsGsw3_bc29294428a647038f70e0ea31ea8972,UwV83HsGsw3,22,,0.0,0.0,,,5.0,,0.9831622522425717,,,F0_FROZEN_BOUND,1.0,1000,0.0,1.0,0.0,0.0,0.0,
0.0,UwV83HsGsw3_bc29294428a647038f70e0ea31ea8972,UwV83HsGsw3,22,0.0,0.0,0.224,0.555,0.0029432485988855777,3.27,-0.0024451378047235187,0.9807171144378481,-0.0024451378047235187,1.73,TG_EF5,0.023,1000,0.0,1.0,0.0,0.0,0.753,0.0
0.0,UwV83HsGsw3_f9641b59487a4b0ca0fe41a82edc0980,UwV83HsGsw3,5,,0.0,0.0,,,5.0,,0.8264746565439073,,,F0_FROZEN_BOUND,1.0,1000,0.0,1.0,0.0,0.0,0.0,
0.0,UwV83HsGsw3_f9641b59487a4b0ca0fe41a82edc0980,UwV83HsGsw3,5,0.0,0.0,0.307,0.0,0.0,4.499,0.0,0.8264746565439073,0.0,0.501,TG_EF5,0.596,1000,0.0,1.0,0.0,0.0,0.097,0.596
0.0,X7HyMhZNoso_2b16acff0dc042a1a75816a1fbd0a302,X7HyMhZNoso,5,,0.0,0.0,,,5.0,,0.9434515514678559,,,F0_FROZEN_BOUND,1.0,1000,0.0,1.0,0.0,0.0,0.0,
0.0,X7HyMhZNoso_2b16acff0dc042a1a75816a1fbd0a302,X7HyMhZNoso,5,0.0,0.0,0.611,0.507,0.007691781669833284,3.611,-0.008531834174816028,0.9349197172930398,-0.008531834174816028,1.389,TG_EF5,0.0,1000,0.0,1.0,0.0,0.0,0.389,0.0
0.0,X7HyMhZNoso_b6f452209a62499795e5bd137214a7f9,X7HyMhZNoso,5,,0.0,0.0,,,5.0,,0.9167732608294712,,,F0_FROZEN_BOUND,1.0,1000,0.0,1.0,0.0,0.0,0.0,
0.0,X7HyMhZNoso_b6f452209a62499795e5bd137214a7f9,X7HyMhZNoso,5,0.0,0.0,0.288,0.0,0.0,4.514,0.0,0.9167732608294712,0.0,0.486,TG_EF5,0.613,1000,0.0,1.0,0.0,0.0,0.099,0.0
0.0,Z6MFQCViBuw_2008e72476f84104858e908beeac0193,Z6MFQCViBuw,5,,0.0,0.0,,,5.0,,0.971907530079762,,,F0_FROZEN_BOUND,1.0,1000,0.0,1.0,0.0,0.0,0.0,
0.0,Z6MFQCViBuw_2008e72476f84104858e908beeac0193,Z6MFQCViBuw,5,0.0,0.0,0.0,0.722,0.0042095075293733675,3.0,-0.025553171701016147,0.9463543583787459,-0.025553171701016147,2.0,TG_EF5,0.0,1000,0.0,1.0,0.0,0.0,1.0,0.0
0.0,Z6MFQCViBuw_22fff6c74efb476592569c18718feb41,Z6MFQCViBuw,5,,0.0,0.0,,,5.0,,0.9922360167751927,,,F0_FROZEN_BOUND,1.0,1000,0.0,1.0,0.0,0.0,0.0,
0.0,Z6MFQCViBuw_22fff6c74efb476592569c18718feb41,Z6MFQCViBuw,5,0.0,0.0,0.0,0.488,0.0032348628308247283,3.0,-0.01396995756075284,0.9782660592144399,-0.01396995756075284,2.0,TG_EF5,0.0,1000,0.0,1.0,0.0,0.0,1.0,0.0
0.0,Z6MFQCViBuw_59aed460238643f48f593e9b9ba1c17d,Z6MFQCViBuw,5,,0.0,0.0,,,5.0,,0.9148327464788732,,,F0_FROZEN_BOUND,1.0,1000,0.0,1.0,0.0,0.0,0.0,
0.0,Z6MFQCViBuw_59aed460238643f48f593e9b9ba1c17d,Z6MFQCViBuw,5,0.0,0.0,0.0,0.402,0.0005411209475143053,3.0,0.0005835373917500735,0.9154162838706233,0.0005835373917500735,2.0,TG_EF5,0.0,1000,0.0,1.0,0.0,0.0,1.0,0.0
0.0,b8cTxDM8gDG_f339391e9479496e8652c972953f0ce4,b8cTxDM8gDG,5,,0.0,0.0,,,5.0,,0.9596837318523213,,,F0_FROZEN_BOUND,1.0,1000,0.0,1.0,0.0,0.0,0.0,
0.0,b8cTxDM8gDG_f339391e9479496e8652c972953f0ce4,b8cTxDM8gDG,5,0.0,0.0,0.585,0.238,0.0,3.585,0.0,0.9596837318523213,0.0,1.415,TG_EF5,0.0,1000,0.0,1.0,0.0,0.0,0.415,0.0
0.0,b8cTxDM8gDG_f3748786c3704532abb2358581488f3f,b8cTxDM8gDG,5,,0.0,0.0,,,5.0,,0.6935251080396471,,,F0_FROZEN_BOUND,1.0,1000,0.0,1.0,0.0,0.0,0.0,
0.0,b8cTxDM8gDG_f3748786c3704532abb2358581488f3f,b8cTxDM8gDG,5,0.0,0.0,0.294,0.0,0.0,4.484,0.0,0.6935251080396471,0.0,0.516,TG_EF5,0.595,1000,0.0,1.0,0.0,0.0,0.111,0.595
0.0,e9zR4mvMWw7_0ee61863ec0c4c06bac95fb886e98945,e9zR4mvMWw7,5,,0.0,0.0,,,5.0,,0.9338308115179087,,,F0_FROZEN_BOUND,1.0,1000,0.0,1.0,0.0,0.0,0.0,
0.0,e9zR4mvMWw7_0ee61863ec0c4c06bac95fb886e98945,e9zR4mvMWw7,5,0.0,0.0,0.0,0.579,0.0033683791540979756,3.0,0.009081801962904815,0.9429126134808136,0.009081801962904815,2.0,TG_EF5,0.0,1000,0.0,1.0,0.0,0.0,1.0,0.0
0.0,e9zR4mvMWw7_1d316dfbe35f41dd9203eaf88be5aae8,e9zR4mvMWw7,5,,0.0,0.0,,,5.0,,0.7268648687618192,,,F0_FROZEN_BOUND,1.0,1000,1.0,1.0,0.0,0.0,0.0,
0.0,e9zR4mvMWw7_1d316dfbe35f41dd9203eaf88be5aae8,e9zR4mvMWw7,5,0.0,0.0,0.0,0.61,0.013744349736612954,3.0,0.02391815982979556,0.7507830285916147,0.02391815982979556,2.0,TG_EF5,0.0,1000,0.39,1.0,0.0,0.0,1.0,0.0
0.0,e9zR4mvMWw7_4273c4dd97974531b5256f96204fee47,e9zR4mvMWw7,5,,0.0,0.0,,,5.0,,0.8631223502044798,,,F0_FROZEN_BOUND,1.0,1000,0.0,1.0,0.0,0.0,0.0,
0.0,e9zR4mvMWw7_4273c4dd97974531b5256f96204fee47,e9zR4mvMWw7,5,0.0,0.0,0.0,0.607,0.005736716861415583,3.0,0.0022690660075511747,0.865391416212031,0.0022690660075511747,2.0,TG_EF5,0.0,1000,0.0,1.0,0.0,0.0,1.0,0.0
0.0,q9vSo1VnCiC_1cd414875b9b4311bc6a179d91e6270d,q9vSo1VnCiC,5,,0.0,0.0,,,5.0,,0.9760386257848187,,,F0_FROZEN_BOUND,1.0,1000,0.0,1.0,0.0,0.0,0.0,
0.0,q9vSo1VnCiC_1cd414875b9b4311bc6a179d91e6270d,q9vSo1VnCiC,5,0.0,0.0,0.0,0.9,0.006613054981261327,3.0,-0.017564335188886775,0.9584742905959319,-0.017564335188886775,2.0,TG_EF5,0.0,1000,0.0,1.0,0.0,0.0,1.0,0.0
0.0,q9vSo1VnCiC_3e5aacbc10904d4b88660a3cb91efcb9,q9vSo1VnCiC,5,,0.0,0.0,,,5.0,,0.9423779468227864,,,F0_FROZEN_BOUND,1.0,1000,0.0,1.0,0.0,0.0,0.0,
0.0,q9vSo1VnCiC_3e5aacbc10904d4b88660a3cb91efcb9,q9vSo1VnCiC,5,0.0,0.0,0.295,0.0,0.0,4.527,0.0,0.9423779468227864,0.0,0.473,TG_EF5,0.616,1000,0.0,1.0,0.0,0.0,0.089,0.0
0.0,q9vSo1VnCiC_830eb252ae01401a8fe55f9538e627dd,q9vSo1VnCiC,5,,0.0,0.0,,,5.0,,0.8453553711870536,,,F0_FROZEN_BOUND,1.0,1000,0.0,1.0,0.0,0.0,0.0,
0.0,q9vSo1VnCiC_830eb252ae01401a8fe55f9538e627dd,q9vSo1VnCiC,5,0.0,0.0,0.0,0.405,0.0006265722283981981,3.0,-0.0006435675896241386,0.8447118035974295,-0.0006435675896241386,2.0,TG_EF5,0.0,1000,0.0,1.0,0.0,0.0,1.0,0.0
0.0,q9vSo1VnCiC_9ba6cd412cb04c5c9beb15ef9e6d22c5,q9vSo1VnCiC,5,,0.0,0.0,,,5.0,,0.9083113586595558,,,F0_FROZEN_BOUND,1.0,1000,0.0,1.0,0.0,0.0,0.0,
0.0,q9vSo1VnCiC_9ba6cd412cb04c5c9beb15ef9e6d22c5,q9vSo1VnCiC,5,0.0,0.0,0.0,0.709,0.0032356149085314813,3.0,-0.004129589864607329,0.9041817687949485,-0.004129589864607329,2.0,TG_EF5,0.0,1000,0.323,1.0,0.0,0.0,1.0,0.0
0.0,q9vSo1VnCiC_a424533651804a38a55b1252daccc81e,q9vSo1VnCiC,5,,0.0,0.0,,,5.0,,0.9398474857637947,,,F0_FROZEN_BOUND,1.0,1000,0.0,1.0,0.0,0.0,0.0,
0.0,q9vSo1VnCiC_a424533651804a38a55b1252daccc81e,q9vSo1VnCiC,5,0.0,0.0,0.57,0.747,0.006109019720010485,3.57,-0.010731142903365106,0.9291163428604297,-0.010731142903365106,1.43,TG_EF5,0.0,1000,0.0,1.0,0.0,0.0,0.43,0.0
0.0,q9vSo1VnCiC_c4b0b6a41c2a4db3927f5fa9cafb6345,q9vSo1VnCiC,5,,0.0,0.0,,,5.0,,0.6693853073463268,,,F0_FROZEN_BOUND,1.0,1000,0.0,1.0,0.0,0.0,0.0,
0.0,q9vSo1VnCiC_c4b0b6a41c2a4db3927f5fa9cafb6345,q9vSo1VnCiC,5,0.0,0.0,0.621,0.457,0.0034599254415353547,3.621,0.002367886597910785,0.6717531939442376,0.002367886597910785,1.379,TG_EF5,0.0,1000,0.457,1.0,0.0,0.0,0.379,0.0
0.0,q9vSo1VnCiC_dc320b1236f741a98303db9f89bc68a2,q9vSo1VnCiC,5,,0.0,0.0,,,5.0,,0.7672546680208118,,,F0_FROZEN_BOUND,1.0,1000,0.0,1.0,0.0,0.0,0.0,
0.0,q9vSo1VnCiC_dc320b1236f741a98303db9f89bc68a2,q9vSo1VnCiC,5,0.0,0.0,0.609,0.512,0.0023717005032314093,3.609,0.0018189186580204364,0.7690735866788322,0.0018189186580204364,1.391,TG_EF5,0.0,1000,0.0,1.0,0.0,0.0,0.391,0.0
0.0,q9vSo1VnCiC_dc873df7717c43888a1cff13713fe146,q9vSo1VnCiC,5,,0.0,0.0,,,5.0,,0.673524397272116,,,F0_FROZEN_BOUND,1.0,1000,0.0,1.0,0.0,0.0,0.0,
0.0,q9vSo1VnCiC_dc873df7717c43888a1cff13713fe146,q9vSo1VnCiC,5,0.0,0.0,0.0,0.0,0.0,5.0,0.0,0.673524397272116,0.0,0.0,TG_EF5,1.0,1000,0.0,1.0,0.0,0.0,0.0,0.0
0.0,q9vSo1VnCiC_f7452776f0604b508bb2b0263238deb0,q9vSo1VnCiC,5,,0.0,0.0,,,5.0,,0.9135976658013877,,,F0_FROZEN_BOUND,1.0,1000,0.0,1.0,0.0,0.0,0.0,
0.0,q9vSo1VnCiC_f7452776f0604b508bb2b0263238deb0,q9vSo1VnCiC,5,0.0,0.0,0.604,0.503,0.0019003825920611618,3.604,0.006068997957627472,0.9196666637590152,0.006068997957627472,1.396,TG_EF5,0.0,1000,0.0,1.0,0.0,0.0,0.396,0.0
0.0,rPc6DW4iMge_0012f6dcce9645778ac459e189cf0db3,rPc6DW4iMge,22,,0.0,0.0,,,5.0,,0.9825988066484305,,,F0_FROZEN_BOUND,1.0,1000,0.0,1.0,0.0,0.0,0.0,
0.0,rPc6DW4iMge_0012f6dcce9645778ac459e189cf0db3,rPc6DW4iMge,22,0.0,0.0,0.254,0.521,0.0036129307785873685,3.288,-0.00029502734541002584,0.9823037793030204,-0.00029502734541002584,1.712,TG_EF5,0.017,1000,0.0,1.0,0.0,0.0,0.729,0.017
0.0,rPc6DW4iMge_0dfe61800cc540db8e25c1738bc4b8ff,rPc6DW4iMge,5,,0.0,0.0,,,5.0,,0.9280722203608187,,,F0_FROZEN_BOUND,1.0,1000,0.0,1.0,0.0,0.0,0.0,
0.0,rPc6DW4iMge_0dfe61800cc540db8e25c1738bc4b8ff,rPc6DW4iMge,5,0.0,0.0,0.0,0.0,0.0,5.0,0.0,0.9280722203608187,0.0,0.0,TG_EF5,1.0,1000,0.0,1.0,0.0,0.0,0.0,1.0
0.0,rPc6DW4iMge_4350d36797324601adba7351d09602d2,rPc6DW4iMge,5,,0.0,0.0,,,5.0,,0.949031624740041,,,F0_FROZEN_BOUND,1.0,1000,0.0,1.0,0.0,0.0,0.0,
0.0,rPc6DW4iMge_4350d36797324601adba7351d09602d2,rPc6DW4iMge,5,0.0,0.0,0.0,0.674,0.004492527274391498,3.0,0.010671646661618734,0.9597032714016597,0.010671646661618734,2.0,TG_EF5,0.0,1000,0.0,1.0,0.0,0.0,1.0,0.0
0.0,rPc6DW4iMge_9d3eb9f5d38844bfb4e5fb2cd05fd3fd,rPc6DW4iMge,22,,0.0,0.0,,,5.0,,0.9756332280513389,,,F0_FROZEN_BOUND,1.0,1000,0.0,1.0,0.0,0.0,0.0,
0.0,rPc6DW4iMge_9d3eb9f5d38844bfb4e5fb2cd05fd3fd,rPc6DW4iMge,22,0.0,0.0,0.153,0.544,0.0037440703601699867,3.153,-0.004834023436176817,0.970799204615162,-0.004834023436176817,1.847,TG_EF5,0.0,1000,0.0,1.0,0.0,0.0,0.847,0.0
0.0,rPc6DW4iMge_a72230c911234d18b08568b9d8b02dd2,rPc6DW4iMge,5,,0.0,0.0,,,5.0,,0.9695702981012807,,,F0_FROZEN_BOUND,1.0,1000,0.0,1.0,0.0,0.0,0.0,
0.0,rPc6DW4iMge_a72230c911234d18b08568b9d8b02dd2,rPc6DW4iMge,5,0.0,0.0,0.0,0.0,0.0,5.0,0.0,0.9695702981012807,0.0,0.0,TG_EF5,1.0,1000,0.0,1.0,0.0,0.0,0.0,1.0
0.028,uNb9QFRL6hY_1096f195d3294cefa462add5ab0c342e,uNb9QFRL6hY,22,,0.0,0.0,,,5.0,,0.9676080097396006,,,F0_FROZEN_BOUND,1.0,1000,0.0,0.972,0.0,0.0,0.0,
0.009,uNb9QFRL6hY_1096f195d3294cefa462add5ab0c342e,uNb9QFRL6hY,22,0.0,0.0,0.089,0.5113168724279835,0.0024526401404752532,3.143,0.016223164140015213,0.9654269925397649,-0.0022247535167508247,1.857,TG_EF5,0.027,1000,0.0,0.991,0.0,0.0,0.884,0.0
0.097,uNb9QFRL6hY_5948424345f541b9a570b48f1cfcf622,uNb9QFRL6hY,22,,0.0,0.0,,,5.0,,0.9279461169623963,,,F0_FROZEN_BOUND,1.0,1000,0.0,0.903,0.0,0.0,0.0,
0.091,uNb9QFRL6hY_5948424345f541b9a570b48f1cfcf622,uNb9QFRL6hY,22,0.0,0.0,0.082,0.019933554817275746,0.0004353650655792882,4.834,0.004738997607501877,0.9270344787948798,-0.0005465835653675619,0.166,TG_EF5,0.876,1000,0.0,0.909,0.0,0.0,0.042,0.091
0.0,uNb9QFRL6hY_5b62816d9cf94f17ae166291822ea9ab,uNb9QFRL6hY,5,,0.0,0.0,,,5.0,,0.926580474934037,,,F0_FROZEN_BOUND,1.0,1000,0.0,1.0,0.0,0.0,0.0,
0.0,uNb9QFRL6hY_5b62816d9cf94f17ae166291822ea9ab,uNb9QFRL6hY,5,0.0,0.0,0.301,0.0,0.0,4.493,0.0,0.926580474934037,0.0,0.507,TG_EF5,0.596,1000,0.0,1.0,0.0,0.0,0.103,0.0
0.0,uNb9QFRL6hY_6115ed700b5144cfa3443346381cb7cd,uNb9QFRL6hY,5,,0.0,0.0,,,5.0,,0.9058153979098593,,,F0_FROZEN_BOUND,1.0,1000,0.0,1.0,0.0,0.0,0.0,
0.0,uNb9QFRL6hY_6115ed700b5144cfa3443346381cb7cd,uNb9QFRL6hY,5,0.0,0.0,0.318,0.0,0.0,4.48,0.0,0.9058153979098593,0.0,0.52,TG_EF5,0.581,1000,0.0,1.0,0.0,0.0,0.101,0.0
0.0,uNb9QFRL6hY_6a500a9a43a340eb817c58bb084327fe,uNb9QFRL6hY,5,,0.0,0.0,,,5.0,,0.7688449848024316,,,F0_FROZEN_BOUND,1.0,1000,0.0,1.0,0.0,0.0,0.0,
0.0,uNb9QFRL6hY_6a500a9a43a340eb817c58bb084327fe,uNb9QFRL6hY,5,0.0,0.0,0.0,0.0,0.0,5.0,0.0,0.7688449848024316,0.0,0.0,TG_EF5,1.0,1000,0.0,1.0,0.0,0.0,0.0,1.0
0.0,uNb9QFRL6hY_748279b5d6e740c4b2cba9fc78d6fc62,uNb9QFRL6hY,5,,0.0,0.0,,,5.0,,0.9322346793582258,,,F0_FROZEN_BOUND,1.0,1000,0.0,1.0,0.0,0.0,0.0,
0.0,uNb9QFRL6hY_748279b5d6e740c4b2cba9fc78d6fc62,uNb9QFRL6hY,5,0.0,0.0,0.611,0.505,0.0017911625304983087,3.611,-0.007391537396502688,0.9248431419617231,-0.007391537396502688,1.389,TG_EF5,0.0,1000,0.0,1.0,0.0,0.0,0.389,0.0
0.0,uNb9QFRL6hY_85e7a14905bd44648061e3eb7f79cf13,uNb9QFRL6hY,5,,0.0,0.0,,,5.0,,0.9561991118767569,,,F0_FROZEN_BOUND,1.0,1000,0.0,1.0,0.0,0.0,0.0,
0.0,uNb9QFRL6hY_85e7a14905bd44648061e3eb7f79cf13,uNb9QFRL6hY,5,0.0,0.0,0.0,0.598,0.008198048137491937,3.0,-0.0035082755668167185,0.9526908363099401,-0.0035082755668167185,2.0,TG_EF5,0.0,1000,0.0,1.0,0.0,0.0,1.0,0.0
0.0,uNb9QFRL6hY_8b6f1b0b025848b482e747ab6a027b97,uNb9QFRL6hY,22,,0.0,0.0,,,5.0,,0.915846258511095,,,F0_FROZEN_BOUND,1.0,1000,0.0,1.0,0.0,0.0,0.0,
0.0,uNb9QFRL6hY_8b6f1b0b025848b482e747ab6a027b97,uNb9QFRL6hY,22,0.0,0.0,0.288,0.093,0.000447362831657399,4.406,1.871665876335904e-05,0.9158649751698584,1.871665876335904e-05,0.594,TG_EF5,0.559,1000,0.0,1.0,0.0,0.0,0.153,0.353
0.0,uNb9QFRL6hY_9f199750b00c4f5484a546d79e06a0f8,uNb9QFRL6hY,22,,0.0,0.0,,,5.0,,0.8850688498092446,,,F0_FROZEN_BOUND,1.0,1000,0.0,1.0,0.0,0.0,0.0,
0.0,uNb9QFRL6hY_9f199750b00c4f5484a546d79e06a0f8,uNb9QFRL6hY,22,0.0,0.0,0.041,0.003,1.4134872111262298e-05,4.919,-3.2348791487685657e-05,0.8850365010177569,-3.2348791487685657e-05,0.081,TG_EF5,0.939,1000,0.0,1.0,0.0,0.0,0.02,0.206
0.0,uNb9QFRL6hY_a372582c11864f31a9dd174e4a0ae6ad,uNb9QFRL6hY,5,,0.0,0.0,,,5.0,,0.7226790687827888,,,F0_FROZEN_BOUND,1.0,1000,0.0,1.0,0.0,0.0,0.0,
0.0,uNb9QFRL6hY_a372582c11864f31a9dd174e4a0ae6ad,uNb9QFRL6hY,5,0.0,0.0,0.31,0.0,0.0,4.492,0.0,0.7226790687827888,0.0,0.508,TG_EF5,0.591,1000,0.0,1.0,0.0,0.0,0.099,0.0
0.0,uNb9QFRL6hY_a7ab19b1a9f044f0905592de1414e8b3,uNb9QFRL6hY,5,,0.0,0.0,,,5.0,,0.8797242350501584,,,F0_FROZEN_BOUND,1.0,1000,1.0,1.0,0.0,0.0,0.0,
0.0,uNb9QFRL6hY_a7ab19b1a9f044f0905592de1414e8b3,uNb9QFRL6hY,5,0.0,0.0,0.0,0.601,0.002730677764202284,3.0,-0.0009147154926120903,0.8788095195575463,-0.0009147154926120903,2.0,TG_EF5,0.0,1000,0.399,1.0,0.0,0.0,1.0,0.0
0.015,uNb9QFRL6hY_ba24e5a57ef34c6dbc0458ed4c1e701d,uNb9QFRL6hY,22,,0.0,0.0,,,5.0,,0.8637711199204364,,,F0_FROZEN_BOUND,1.0,1000,0.0,0.985,0.0,0.0,0.0,
0.014,uNb9QFRL6hY_ba24e5a57ef34c6dbc0458ed4c1e701d,uNb9QFRL6hY,22,0.0,0.0,0.033,0.0010152284263959391,4.691734977140384e-06,4.943,-2.2473424433183937e-06,0.8637688391425051,-2.2807779313167547e-06,0.057,TG_EF5,0.955,1000,0.0,0.986,0.0,0.0,0.012,0.212
0.0,uNb9QFRL6hY_c6410f47ad754d6cbd890ba7dff8b449,uNb9QFRL6hY,5,,0.0,0.0,,,5.0,,0.7895344126440377,,,F0_FROZEN_BOUND,1.0,1000,0.0,1.0,0.0,0.0,0.0,
0.0,uNb9QFRL6hY_c6410f47ad754d6cbd890ba7dff8b449,uNb9QFRL6hY,5,0.0,0.0,0.0,0.0,0.0,5.0,0.0,0.7895344126440377,0.0,0.0,TG_EF5,1.0,1000,0.0,1.0,0.0,0.0,0.0,0.0
0.0,uNb9QFRL6hY_ca08ebfb2da647f68db41630637e400b,uNb9QFRL6hY,5,,0.0,0.0,,,5.0,,0.6997089496413732,,,F0_FROZEN_BOUND,1.0,1000,0.0,1.0,0.0,0.0,0.0,
0.0,uNb9QFRL6hY_ca08ebfb2da647f68db41630637e400b,uNb9QFRL6hY,5,0.0,0.0,0.592,0.749,0.004253186739635961,3.592,0.006151675989658648,0.7058606256310318,0.006151675989658648,1.408,TG_EF5,0.0,1000,0.0,1.0,0.0,0.0,0.408,0.0
0.0,uNb9QFRL6hY_cdca0a1a2fc343bb94bacdc3045b2d8d,uNb9QFRL6hY,5,,0.0,0.0,,,5.0,,0.8795517226896639,,,F0_FROZEN_BOUND,1.0,1000,0.0,1.0,0.0,0.0,0.0,
0.0,uNb9QFRL6hY_cdca0a1a2fc343bb94bacdc3045b2d8d,uNb9QFRL6hY,5,0.0,0.0,0.596,0.519,0.0028002796411901397,3.596,2.8984109349416975e-05,0.8795807067990132,2.8984109349416975e-05,1.404,TG_EF5,0.0,1000,0.0,1.0,0.0,0.0,0.404,0.0
0.0,uNb9QFRL6hY_f4eb9862530a4f909b46f51d1887d05f,uNb9QFRL6hY,5,,0.0,0.0,,,5.0,,0.9872787248141325,,,F0_FROZEN_BOUND,1.0,1000,0.0,1.0,0.0,0.0,0.0,
0.0,uNb9QFRL6hY_f4eb9862530a4f909b46f51d1887d05f,uNb9QFRL6hY,5,0.0,0.0,0.0,0.506,0.0007177937654809974,3.0,-0.0021908850924148376,0.9850878397217177,-0.0021908850924148376,2.0,TG_EF5,0.0,1000,0.0,1.0,0.0,0.0,1.0,0.0
0.0,uNb9QFRL6hY_f7944295a76541b186e6a557ebdbba14,uNb9QFRL6hY,5,,0.0,0.0,,,5.0,,0.6907871302535029,,,F0_FROZEN_BOUND,1.0,1000,0.0,1.0,0.0,0.0,0.0,
0.0,uNb9QFRL6hY_f7944295a76541b186e6a557ebdbba14,uNb9QFRL6hY,5,0.0,0.0,0.0,0.0,0.0,5.0,0.0,0.6907871302535029,0.0,0.0,TG_EF5,1.0,1000,0.0,1.0,0.0,0.0,0.0,0.0
0.0,uNb9QFRL6hY_fd8d4da92ec14b668ed3d2986616bd14,uNb9QFRL6hY,5,,0.0,0.0,,,5.0,,,,,F0_FROZEN_BOUND,1.0,1000,0.0,1.0,0.0,0.0,0.0,
0.0,uNb9QFRL6hY_fd8d4da92ec14b668ed3d2986616bd14,uNb9QFRL6hY,5,0.0,0.0,0.0,0.0,0.0,5.0,,,,0.0,TG_EF5,1.0,1000,0.0,1.0,0.0,0.0,0.0,0.0
0.0,wc2JMjhGNzB_03c1aca95e254bf4b0db303a28d79aee,wc2JMjhGNzB,5,,0.0,0.0,,,5.0,,0.9275011705946621,,,F0_FROZEN_BOUND,1.0,1000,0.0,1.0,0.0,0.0,0.0,
0.0,wc2JMjhGNzB_03c1aca95e254bf4b0db303a28d79aee,wc2JMjhGNzB,5,0.0,0.0,0.603,0.257,0.0013745788705053384,3.603,0.0014336557526303704,0.9289348263472924,0.0014336557526303704,1.397,TG_EF5,0.0,1000,0.0,1.0,0.0,0.0,0.397,0.0
0.0,wc2JMjhGNzB_1d8917d25abb4a77a0da9583dc82c17c,wc2JMjhGNzB,5,,0.0,0.0,,,5.0,,0.8803978622560973,,,F0_FROZEN_BOUND,1.0,1000,0.0,1.0,0.0,0.0,0.0,
0.0,wc2JMjhGNzB_1d8917d25abb4a77a0da9583dc82c17c,wc2JMjhGNzB,5,0.0,0.0,0.0,0.0,0.0,5.0,0.0,0.8803978622560973,0.0,0.0,TG_EF5,1.0,1000,0.0,1.0,0.0,0.0,0.0,0.0
0.0,wc2JMjhGNzB_4884da3227464ab5b82f631ff22205bd,wc2JMjhGNzB,5,,0.0,0.0,,,5.0,,0.5936427398895687,,,F0_FROZEN_BOUND,1.0,1000,1.0,1.0,0.0,0.0,0.0,
0.0,wc2JMjhGNzB_4884da3227464ab5b82f631ff22205bd,wc2JMjhGNzB,5,0.0,0.0,0.0,0.0,0.0,5.0,0.0,0.5936427398895687,0.0,0.0,TG_EF5,1.0,1000,1.0,1.0,0.0,0.0,0.0,0.0
0.0,wc2JMjhGNzB_55b45b0f19c2460bbcd1fb1c86c6610d,wc2JMjhGNzB,5,,0.0,0.0,,,5.0,,0.9444492609129135,,,F0_FROZEN_BOUND,1.0,1000,0.0,1.0,0.0,0.0,0.0,
0.0,wc2JMjhGNzB_55b45b0f19c2460bbcd1fb1c86c6610d,wc2JMjhGNzB,5,0.0,0.0,0.0,0.0,0.0,5.0,0.0,0.9444492609129135,0.0,0.0,TG_EF5,1.0,1000,0.0,1.0,0.0,0.0,0.0,0.0
0.0,wc2JMjhGNzB_9087f0358178420a8b9ac7b17a8919c7,wc2JMjhGNzB,5,,0.0,0.0,,,5.0,,0.9753253732738276,,,F0_FROZEN_BOUND,1.0,1000,0.0,1.0,0.0,0.0,0.0,
0.0,wc2JMjhGNzB_9087f0358178420a8b9ac7b17a8919c7,wc2JMjhGNzB,5,0.0,0.0,0.0,0.605,0.0032013316799902056,3.0,-0.00332354160363461,0.972001831670193,-0.00332354160363461,2.0,TG_EF5,0.0,1000,0.0,1.0,0.0,0.0,1.0,0.0
0.02,wc2JMjhGNzB_b41b10699d614f24851b56a9a0e743c6,wc2JMjhGNzB,22,,0.0,0.0,,,5.0,,0.7761188225830339,,,F0_FROZEN_BOUND,1.0,1000,0.0,0.98,0.0,0.0,0.0,
0.02,wc2JMjhGNzB_b41b10699d614f24851b56a9a0e743c6,wc2JMjhGNzB,22,0.0,0.0,0.043,0.0,0.0,4.929,0.0,0.7761188225830339,0.0,0.071,TG_EF5,0.943,1000,0.0,0.98,0.0,0.0,0.014,0.212
0.0,wc2JMjhGNzB_c7c84bf01a834489ad11d8450a7dc2bc,wc2JMjhGNzB,5,,0.0,0.0,,,5.0,,0.9163814119950369,,,F0_FROZEN_BOUND,1.0,1000,0.0,1.0,0.0,0.0,0.0,
0.0,wc2JMjhGNzB_c7c84bf01a834489ad11d8450a7dc2bc,wc2JMjhGNzB,5,0.0,0.0,0.0,0.483,0.003280610576216184,3.0,-0.00010826121621900764,0.9162731507788179,-0.00010826121621900764,2.0,TG_EF5,0.0,1000,0.0,1.0,0.094,0.094,1.0,0.0
0.313,wc2JMjhGNzB_dda6efcba51c40de8552408953719515,wc2JMjhGNzB,22,,0.0,0.0,,,5.0,,0.9568689385874901,,,F0_FROZEN_BOUND,1.0,1000,0.0,0.687,0.0,0.0,0.0,
0.15,wc2JMjhGNzB_dda6efcba51c40de8552408953719515,wc2JMjhGNzB,22,0.0,0.0,0.325,0.34497816593886466,0.005893301761268654,3.963,0.15401485659244835,0.954569196943593,-0.00022412365412198968,1.037,TG_EF5,0.319,1000,0.0,0.85,0.0,0.0,0.356,0.098
0.0,wc2JMjhGNzB_ec04ef10a0664e94878aa2d0f1720c2f,wc2JMjhGNzB,5,,0.0,0.0,,,5.0,,0.9709950282253635,,,F0_FROZEN_BOUND,1.0,1000,0.0,1.0,0.0,0.0,0.0,
0.0,wc2JMjhGNzB_ec04ef10a0664e94878aa2d0f1720c2f,wc2JMjhGNzB,5,0.0,0.0,0.302,0.0,0.0,4.526,0.0,0.9709950282253635,0.0,0.474,TG_EF5,0.612,1000,0.0,1.0,0.0,0.0,0.086,0.0
0.0,x8F5xyUWy9e_3a127fd2c5f34d978cba253145dae7d6,x8F5xyUWy9e,5,,0.0,0.0,,,5.0,,0.9517636183411853,,,F0_FROZEN_BOUND,1.0,1000,0.0,1.0,0.0,0.0,0.0,
0.0,x8F5xyUWy9e_3a127fd2c5f34d978cba253145dae7d6,x8F5xyUWy9e,5,0.0,0.0,0.0,0.518,0.0022221986362568787,3.0,-0.007550757396056489,0.9442128609451288,-0.007550757396056489,2.0,TG_EF5,0.0,1000,0.0,1.0,0.0,0.0,1.0,0.0
0.0,x8F5xyUWy9e_9926b38bd87e44e292d9c375050dd17d,x8F5xyUWy9e,5,,0.0,0.0,,,5.0,,0.9525457683811364,,,F0_FROZEN_BOUND,1.0,1000,0.0,1.0,0.0,0.0,0.0,
0.0,x8F5xyUWy9e_9926b38bd87e44e292d9c375050dd17d,x8F5xyUWy9e,5,0.0,0.0,0.315,0.0,0.0,4.499,0.0,0.9525457683811364,0.0,0.501,TG_EF5,0.592,1000,0.0,1.0,0.0,0.0,0.093,0.592
0.0,yqstnuAEVhm_08e2145b15fc4d2497c084af41dc7089,yqstnuAEVhm,5,,0.0,0.0,,,5.0,,0.8461372249185559,,,F0_FROZEN_BOUND,1.0,1000,0.0,1.0,0.0,0.0,0.0,
0.0,yqstnuAEVhm_08e2145b15fc4d2497c084af41dc7089,yqstnuAEVhm,5,0.0,0.0,0.0,0.503,0.0019076049009460441,3.0,-0.009801870074119423,0.8363353548444366,-0.009801870074119423,2.0,TG_EF5,0.0,1000,0.0,1.0,0.0,0.0,1.0,0.0
0.034,yqstnuAEVhm_26b2e92ccd314a2da1a4fc8dfc6e6f56,yqstnuAEVhm,22,,0.0,0.0,,,5.0,,0.9649860679294142,,,F0_FROZEN_BOUND,1.0,1000,0.0,0.966,0.0,0.0,0.0,
0.03,yqstnuAEVhm_26b2e92ccd314a2da1a4fc8dfc6e6f56,yqstnuAEVhm,22,0.0,0.0,0.307,0.22981366459627328,0.0017932883396245658,4.079,0.0036097650887246422,0.9647281512459163,-7.528421211730261e-05,0.921,TG_EF5,0.386,1000,0.0,0.97,0.0,0.0,0.307,0.077
0.0,yqstnuAEVhm_2f8c1f8ea7364f67b1c5fe2be2750257,yqstnuAEVhm,5,,0.0,0.0,,,5.0,,0.950241617252949,,,F0_FROZEN_BOUND,1.0,1000,0.0,1.0,0.0,0.0,0.0,
0.0,yqstnuAEVhm_2f8c1f8ea7364f67b1c5fe2be2750257,yqstnuAEVhm,5,0.0,0.0,0.0,0.468,0.0008701606283850831,3.0,-0.003409868355373856,0.9468317488975752,-0.003409868355373856,2.0,TG_EF5,0.0,1000,0.0,1.0,0.0,0.0,1.0,0.0
0.0,yqstnuAEVhm_30f3ce4575234a7ba5ff97797f059ae1,yqstnuAEVhm,5,,0.0,0.0,,,5.0,,0.8259252357882063,,,F0_FROZEN_BOUND,1.0,1000,0.0,1.0,0.0,0.0,0.0,
0.0,yqstnuAEVhm_30f3ce4575234a7ba5ff97797f059ae1,yqstnuAEVhm,5,0.0,0.0,0.317,0.0,0.0,4.475,0.0,0.8259252357882063,0.0,0.525,TG_EF5,0.579,1000,0.0,1.0,0.0,0.0,0.104,0.579
0.0,yqstnuAEVhm_4642492bb42d40debb1a3bad0ea7a24f,yqstnuAEVhm,5,,0.0,0.0,,,5.0,,0.9392927930407973,,,F0_FROZEN_BOUND,1.0,1000,0.0,1.0,0.0,0.0,0.0,
0.0,yqstnuAEVhm_4642492bb42d40debb1a3bad0ea7a24f,yqstnuAEVhm,5,0.0,0.0,0.0,0.0,0.0,5.0,0.0,0.9392927930407973,0.0,0.0,TG_EF5,1.0,1000,0.0,1.0,0.0,0.0,0.0,1.0
0.0,yqstnuAEVhm_48447297e8444171a5db34ccf38bc229,yqstnuAEVhm,5,,0.0,0.0,,,5.0,,0.9134234623295442,,,F0_FROZEN_BOUND,1.0,1000,0.0,1.0,0.0,0.0,0.0,
0.0,yqstnuAEVhm_48447297e8444171a5db34ccf38bc229,yqstnuAEVhm,5,0.0,0.0,0.0,0.0,0.0,5.0,0.0,0.9134234623295442,0.0,0.0,TG_EF5,1.0,1000,0.0,1.0,0.0,0.0,0.0,0.0
0.0,yqstnuAEVhm_9cb726b170554b9bacd039d4db246040,yqstnuAEVhm,5,,0.0,0.0,,,5.0,,0.8308755476028876,,,F0_FROZEN_BOUND,1.0,1000,0.0,1.0,0.0,0.0,0.0,
0.0,yqstnuAEVhm_9cb726b170554b9bacd039d4db246040,yqstnuAEVhm,5,0.0,0.0,0.277,0.0,0.0,4.495,0.0,0.8308755476028876,0.0,0.505,TG_EF5,0.609,1000,0.0,1.0,0.0,0.0,0.114,0.609
0.08,yqstnuAEVhm_9de98503fd994452b627cdcc7a7d47b2,yqstnuAEVhm,22,,0.0,0.0,,,5.0,,0.9376075149070501,,,F0_FROZEN_BOUND,1.0,1000,0.0,0.92,0.0,0.0,0.0,
0.067,yqstnuAEVhm_9de98503fd994452b627cdcc7a7d47b2,yqstnuAEVhm,22,0.0,0.0,0.24,0.13260869565217392,0.0015096109040750767,4.428,0.01020718205009288,0.9354834895654651,-0.0018378493036571388,0.572,TG_EF5,0.594,1000,0.0,0.933,0.0,0.0,0.166,0.318
0.0,yqstnuAEVhm_b26ae45c6c12443cbcfc3997f2e63347,yqstnuAEVhm,5,,0.0,0.0,,,5.0,,0.9069873782822035,,,F0_FROZEN_BOUND,1.0,1000,0.0,1.0,0.0,0.0,0.0,
0.0,yqstnuAEVhm_b26ae45c6c12443cbcfc3997f2e63347,yqstnuAEVhm,5,0.0,0.0,0.306,0.0,0.0,4.458,0.0,0.9069873782822035,0.0,0.542,TG_EF5,0.576,1000,0.0,1.0,0.0,0.0,0.118,0.576
0.0,yqstnuAEVhm_c93bf298b1cb41a1b368a6ce8bcff53d,yqstnuAEVhm,5,,0.0,0.0,,,5.0,,0.9564454449485804,,,F0_FROZEN_BOUND,1.0,1000,0.0,1.0,0.0,0.0,0.0,
0.0,yqstnuAEVhm_c93bf298b1cb41a1b368a6ce8bcff53d,yqstnuAEVhm,5,0.0,0.0,0.294,0.0,0.0,4.48,0.0,0.9564454449485804,0.0,0.52,TG_EF5,0.593,1000,0.0,1.0,0.0,0.0,0.113,0.0
