task_id,base_task_id,building_id,stage,full_valid_support,threshold,partition_status,structure_status,cluster_count,largest_cluster_support,second_cluster_support,second_cluster_share,top_support_tie,second_rank_support_tie,second_rank_unique,supported_multimodal_at_threshold_count_of_5,same_status_at_all_5_thresholds,cluster_membership_json,second_ranked_mode_member_ids_json,interpretation
C1|C1_anchor_all|UwV83HsGsw3_bc29294428a647038f70e0ea31ea8972,UwV83HsGsw3_bc29294428a647038f70e0ea31ea8972,UwV83HsGsw3,C1,23,0.95,unique,dominant_with_dissent,3,21,1,0.043478260869565216,False,True,False,0,True,"[[""C1|66|3182|27|5817"", ""C1|66|3182|28|5763"", ""C1|66|3182|29|6359"", ""C1|66|3182|30|5998"", ""C1|66|3182|31|5934"", ""C1|66|3182|32|6347"", ""C1|66|3182|33|5762"", ""C1|66|3182|34|5875"", ""C1|66|3182|35|5921"", ""C1|69|3294|1|6281"", ""C1|69|3294|10|6157"", ""C1|69|3294|11|6385"", ""C1|69|3294|12|6282"", ""C1|69|3294|13|6216"", ""C1|69|3294|14|6486"", ""C1|69|3294|15|6453"", ""C1|69|3294|17|6188"", ""C1|69|3294|18|6522"", ""C1|69|3294|2|4843"", ""C1|69|3294|6|6249"", ""C1|69|3294|8|6105""], [""C1|66|3182|37|5862""], [""C1|66|3182|36|5861""]]","[""C1|66|3182|37|5862""]",second-ranked mode includes deterministic ties; it is not external ground truth
C1|C1_anchor_all|rPc6DW4iMge_0012f6dcce9645778ac459e189cf0db3,rPc6DW4iMge_0012f6dcce9645778ac459e189cf0db3,rPc6DW4iMge,C1,23,0.95,unique,supported_multimodal,2,21,2,0.08695652173913043,False,False,True,4,False,"[[""C1|66|3191|27|5819"", ""C1|66|3191|28|5772"", ""C1|66|3191|29|6425"", ""C1|66|3191|30|6006"", ""C1|66|3191|31|5955"", ""C1|66|3191|33|5811"", ""C1|66|3191|34|6050"", ""C1|66|3191|35|5930"", ""C1|66|3191|36|6082"", ""C1|66|3191|37|5871"", ""C1|69|3303|10|6170"", ""C1|69|3303|11|6394"", ""C1|69|3303|12|6311"", ""C1|69|3303|13|6225"", ""C1|69|3303|14|6495"", ""C1|69|3303|15|6462"", ""C1|69|3303|17|6197"", ""C1|69|3303|18|6531"", ""C1|69|3303|2|4852"", ""C1|69|3303|6|6258"", ""C1|69|3303|8|6114""], [""C1|66|3191|32|6356"", ""C1|69|3303|1|6305""]]","[""C1|66|3191|32|6356"", ""C1|69|3303|1|6305""]",second-ranked mode includes deterministic ties; it is not external ground truth
C1|C1_anchor_all|rPc6DW4iMge_9d3eb9f5d38844bfb4e5fb2cd05fd3fd,rPc6DW4iMge_9d3eb9f5d38844bfb4e5fb2cd05fd3fd,rPc6DW4iMge,C1,23,0.95,unique,dominant_with_dissent,2,22,1,0.043478260869565216,False,False,True,0,False,"[[""C1|66|3192|27|5820"", ""C1|66|3192|28|5773"", ""C1|66|3192|29|6426"", ""C1|66|3192|30|6007"", ""C1|66|3192|31|5957"", ""C1|66|3192|32|6357"", ""C1|66|3192|33|5812"", ""C1|66|3192|34|6053"", ""C1|66|3192|35|5931"", ""C1|66|3192|36|6083"", ""C1|69|3304|1|6306"", ""C1|69|3304|10|6171"", ""C1|69|3304|11|6395"", ""C1|69|3304|12|6313"", ""C1|69|3304|13|6226"", ""C1|69|3304|14|6496"", ""C1|69|3304|15|6463"", ""C1|69|3304|17|6198"", ""C1|69|3304|18|6532"", ""C1|69|3304|2|4853"", ""C1|69|3304|6|6259"", ""C1|69|3304|8|6115""], [""C1|66|3192|37|5872""]]","[""C1|66|3192|37|5872""]",second-ranked mode includes deterministic ties; it is not external ground truth
C1|C1_anchor_all|uNb9QFRL6hY_1096f195d3294cefa462add5ab0c342e,uNb9QFRL6hY_1096f195d3294cefa462add5ab0c342e,uNb9QFRL6hY,C1,23,0.95,unique,dominant_with_dissent,2,22,1,0.043478260869565216,False,False,True,0,False,"[[""C1|66|3193|27|5821"", ""C1|66|3193|29|6427"", ""C1|66|3193|30|6008"", ""C1|66|3193|31|5958"", ""C1|66|3193|32|6358"", ""C1|66|3193|33|5813"", ""C1|66|3193|34|6054"", ""C1|66|3193|35|5932"", ""C1|66|3193|36|6084"", ""C1|66|3193|37|5873"", ""C1|69|3305|1|6308"", ""C1|69|3305|10|6172"", ""C1|69|3305|11|6396"", ""C1|69|3305|12|6315"", ""C1|69|3305|13|6227"", ""C1|69|3305|14|6497"", ""C1|69|3305|15|6464"", ""C1|69|3305|17|6199"", ""C1|69|3305|18|6533"", ""C1|69|3305|2|4854"", ""C1|69|3305|6|6260"", ""C1|69|3305|8|6116""], [""C1|66|3193|28|5774""]]","[""C1|66|3193|28|5774""]",second-ranked mode includes deterministic ties; it is not external ground truth
C1|C1_anchor_all|uNb9QFRL6hY_5948424345f541b9a570b48f1cfcf622,uNb9QFRL6hY_5948424345f541b9a570b48f1cfcf622,uNb9QFRL6hY,C1,23,0.95,not_evaluable,not_evaluable,,0,0,0.0,False,False,True,4,False,[],[],second-ranked mode includes deterministic ties; it is not external ground truth
C1|C1_anchor_all|uNb9QFRL6hY_8b6f1b0b025848b482e747ab6a027b97,uNb9QFRL6hY_8b6f1b0b025848b482e747ab6a027b97,uNb9QFRL6hY,C1,23,0.95,unique,supported_multimodal,4,12,8,0.34782608695652173,False,False,True,5,True,"[[""C1|66|3185|28|5766"", ""C1|66|3185|29|6362"", ""C1|66|3185|30|6000"", ""C1|66|3185|32|6350"", ""C1|66|3185|33|5805"", ""C1|66|3185|34|6044"", ""C1|66|3185|35|5924"", ""C1|69|3297|10|6164"", ""C1|69|3297|11|6388"", ""C1|69|3297|14|6489"", ""C1|69|3297|15|6456"", ""C1|69|3297|8|6108""], [""C1|66|3185|27|5829"", ""C1|66|3185|36|5995"", ""C1|69|3297|12|6299"", ""C1|69|3297|13|6219"", ""C1|69|3297|17|6191"", ""C1|69|3297|18|6525"", ""C1|69|3297|2|4846"", ""C1|69|3297|6|6252""], [""C1|66|3185|31|5939"", ""C1|66|3185|37|5865""], [""C1|69|3297|1|6295""]]","[""C1|66|3185|27|5829"", ""C1|66|3185|36|5995"", ""C1|69|3297|12|6299"", ""C1|69|3297|13|6219"", ""C1|69|3297|17|6191"", ""C1|69|3297|18|6525"", ""C1|69|3297|2|4846"", ""C1|69|3297|6|6252""]",second-ranked mode includes deterministic ties; it is not external ground truth
C1|C1_anchor_all|uNb9QFRL6hY_9f199750b00c4f5484a546d79e06a0f8,uNb9QFRL6hY_9f199750b00c4f5484a546d79e06a0f8,uNb9QFRL6hY,C1,23,0.95,unique,supported_multimodal,7,5,5,0.21739130434782608,True,False,False,5,True,"[[""C1|66|3187|28|5768"", ""C1|66|3187|32|6352"", ""C1|66|3187|35|5926"", ""C1|69|3299|11|6390"", ""C1|69|3299|14|6491""], [""C1|69|3299|15|6458"", ""C1|69|3299|17|6193"", ""C1|69|3299|18|6527"", ""C1|69|3299|2|4848"", ""C1|69|3299|8|6110""], [""C1|66|3187|30|6002"", ""C1|66|3187|33|5807"", ""C1|66|3187|36|5997"", ""C1|66|3187|37|5867""], [""C1|66|3187|29|6421"", ""C1|69|3299|10|6166"", ""C1|69|3299|13|6221"", ""C1|69|3299|6|6254""], [""C1|66|3187|27|5850"", ""C1|69|3299|1|6298"", ""C1|69|3299|12|6304""], [""C1|66|3187|31|5943""], [""C1|66|3187|34|6045""]]","[""C1|69|3299|15|6458"", ""C1|69|3299|17|6193"", ""C1|69|3299|18|6527"", ""C1|69|3299|2|4848"", ""C1|69|3299|8|6110""]",second-ranked mode includes deterministic ties; it is not external ground truth
C1|C1_anchor_all|uNb9QFRL6hY_ba24e5a57ef34c6dbc0458ed4c1e701d,uNb9QFRL6hY_ba24e5a57ef34c6dbc0458ed4c1e701d,uNb9QFRL6hY,C1,23,0.95,not_evaluable,not_evaluable,,0,0,0.0,False,False,True,3,False,[],[],second-ranked mode includes deterministic ties; it is not external ground truth
C1|C1_anchor_all|wc2JMjhGNzB_b41b10699d614f24851b56a9a0e743c6,wc2JMjhGNzB_b41b10699d614f24851b56a9a0e743c6,wc2JMjhGNzB,C1,23,0.95,unique,supported_multimodal,7,5,5,0.21739130434782608,True,False,False,3,False,"[[""C1|69|3302|10|6169"", ""C1|69|3302|11|6393"", ""C1|69|3302|14|6494"", ""C1|69|3302|15|6461"", ""C1|69|3302|18|6530""], [""C1|66|3190|28|5771"", ""C1|69|3302|12|6310"", ""C1|69|3302|13|6224"", ""C1|69|3302|6|6257"", ""C1|69|3302|8|6113""], [""C1|66|3190|30|6005"", ""C1|66|3190|32|6355"", ""C1|66|3190|34|6048"", ""C1|66|3190|36|6081""], [""C1|66|3190|31|5949"", ""C1|66|3190|33|5810"", ""C1|66|3190|35|5929"", ""C1|69|3302|1|6303""], [""C1|66|3190|27|5848"", ""C1|66|3190|29|6424""], [""C1|69|3302|17|6196"", ""C1|69|3302|2|4851""], [""C1|66|3190|37|5870""]]","[""C1|66|3190|28|5771"", ""C1|69|3302|12|6310"", ""C1|69|3302|13|6224"", ""C1|69|3302|6|6257"", ""C1|69|3302|8|6113""]",second-ranked mode includes deterministic ties; it is not external ground truth
C1|C1_anchor_all|wc2JMjhGNzB_dda6efcba51c40de8552408953719515,wc2JMjhGNzB_dda6efcba51c40de8552408953719515,wc2JMjhGNzB,C1,23,0.95,unique,supported_multimodal,3,15,7,0.30434782608695654,False,False,True,2,False,"[[""C1|66|3184|27|5818"", ""C1|66|3184|28|5765"", ""C1|66|3184|29|6361"", ""C1|66|3184|33|5804"", ""C1|66|3184|34|6055"", ""C1|69|3296|10|6162"", ""C1|69|3296|11|6387"", ""C1|69|3296|12|6294"", ""C1|69|3296|13|6218"", ""C1|69|3296|14|6488"", ""C1|69|3296|15|6455"", ""C1|69|3296|17|6190"", ""C1|69|3296|18|6524"", ""C1|69|3296|2|4845"", ""C1|69|3296|8|6107""], [""C1|66|3184|30|5999"", ""C1|66|3184|31|5938"", ""C1|66|3184|32|6349"", ""C1|66|3184|35|5923"", ""C1|66|3184|36|5994"", ""C1|69|3296|1|6293"", ""C1|69|3296|6|6251""], [""C1|66|3184|37|5864""]]","[""C1|66|3184|30|5999"", ""C1|66|3184|31|5938"", ""C1|66|3184|32|6349"", ""C1|66|3184|35|5923"", ""C1|66|3184|36|5994"", ""C1|69|3296|1|6293"", ""C1|69|3296|6|6251""]",second-ranked mode includes deterministic ties; it is not external ground truth
C1|C1_anchor_all|yqstnuAEVhm_26b2e92ccd314a2da1a4fc8dfc6e6f56,yqstnuAEVhm_26b2e92ccd314a2da1a4fc8dfc6e6f56,yqstnuAEVhm,C1,23,0.95,unique,supported_multimodal,6,15,3,0.13043478260869565,False,False,True,3,False,"[[""C1|66|3186|29|6420"", ""C1|66|3186|30|6001"", ""C1|66|3186|31|5942"", ""C1|66|3186|35|5925"", ""C1|66|3186|36|5996"", ""C1|66|3186|37|5866"", ""C1|69|3298|10|6165"", ""C1|69|3298|12|6301"", ""C1|69|3298|13|6220"", ""C1|69|3298|15|6457"", ""C1|69|3298|17|6192"", ""C1|69|3298|18|6526"", ""C1|69|3298|2|4847"", ""C1|69|3298|6|6253"", ""C1|69|3298|8|6109""], [""C1|66|3186|28|5767"", ""C1|66|3186|33|5806"", ""C1|69|3298|1|6296""], [""C1|69|3298|11|6389"", ""C1|69|3298|14|6490""], [""C1|66|3186|27|5852""], [""C1|66|3186|32|6351""], [""C1|66|3186|34|6056""]]","[""C1|66|3186|28|5767"", ""C1|66|3186|33|5806"", ""C1|69|3298|1|6296""]",second-ranked mode includes deterministic ties; it is not external ground truth
C1|C1_anchor_all|yqstnuAEVhm_9de98503fd994452b627cdcc7a7d47b2,yqstnuAEVhm_9de98503fd994452b627cdcc7a7d47b2,yqstnuAEVhm,C1,23,0.95,not_evaluable,not_evaluable,,0,0,0.0,False,False,True,4,False,[],[],second-ranked mode includes deterministic ties; it is not external ground truth
P1|PreScreen_manual|7y3sRwLe3Va_1410b021e1c14f529188eb026fbb369a,7y3sRwLe3Va_1410b021e1c14f529188eb026fbb369a,7y3sRwLe3Va,P1,25,0.95,unique,dominant_with_dissent,2,24,1,0.04,False,False,True,0,True,"[[""P1|28|3071|1|4831"", ""P1|28|3071|10|3208"", ""P1|28|3071|11|3585"", ""P1|28|3071|12|3471"", ""P1|28|3071|13|3376"", ""P1|28|3071|14|3547"", ""P1|28|3071|15|3638"", ""P1|28|3071|17|3258"", ""P1|28|3071|18|4774"", ""P1|28|3071|2|4728"", ""P1|28|3071|21|3714"", ""P1|28|3071|6|3320"", ""P1|28|3071|8|3760"", ""P1|39|3143|27|4018"", ""P1|39|3143|28|3976"", ""P1|39|3143|29|4579"", ""P1|39|3143|30|4215"", ""P1|39|3143|31|4140"", ""P1|39|3143|32|4276"", ""P1|39|3143|33|4287"", ""P1|39|3143|34|4440"", ""P1|39|3143|35|4350"", ""P1|39|3143|36|4608"", ""P1|39|3143|37|4501""], [""P1|28|3071|19|4633""]]","[""P1|28|3071|19|4633""]",second-ranked mode includes deterministic ties; it is not external ground truth
P1|PreScreen_manual|B6ByNegPMKs_4b983544c13946e3a3a518c565ad1086,B6ByNegPMKs_4b983544c13946e3a3a518c565ad1086,B6ByNegPMKs,P1,25,0.95,unique,supported_multimodal,3,16,8,0.32,False,False,True,1,False,"[[""P1|28|3076|1|4836"", ""P1|28|3076|10|3213"", ""P1|28|3076|11|3590"", ""P1|28|3076|18|4779"", ""P1|28|3076|19|4638"", ""P1|28|3076|2|4733"", ""P1|39|3148|27|4023"", ""P1|39|3148|28|3971"", ""P1|39|3148|29|4584"", ""P1|39|3148|30|4210"", ""P1|39|3148|31|4145"", ""P1|39|3148|32|4281"", ""P1|39|3148|33|4295"", ""P1|39|3148|35|4355"", ""P1|39|3148|36|4672"", ""P1|39|3148|37|4506""], [""P1|28|3076|12|3476"", ""P1|28|3076|13|3381"", ""P1|28|3076|14|3552"", ""P1|28|3076|15|3643"", ""P1|28|3076|17|3263"", ""P1|28|3076|21|3719"", ""P1|28|3076|6|3325"", ""P1|28|3076|8|3765""], [""P1|39|3148|34|4483""]]","[""P1|28|3076|12|3476"", ""P1|28|3076|13|3381"", ""P1|28|3076|14|3552"", ""P1|28|3076|15|3643"", ""P1|28|3076|17|3263"", ""P1|28|3076|21|3719"", ""P1|28|3076|6|3325"", ""P1|28|3076|8|3765""]",second-ranked mode includes deterministic ties; it is not external ground truth
P1|PreScreen_manual|B6ByNegPMKs_b8e1ecf1bd044e7292581a66683e7993,B6ByNegPMKs_b8e1ecf1bd044e7292581a66683e7993,B6ByNegPMKs,P1,24,0.95,unique,dominant_with_dissent,3,22,1,0.041666666666666664,False,True,False,0,False,"[[""P1|28|3057|1|4817"", ""P1|28|3057|10|3194"", ""P1|28|3057|11|3562"", ""P1|28|3057|12|3457"", ""P1|28|3057|13|3362"", ""P1|28|3057|14|3532"", ""P1|28|3057|15|3624"", ""P1|28|3057|17|3137"", ""P1|28|3057|18|4701"", ""P1|28|3057|2|4713"", ""P1|28|3057|21|3700"", ""P1|28|3057|6|3306"", ""P1|28|3057|8|3746"", ""P1|39|3129|27|4004"", ""P1|39|3129|28|3959"", ""P1|39|3129|29|4565"", ""P1|39|3129|30|4197"", ""P1|39|3129|31|4126"", ""P1|39|3129|33|4226"", ""P1|39|3129|34|4426"", ""P1|39|3129|35|4334"", ""P1|39|3129|36|4595""], [""P1|39|3129|37|4488""], [""P1|28|3057|19|4618""]]","[""P1|39|3129|37|4488""]",second-ranked mode includes deterministic ties; it is not external ground truth
P1|PreScreen_manual|B6ByNegPMKs_cee80ced97274e248d4ccaa582e12624,B6ByNegPMKs_cee80ced97274e248d4ccaa582e12624,B6ByNegPMKs,P1,25,0.95,unique,supported_multimodal,2,23,2,0.08,False,False,True,4,False,"[[""P1|28|3068|1|4828"", ""P1|28|3068|10|3205"", ""P1|28|3068|11|3582"", ""P1|28|3068|12|3468"", ""P1|28|3068|13|3373"", ""P1|28|3068|14|3544"", ""P1|28|3068|15|3635"", ""P1|28|3068|17|3255"", ""P1|28|3068|18|4771"", ""P1|28|3068|19|4630"", ""P1|28|3068|2|4724"", ""P1|28|3068|21|3711"", ""P1|28|3068|6|3317"", ""P1|28|3068|8|3757"", ""P1|39|3140|27|4015"", ""P1|39|3140|28|3978"", ""P1|39|3140|29|4576"", ""P1|39|3140|30|4218"", ""P1|39|3140|31|4137"", ""P1|39|3140|33|4248"", ""P1|39|3140|35|4347"", ""P1|39|3140|36|4605"", ""P1|39|3140|37|4498""], [""P1|39|3140|32|4273"", ""P1|39|3140|34|4437""]]","[""P1|39|3140|32|4273"", ""P1|39|3140|34|4437""]",second-ranked mode includes deterministic ties; it is not external ground truth
P1|PreScreen_manual|UwV83HsGsw3_7482b1a2655e4655ae4ab58749f43f65,UwV83HsGsw3_7482b1a2655e4655ae4ab58749f43f65,UwV83HsGsw3,P1,24,0.95,unique,supported_multimodal,9,8,4,0.16666666666666666,False,False,True,4,False,"[[""P1|28|3054|10|3191"", ""P1|28|3054|13|3359"", ""P1|28|3054|14|3529"", ""P1|28|3054|15|3222"", ""P1|28|3054|8|3743"", ""P1|39|3126|28|3918"", ""P1|39|3126|31|4120"", ""P1|39|3126|37|4485""], [""P1|39|3126|29|4562"", ""P1|39|3126|34|4424"", ""P1|39|3126|35|4331"", ""P1|39|3126|36|4530""], [""P1|28|3054|11|3559"", ""P1|28|3054|12|3454"", ""P1|28|3054|21|3697""], [""P1|28|3054|17|3134"", ""P1|28|3054|6|3303"", ""P1|39|3126|30|4194""], [""P1|28|3054|2|4039"", ""P1|39|3126|27|4001""], [""P1|28|3054|18|4698""], [""P1|39|3126|33|4223""], [""P1|28|3054|1|4814""], [""P1|39|3126|32|4250""]]","[""P1|39|3126|29|4562"", ""P1|39|3126|34|4424"", ""P1|39|3126|35|4331"", ""P1|39|3126|36|4530""]",second-ranked mode includes deterministic ties; it is not external ground truth
P1|PreScreen_manual|UwV83HsGsw3_8e9c912f525744eeaea21083a20a1596,UwV83HsGsw3_8e9c912f525744eeaea21083a20a1596,UwV83HsGsw3,P1,24,0.95,unique,supported_multimodal,6,18,2,0.08333333333333333,False,False,True,3,False,"[[""P1|28|3053|10|3190"", ""P1|28|3053|11|3541"", ""P1|28|3053|12|3453"", ""P1|28|3053|13|3358"", ""P1|28|3053|14|3528"", ""P1|28|3053|15|3221"", ""P1|28|3053|17|3133"", ""P1|28|3053|18|4697"", ""P1|28|3053|2|4037"", ""P1|28|3053|21|3696"", ""P1|28|3053|6|3302"", ""P1|28|3053|8|3742"", ""P1|39|3125|27|4000"", ""P1|39|3125|28|3916"", ""P1|39|3125|29|4561"", ""P1|39|3125|31|4119"", ""P1|39|3125|36|4529"", ""P1|39|3125|37|4484""], [""P1|28|3053|1|4813"", ""P1|39|3125|34|4423""], [""P1|39|3125|30|4193""], [""P1|39|3125|32|4249""], [""P1|39|3125|35|4330""], [""P1|39|3125|33|4175""]]","[""P1|28|3053|1|4813"", ""P1|39|3125|34|4423""]",second-ranked mode includes deterministic ties; it is not external ground truth
P1|PreScreen_manual|X7HyMhZNoso_987fd31155514f6facb131bd5c14881d,X7HyMhZNoso_987fd31155514f6facb131bd5c14881d,X7HyMhZNoso,P1,25,0.95,unique,dominant_with_dissent,2,24,1,0.04,False,False,True,0,False,"[[""P1|28|3061|1|4821"", ""P1|28|3061|10|3198"", ""P1|28|3061|11|3575"", ""P1|28|3061|12|3461"", ""P1|28|3061|13|3366"", ""P1|28|3061|14|3536"", ""P1|28|3061|15|3628"", ""P1|28|3061|17|3141"", ""P1|28|3061|18|4764"", ""P1|28|3061|2|4717"", ""P1|28|3061|21|3704"", ""P1|28|3061|6|3310"", ""P1|28|3061|8|3750"", ""P1|39|3133|27|4008"", ""P1|39|3133|28|3960"", ""P1|39|3133|29|4569"", ""P1|39|3133|30|4201"", ""P1|39|3133|31|4130"", ""P1|39|3133|32|4257"", ""P1|39|3133|33|4230"", ""P1|39|3133|34|4429"", ""P1|39|3133|35|4339"", ""P1|39|3133|36|4598"", ""P1|39|3133|37|4491""], [""P1|28|3061|19|4622""]]","[""P1|28|3061|19|4622""]",second-ranked mode includes deterministic ties; it is not external ground truth
P1|PreScreen_manual|b8cTxDM8gDG_298a2386166a43c8a04e1c24433f7d15,b8cTxDM8gDG_298a2386166a43c8a04e1c24433f7d15,b8cTxDM8gDG,P1,26,0.95,not_evaluable,not_evaluable,,0,0,0.0,False,False,True,3,False,[],[],second-ranked mode includes deterministic ties; it is not external ground truth
P1|PreScreen_manual|e9zR4mvMWw7_4fb8c9be319e4784b4b66f9ca5d839ab,e9zR4mvMWw7_4fb8c9be319e4784b4b66f9ca5d839ab,e9zR4mvMWw7,P1,24,0.95,unique,supported_multimodal,5,11,7,0.2916666666666667,False,False,True,5,True,"[[""P1|28|3063|1|4823"", ""P1|28|3063|11|3577"", ""P1|28|3063|15|3630"", ""P1|28|3063|17|3143"", ""P1|28|3063|18|4766"", ""P1|28|3063|2|4719"", ""P1|28|3063|21|3706"", ""P1|28|3063|6|3312"", ""P1|28|3063|8|3752"", ""P1|39|3135|27|4010"", ""P1|39|3135|33|4236""], [""P1|28|3063|12|3463"", ""P1|28|3063|13|3368"", ""P1|28|3063|14|3538"", ""P1|39|3135|29|4571"", ""P1|39|3135|30|4203"", ""P1|39|3135|34|4431"", ""P1|39|3135|37|4493""], [""P1|39|3135|28|3962"", ""P1|39|3135|32|4268"", ""P1|39|3135|35|4341"", ""P1|39|3135|36|4600""], [""P1|39|3135|31|4132""], [""P1|28|3063|10|3200""]]","[""P1|28|3063|12|3463"", ""P1|28|3063|13|3368"", ""P1|28|3063|14|3538"", ""P1|39|3135|29|4571"", ""P1|39|3135|30|4203"", ""P1|39|3135|34|4431"", ""P1|39|3135|37|4493""]",second-ranked mode includes deterministic ties; it is not external ground truth
P1|PreScreen_manual|q9vSo1VnCiC_2a8ef249ec0e4ad5bfe138a65f50964e,q9vSo1VnCiC_2a8ef249ec0e4ad5bfe138a65f50964e,q9vSo1VnCiC,P1,24,0.95,unique,unimodal,1,24,0,0.0,False,False,True,0,False,"[[""P1|28|3062|1|4822"", ""P1|28|3062|10|3199"", ""P1|28|3062|11|3576"", ""P1|28|3062|12|3462"", ""P1|28|3062|13|3367"", ""P1|28|3062|14|3537"", ""P1|28|3062|15|3629"", ""P1|28|3062|17|3142"", ""P1|28|3062|18|4765"", ""P1|28|3062|2|4718"", ""P1|28|3062|21|3705"", ""P1|28|3062|6|3311"", ""P1|28|3062|8|3751"", ""P1|39|3134|27|4009"", ""P1|39|3134|28|3961"", ""P1|39|3134|29|4570"", ""P1|39|3134|30|4202"", ""P1|39|3134|31|4131"", ""P1|39|3134|32|4267"", ""P1|39|3134|33|4231"", ""P1|39|3134|34|4430"", ""P1|39|3134|35|4340"", ""P1|39|3134|36|4599"", ""P1|39|3134|37|4492""]]",[],second-ranked mode includes deterministic ties; it is not external ground truth
P1|PreScreen_manual|q9vSo1VnCiC_9c9fb1fccf4e46a597a9510a1938c8b4,q9vSo1VnCiC_9c9fb1fccf4e46a597a9510a1938c8b4,q9vSo1VnCiC,P1,24,0.95,not_evaluable,not_evaluable,,0,0,0.0,False,False,True,2,False,[],[],second-ranked mode includes deterministic ties; it is not external ground truth
P1|PreScreen_manual|q9vSo1VnCiC_c421f07780004647a7198c4ac5371e8a,q9vSo1VnCiC_c421f07780004647a7198c4ac5371e8a,q9vSo1VnCiC,P1,25,0.95,unique,dominant_with_dissent,2,24,1,0.04,False,False,True,0,True,"[[""P1|28|3064|1|4824"", ""P1|28|3064|10|3201"", ""P1|28|3064|11|3578"", ""P1|28|3064|12|3464"", ""P1|28|3064|13|3369"", ""P1|28|3064|14|3539"", ""P1|28|3064|15|3631"", ""P1|28|3064|17|3144"", ""P1|28|3064|18|4767"", ""P1|28|3064|2|4720"", ""P1|28|3064|21|3707"", ""P1|28|3064|6|3313"", ""P1|28|3064|8|3753"", ""P1|39|3136|27|4011"", ""P1|39|3136|28|3967"", ""P1|39|3136|29|4572"", ""P1|39|3136|30|4222"", ""P1|39|3136|31|4133"", ""P1|39|3136|32|4269"", ""P1|39|3136|33|4243"", ""P1|39|3136|34|4432"", ""P1|39|3136|35|4342"", ""P1|39|3136|36|4601"", ""P1|39|3136|37|4494""], [""P1|28|3064|19|4626""]]","[""P1|28|3064|19|4626""]",second-ranked mode includes deterministic ties; it is not external ground truth
P1|PreScreen_manual|q9vSo1VnCiC_e74e843601574864a14517f990c748a0,q9vSo1VnCiC_e74e843601574864a14517f990c748a0,q9vSo1VnCiC,P1,25,0.95,unique,supported_multimodal,5,20,2,0.08,False,False,True,3,False,"[[""P1|28|3072|1|4832"", ""P1|28|3072|10|3209"", ""P1|28|3072|11|3586"", ""P1|28|3072|12|3472"", ""P1|28|3072|15|3639"", ""P1|28|3072|17|3259"", ""P1|28|3072|18|4775"", ""P1|28|3072|2|4729"", ""P1|28|3072|21|3715"", ""P1|28|3072|8|3761"", ""P1|39|3144|27|4019"", ""P1|39|3144|28|3975"", ""P1|39|3144|29|4580"", ""P1|39|3144|30|4214"", ""P1|39|3144|31|4141"", ""P1|39|3144|32|4277"", ""P1|39|3144|33|4289"", ""P1|39|3144|35|4351"", ""P1|39|3144|36|4609"", ""P1|39|3144|37|4502""], [""P1|28|3072|13|3377"", ""P1|28|3072|14|3548""], [""P1|39|3144|34|4441""], [""P1|28|3072|6|3321""], [""P1|28|3072|19|4634""]]","[""P1|28|3072|13|3377"", ""P1|28|3072|14|3548""]",second-ranked mode includes deterministic ties; it is not external ground truth
P1|PreScreen_manual|rPc6DW4iMge_186a32a1b7e34cb797731bfa78365db5,rPc6DW4iMge_186a32a1b7e34cb797731bfa78365db5,rPc6DW4iMge,P1,25,0.95,unique,supported_multimodal,9,11,4,0.16,False,False,True,4,False,"[[""P1|28|3078|10|3216"", ""P1|28|3078|11|3592"", ""P1|28|3078|12|3478"", ""P1|28|3078|13|3383"", ""P1|28|3078|14|3554"", ""P1|28|3078|15|3645"", ""P1|28|3078|17|3265"", ""P1|28|3078|21|3721"", ""P1|28|3078|6|3327"", ""P1|28|3078|8|3767"", ""P1|39|3150|28|3966""], [""P1|39|3150|30|4208"", ""P1|39|3150|31|4147"", ""P1|39|3150|32|4283"", ""P1|39|3150|35|4357""], [""P1|39|3150|29|4586"", ""P1|39|3150|37|4508""], [""P1|28|3078|1|4838"", ""P1|39|3150|36|4674""], [""P1|28|3078|2|4735"", ""P1|39|3150|27|4025""], [""P1|28|3078|19|4640""], [""P1|39|3150|34|4446""], [""P1|39|3150|33|4329""], [""P1|28|3078|18|4781""]]","[""P1|39|3150|30|4208"", ""P1|39|3150|31|4147"", ""P1|39|3150|32|4283"", ""P1|39|3150|35|4357""]",second-ranked mode includes deterministic ties; it is not external ground truth
P1|PreScreen_manual|rPc6DW4iMge_1f14902595544e389c9c910c444e79e7,rPc6DW4iMge_1f14902595544e389c9c910c444e79e7,rPc6DW4iMge,P1,25,0.95,unique,supported_multimodal,4,20,3,0.12,False,False,True,4,False,"[[""P1|28|3075|1|4835"", ""P1|28|3075|10|3212"", ""P1|28|3075|11|3589"", ""P1|28|3075|12|3475"", ""P1|28|3075|13|3380"", ""P1|28|3075|14|3551"", ""P1|28|3075|15|3642"", ""P1|28|3075|17|3262"", ""P1|28|3075|18|4778"", ""P1|28|3075|2|4732"", ""P1|28|3075|21|3718"", ""P1|28|3075|6|3324"", ""P1|28|3075|8|3764"", ""P1|39|3147|27|4022"", ""P1|39|3147|28|3972"", ""P1|39|3147|30|4211"", ""P1|39|3147|31|4144"", ""P1|39|3147|33|4294"", ""P1|39|3147|35|4354"", ""P1|39|3147|36|4624""], [""P1|39|3147|29|4583"", ""P1|39|3147|32|4280"", ""P1|39|3147|37|4505""], [""P1|39|3147|34|4443""], [""P1|28|3075|19|4637""]]","[""P1|39|3147|29|4583"", ""P1|39|3147|32|4280"", ""P1|39|3147|37|4505""]",second-ranked mode includes deterministic ties; it is not external ground truth
P1|PreScreen_manual|rPc6DW4iMge_cc15fb105d86466faafdd633f89148de,rPc6DW4iMge_cc15fb105d86466faafdd633f89148de,rPc6DW4iMge,P1,25,0.95,unique,supported_multimodal,2,23,2,0.08,False,False,True,3,False,"[[""P1|28|3060|1|4820"", ""P1|28|3060|10|3197"", ""P1|28|3060|11|3574"", ""P1|28|3060|12|3460"", ""P1|28|3060|13|3365"", ""P1|28|3060|14|3535"", ""P1|28|3060|15|3627"", ""P1|28|3060|17|3140"", ""P1|28|3060|18|4763"", ""P1|28|3060|2|4716"", ""P1|28|3060|21|3703"", ""P1|28|3060|6|3309"", ""P1|28|3060|8|3749"", ""P1|39|3132|26|3807"", ""P1|39|3132|27|4007"", ""P1|39|3132|28|3958"", ""P1|39|3132|29|4568"", ""P1|39|3132|30|4200"", ""P1|39|3132|31|4129"", ""P1|39|3132|32|4256"", ""P1|39|3132|33|4229"", ""P1|39|3132|35|4338"", ""P1|39|3132|36|4597""], [""P1|39|3132|34|4428"", ""P1|39|3132|37|4490""]]","[""P1|39|3132|34|4428"", ""P1|39|3132|37|4490""]",second-ranked mode includes deterministic ties; it is not external ground truth
P1|PreScreen_manual|rPc6DW4iMge_fbc169773c954580baea6d2798c0d486,rPc6DW4iMge_fbc169773c954580baea6d2798c0d486,rPc6DW4iMge,P1,23,0.95,unique,supported_multimodal,12,8,3,0.13043478260869565,False,False,True,3,False,"[[""P1|28|3081|11|3595"", ""P1|28|3081|12|3481"", ""P1|28|3081|13|3386"", ""P1|28|3081|14|3557"", ""P1|28|3081|21|3724"", ""P1|28|3081|6|3330"", ""P1|28|3081|8|3770"", ""P1|39|3153|29|4592""], [""P1|39|3153|32|4291"", ""P1|39|3153|34|4448"", ""P1|39|3153|35|4360""], [""P1|28|3081|1|4841"", ""P1|39|3153|33|4362""], [""P1|39|3153|30|4205"", ""P1|39|3153|37|4511""], [""P1|39|3153|28|3963""], [""P1|28|3081|19|4643""], [""P1|28|3081|17|3268""], [""P1|39|3153|31|4150""], [""P1|39|3153|36|4677""], [""P1|28|3081|15|3648""], [""P1|28|3081|10|3219""], [""P1|39|3153|27|4028""]]","[""P1|39|3153|32|4291"", ""P1|39|3153|34|4448"", ""P1|39|3153|35|4360""]",second-ranked mode includes deterministic ties; it is not external ground truth
P1|PreScreen_manual|uNb9QFRL6hY_07a43087f1e54e3f828851d8e457a283,uNb9QFRL6hY_07a43087f1e54e3f828851d8e457a283,uNb9QFRL6hY,P1,25,0.95,unique,supported_multimodal,5,16,6,0.24,False,False,True,4,False,"[[""P1|28|3065|1|4825"", ""P1|28|3065|11|3579"", ""P1|28|3065|15|3632"", ""P1|28|3065|18|4768"", ""P1|28|3065|2|4721"", ""P1|28|3065|21|3708"", ""P1|28|3065|8|3754"", ""P1|39|3137|28|3968"", ""P1|39|3137|29|4573"", ""P1|39|3137|30|4221"", ""P1|39|3137|31|4134"", ""P1|39|3137|32|4270"", ""P1|39|3137|33|4245"", ""P1|39|3137|34|4434"", ""P1|39|3137|35|4343"", ""P1|39|3137|36|4602""], [""P1|28|3065|10|3202"", ""P1|28|3065|12|3465"", ""P1|28|3065|13|3370"", ""P1|28|3065|14|3540"", ""P1|28|3065|17|3145"", ""P1|28|3065|6|3314""], [""P1|39|3137|27|4012""], [""P1|39|3137|37|4495""], [""P1|28|3065|19|4627""]]","[""P1|28|3065|10|3202"", ""P1|28|3065|12|3465"", ""P1|28|3065|13|3370"", ""P1|28|3065|14|3540"", ""P1|28|3065|17|3145"", ""P1|28|3065|6|3314""]",second-ranked mode includes deterministic ties; it is not external ground truth
P1|PreScreen_manual|uNb9QFRL6hY_3b9e548b46af4410b97e1d12781ec3c9,uNb9QFRL6hY_3b9e548b46af4410b97e1d12781ec3c9,uNb9QFRL6hY,P1,25,0.95,unique,supported_multimodal,9,9,4,0.16,False,True,False,3,False,"[[""P1|28|3082|12|3482"", ""P1|28|3082|13|3387"", ""P1|28|3082|14|3558"", ""P1|28|3082|15|3649"", ""P1|28|3082|17|3269"", ""P1|28|3082|21|3725"", ""P1|28|3082|6|3331"", ""P1|28|3082|8|3771"", ""P1|39|3154|28|3914""], [""P1|39|3154|30|4204"", ""P1|39|3154|31|4152"", ""P1|39|3154|32|4292"", ""P1|39|3154|34|4449""], [""P1|28|3082|2|4739"", ""P1|39|3154|27|4029"", ""P1|39|3154|35|4361"", ""P1|39|3154|36|4678""], [""P1|28|3082|11|3596"", ""P1|39|3154|29|4593"", ""P1|39|3154|33|4368""], [""P1|28|3082|10|3220""], [""P1|39|3154|37|4512""], [""P1|28|3082|18|4785""], [""P1|28|3082|19|4644""], [""P1|28|3082|1|4842""]]","[""P1|39|3154|30|4204"", ""P1|39|3154|31|4152"", ""P1|39|3154|32|4292"", ""P1|39|3154|34|4449""]",second-ranked mode includes deterministic ties; it is not external ground truth
P1|PreScreen_manual|uNb9QFRL6hY_978d7a8eb0794936bd8fd092306e1dc5,uNb9QFRL6hY_978d7a8eb0794936bd8fd092306e1dc5,uNb9QFRL6hY,P1,24,0.95,unique,supported_multimodal,6,12,8,0.3333333333333333,False,False,True,3,False,"[[""P1|28|3080|1|4840"", ""P1|28|3080|10|3218"", ""P1|28|3080|11|3594"", ""P1|28|3080|12|3480"", ""P1|28|3080|13|3385"", ""P1|28|3080|14|3556"", ""P1|28|3080|18|4783"", ""P1|39|3152|29|4594"", ""P1|39|3152|30|4206"", ""P1|39|3152|31|4149"", ""P1|39|3152|32|4288"", ""P1|39|3152|35|4359""], [""P1|28|3080|15|3647"", ""P1|28|3080|17|3267"", ""P1|28|3080|21|3723"", ""P1|28|3080|6|3329"", ""P1|28|3080|8|3769"", ""P1|39|3152|27|4027"", ""P1|39|3152|33|4346"", ""P1|39|3152|36|4676""], [""P1|28|3080|19|4642""], [""P1|39|3152|26|3827""], [""P1|39|3152|28|3964""], [""P1|39|3152|34|4447""]]","[""P1|28|3080|15|3647"", ""P1|28|3080|17|3267"", ""P1|28|3080|21|3723"", ""P1|28|3080|6|3329"", ""P1|28|3080|8|3769"", ""P1|39|3152|27|4027"", ""P1|39|3152|33|4346"", ""P1|39|3152|36|4676""]",second-ranked mode includes deterministic ties; it is not external ground truth
P1|PreScreen_manual|uNb9QFRL6hY_bcce4f23c12744c782c0b49b24a0331a,uNb9QFRL6hY_bcce4f23c12744c782c0b49b24a0331a,uNb9QFRL6hY,P1,25,0.95,unique,dominant_with_dissent,4,22,1,0.04,False,True,False,1,False,"[[""P1|28|3067|1|4827"", ""P1|28|3067|10|3204"", ""P1|28|3067|11|3581"", ""P1|28|3067|12|3467"", ""P1|28|3067|13|3372"", ""P1|28|3067|14|3543"", ""P1|28|3067|15|3634"", ""P1|28|3067|17|3254"", ""P1|28|3067|18|4770"", ""P1|28|3067|2|4723"", ""P1|28|3067|21|3710"", ""P1|28|3067|6|3316"", ""P1|28|3067|8|3756"", ""P1|39|3139|27|4014"", ""P1|39|3139|28|3979"", ""P1|39|3139|29|4575"", ""P1|39|3139|30|4219"", ""P1|39|3139|31|4136"", ""P1|39|3139|32|4272"", ""P1|39|3139|33|4247"", ""P1|39|3139|36|4604"", ""P1|39|3139|37|4497""], [""P1|39|3139|35|4345""], [""P1|28|3067|19|4629""], [""P1|39|3139|34|4436""]]","[""P1|39|3139|35|4345""]",second-ranked mode includes deterministic ties; it is not external ground truth
P1|PreScreen_manual|uNb9QFRL6hY_c1ebb8b34eb846ba9b5ce23b30b299a7,uNb9QFRL6hY_c1ebb8b34eb846ba9b5ce23b30b299a7,uNb9QFRL6hY,P1,25,0.95,unique,dominant_with_dissent,4,22,1,0.04,False,True,False,0,True,"[[""P1|28|3070|1|4830"", ""P1|28|3070|10|3207"", ""P1|28|3070|11|3584"", ""P1|28|3070|12|3470"", ""P1|28|3070|13|3375"", ""P1|28|3070|14|3546"", ""P1|28|3070|15|3637"", ""P1|28|3070|17|3257"", ""P1|28|3070|18|4773"", ""P1|28|3070|2|4727"", ""P1|28|3070|21|3713"", ""P1|28|3070|6|3319"", ""P1|28|3070|8|3759"", ""P1|39|3142|28|3969"", ""P1|39|3142|29|4578"", ""P1|39|3142|30|4216"", ""P1|39|3142|31|4139"", ""P1|39|3142|33|4286"", ""P1|39|3142|34|4439"", ""P1|39|3142|35|4349"", ""P1|39|3142|36|4607"", ""P1|39|3142|37|4500""], [""P1|39|3142|27|4017""], [""P1|39|3142|32|4275""], [""P1|28|3070|19|4632""]]","[""P1|39|3142|27|4017""]",second-ranked mode includes deterministic ties; it is not external ground truth
P1|PreScreen_manual|uNb9QFRL6hY_d02f87bbb0414146a7a15070110a0384,uNb9QFRL6hY_d02f87bbb0414146a7a15070110a0384,uNb9QFRL6hY,P1,25,0.95,unique,dominant_with_dissent,3,23,1,0.04,False,True,False,1,False,"[[""P1|28|3055|1|4815"", ""P1|28|3055|10|3192"", ""P1|28|3055|11|3560"", ""P1|28|3055|12|3455"", ""P1|28|3055|13|3360"", ""P1|28|3055|14|3530"", ""P1|28|3055|15|3622"", ""P1|28|3055|17|3135"", ""P1|28|3055|18|4699"", ""P1|28|3055|2|4711"", ""P1|28|3055|21|3698"", ""P1|28|3055|6|3304"", ""P1|28|3055|8|3744"", ""P1|39|3127|27|4002"", ""P1|39|3127|28|3954"", ""P1|39|3127|29|4563"", ""P1|39|3127|30|4195"", ""P1|39|3127|31|4124"", ""P1|39|3127|32|4251"", ""P1|39|3127|33|4224"", ""P1|39|3127|34|4522"", ""P1|39|3127|36|4531"", ""P1|39|3127|37|4486""], [""P1|28|3055|19|4616""], [""P1|39|3127|35|4332""]]","[""P1|28|3055|19|4616""]",second-ranked mode includes deterministic ties; it is not external ground truth
P1|PreScreen_manual|wc2JMjhGNzB_2195c5a9b9fd451b927b0050f23fac31,wc2JMjhGNzB_2195c5a9b9fd451b927b0050f23fac31,wc2JMjhGNzB,P1,24,0.95,unique,unimodal,1,24,0,0.0,False,False,True,0,True,"[[""P1|28|3059|1|4819"", ""P1|28|3059|10|3196"", ""P1|28|3059|11|3573"", ""P1|28|3059|12|3459"", ""P1|28|3059|13|3364"", ""P1|28|3059|14|3534"", ""P1|28|3059|15|3626"", ""P1|28|3059|17|3139"", ""P1|28|3059|18|4762"", ""P1|28|3059|2|4715"", ""P1|28|3059|21|3702"", ""P1|28|3059|6|3308"", ""P1|28|3059|8|3748"", ""P1|39|3131|27|4006"", ""P1|39|3131|28|3957"", ""P1|39|3131|29|4567"", ""P1|39|3131|30|4199"", ""P1|39|3131|31|4128"", ""P1|39|3131|32|4255"", ""P1|39|3131|33|4228"", ""P1|39|3131|34|4513"", ""P1|39|3131|35|4337"", ""P1|39|3131|36|4596"", ""P1|39|3131|37|4518""]]",[],second-ranked mode includes deterministic ties; it is not external ground truth
P1|PreScreen_manual|wc2JMjhGNzB_dc4a9f470b834de1983c7e605ff06b2e,wc2JMjhGNzB_dc4a9f470b834de1983c7e605ff06b2e,wc2JMjhGNzB,P1,24,0.95,unique,dominant_with_dissent,2,23,1,0.041666666666666664,False,False,True,0,False,"[[""P1|28|3056|1|4816"", ""P1|28|3056|10|3193"", ""P1|28|3056|11|3561"", ""P1|28|3056|12|3456"", ""P1|28|3056|13|3361"", ""P1|28|3056|14|3531"", ""P1|28|3056|15|3623"", ""P1|28|3056|17|3136"", ""P1|28|3056|18|4700"", ""P1|28|3056|2|4712"", ""P1|28|3056|21|3699"", ""P1|28|3056|6|3305"", ""P1|28|3056|8|3745"", ""P1|39|3128|27|4003"", ""P1|39|3128|28|3955"", ""P1|39|3128|29|4564"", ""P1|39|3128|30|4196"", ""P1|39|3128|31|4125"", ""P1|39|3128|33|4225"", ""P1|39|3128|34|4425"", ""P1|39|3128|35|4333"", ""P1|39|3128|36|4532"", ""P1|39|3128|37|4487""], [""P1|39|3128|32|4252""]]","[""P1|39|3128|32|4252""]",second-ranked mode includes deterministic ties; it is not external ground truth
P1|PreScreen_manual|x8F5xyUWy9e_a51a0e2811f342a599ae4cdb9b84ff23,x8F5xyUWy9e_a51a0e2811f342a599ae4cdb9b84ff23,x8F5xyUWy9e,P1,24,0.95,unique,dominant_with_dissent,5,20,1,0.041666666666666664,False,True,False,1,False,"[[""P1|28|3073|1|4833"", ""P1|28|3073|10|3210"", ""P1|28|3073|11|3587"", ""P1|28|3073|12|3473"", ""P1|28|3073|13|3378"", ""P1|28|3073|14|3549"", ""P1|28|3073|15|3640"", ""P1|28|3073|18|4776"", ""P1|28|3073|2|4730"", ""P1|28|3073|21|3716"", ""P1|28|3073|6|3322"", ""P1|28|3073|8|3762"", ""P1|39|3145|27|4020"", ""P1|39|3145|29|4581"", ""P1|39|3145|30|4213"", ""P1|39|3145|31|4142"", ""P1|39|3145|32|4278"", ""P1|39|3145|34|4442"", ""P1|39|3145|35|4352"", ""P1|39|3145|36|4610""], [""P1|28|3073|17|3260""], [""P1|39|3145|37|4503""], [""P1|39|3145|28|3974""], [""P1|39|3145|33|4290""]]","[""P1|28|3073|17|3260""]",second-ranked mode includes deterministic ties; it is not external ground truth
P1|PreScreen_manual|yqstnuAEVhm_a93ea1ea5702412c9ef9c82a436c4599,yqstnuAEVhm_a93ea1ea5702412c9ef9c82a436c4599,yqstnuAEVhm,P1,25,0.95,unique,dominant_with_dissent,2,24,1,0.04,False,False,True,0,True,"[[""P1|28|3069|1|4829"", ""P1|28|3069|10|3206"", ""P1|28|3069|11|3583"", ""P1|28|3069|12|3469"", ""P1|28|3069|13|3374"", ""P1|28|3069|14|3545"", ""P1|28|3069|15|3636"", ""P1|28|3069|17|3256"", ""P1|28|3069|18|4772"", ""P1|28|3069|2|4725"", ""P1|28|3069|21|3712"", ""P1|28|3069|6|3318"", ""P1|28|3069|8|3758"", ""P1|39|3141|27|4016"", ""P1|39|3141|28|3977"", ""P1|39|3141|29|4577"", ""P1|39|3141|30|4217"", ""P1|39|3141|31|4138"", ""P1|39|3141|32|4274"", ""P1|39|3141|33|4284"", ""P1|39|3141|34|4438"", ""P1|39|3141|35|4348"", ""P1|39|3141|36|4606"", ""P1|39|3141|37|4499""], [""P1|28|3069|19|4631""]]","[""P1|28|3069|19|4631""]",second-ranked mode includes deterministic ties; it is not external ground truth
P1|PreScreen_manual|yqstnuAEVhm_e3face7b2196414d95ed97151aa13058,yqstnuAEVhm_e3face7b2196414d95ed97151aa13058,yqstnuAEVhm,P1,24,0.95,unique,supported_multimodal,10,8,4,0.16666666666666666,False,False,True,3,False,"[[""P1|28|3058|1|4818"", ""P1|28|3058|10|3195"", ""P1|28|3058|11|3572"", ""P1|28|3058|15|3625"", ""P1|28|3058|17|3138"", ""P1|28|3058|2|4714"", ""P1|28|3058|21|3701"", ""P1|28|3058|6|3307""], [""P1|28|3058|8|3747"", ""P1|39|3130|28|3956"", ""P1|39|3130|29|4566"", ""P1|39|3130|37|4489""], [""P1|28|3058|13|3363"", ""P1|28|3058|14|3533"", ""P1|39|3130|33|4227""], [""P1|39|3130|27|4005"", ""P1|39|3130|32|4254""], [""P1|28|3058|18|4761"", ""P1|39|3130|30|4198""], [""P1|39|3130|34|4427""], [""P1|28|3058|19|4619""], [""P1|28|3058|12|3458""], [""P1|39|3130|36|4534""], [""P1|39|3130|35|4336""]]","[""P1|28|3058|8|3747"", ""P1|39|3130|28|3956"", ""P1|39|3130|29|4566"", ""P1|39|3130|37|4489""]",second-ranked mode includes deterministic ties; it is not external ground truth
P1|PreScreen_manual|yqstnuAEVhm_e650c19e3eb34cc0b98374e5a23d1f65,yqstnuAEVhm_e650c19e3eb34cc0b98374e5a23d1f65,yqstnuAEVhm,P1,24,0.95,unique,supported_multimodal,12,9,3,0.125,False,False,True,3,False,"[[""P1|28|3079|12|3479"", ""P1|28|3079|13|3384"", ""P1|28|3079|14|3555"", ""P1|28|3079|17|3266"", ""P1|28|3079|2|4736"", ""P1|28|3079|6|3328"", ""P1|39|3151|27|4026"", ""P1|39|3151|32|4285"", ""P1|39|3151|36|4675""], [""P1|39|3151|29|4587"", ""P1|39|3151|34|4514"", ""P1|39|3151|35|4358""], [""P1|28|3079|10|3217"", ""P1|28|3079|18|4782""], [""P1|39|3151|28|3965"", ""P1|39|3151|33|4335""], [""P1|28|3079|11|3593""], [""P1|39|3151|37|4509""], [""P1|28|3079|19|4641""], [""P1|28|3079|1|4839""], [""P1|39|3151|30|4207""], [""P1|39|3151|26|3826""], [""P1|28|3079|8|3768""], [""P1|39|3151|31|4148""]]","[""P1|39|3151|29|4587"", ""P1|39|3151|34|4514"", ""P1|39|3151|35|4358""]",second-ranked mode includes deterministic ties; it is not external ground truth
P1|PreScreen_manual|yqstnuAEVhm_e9b4d8e951cb4712b3905c8f4c4dabb5,yqstnuAEVhm_e9b4d8e951cb4712b3905c8f4c4dabb5,yqstnuAEVhm,P1,25,0.95,unique,dominant_with_dissent,2,24,1,0.04,False,False,True,1,False,"[[""P1|28|3066|1|4826"", ""P1|28|3066|10|3203"", ""P1|28|3066|11|3580"", ""P1|28|3066|12|3466"", ""P1|28|3066|13|3371"", ""P1|28|3066|14|3542"", ""P1|28|3066|15|3633"", ""P1|28|3066|17|3146"", ""P1|28|3066|18|4769"", ""P1|28|3066|2|4722"", ""P1|28|3066|21|3709"", ""P1|28|3066|6|3315"", ""P1|28|3066|8|3755"", ""P1|39|3138|27|4013"", ""P1|39|3138|28|3970"", ""P1|39|3138|29|4574"", ""P1|39|3138|30|4220"", ""P1|39|3138|31|4135"", ""P1|39|3138|32|4271"", ""P1|39|3138|33|4246"", ""P1|39|3138|34|4435"", ""P1|39|3138|35|4344"", ""P1|39|3138|36|4603"", ""P1|39|3138|37|4496""], [""P1|28|3066|19|4628""]]","[""P1|28|3066|19|4628""]",second-ranked mode includes deterministic ties; it is not external ground truth
