"deployment_id","project_id","runtime_task_id","planned_task_id","worker_id","server_instance_id","runtime_binding_status"
"c2b_zh","77","3456","S9hNv5qa7GM_bd9faec23bb3462c94a5fbc6c0a3d5cf","1","labelstudio_http_175_178_71_217","bound_from_final_export"
"c2b_zh","77","3462","VFuaQ6m2Qom_ad4c387f8175498491966703c8441e0d","1","labelstudio_http_175_178_71_217","bound_from_final_export"
"c2b_zh","77","3452","S9hNv5qa7GM_0c2a97f049db4a429776940850fedf2e","1","labelstudio_http_175_178_71_217","bound_from_final_export"
"c2b_zh","77","3485","pRbA3pwrgk9_8b07a4b08cf447abb246769d8dce8494","1","labelstudio_http_175_178_71_217","bound_from_final_export"
"c2b_zh","77","3456","S9hNv5qa7GM_bd9faec23bb3462c94a5fbc6c0a3d5cf","10","labelstudio_http_175_178_71_217","bound_from_final_export"
"c2b_zh","77","3462","VFuaQ6m2Qom_ad4c387f8175498491966703c8441e0d","10","labelstudio_http_175_178_71_217","bound_from_final_export"
"c2b_zh","77","3452","S9hNv5qa7GM_0c2a97f049db4a429776940850fedf2e","10","labelstudio_http_175_178_71_217","bound_from_final_export"
"c2b_zh","77","3485","pRbA3pwrgk9_8b07a4b08cf447abb246769d8dce8494","10","labelstudio_http_175_178_71_217","bound_from_final_export"
"c2b_zh","77","3456","S9hNv5qa7GM_bd9faec23bb3462c94a5fbc6c0a3d5cf","11","labelstudio_http_175_178_71_217","bound_from_final_export"
"c2b_zh","77","3462","VFuaQ6m2Qom_ad4c387f8175498491966703c8441e0d","11","labelstudio_http_175_178_71_217","bound_from_final_export"
"c2b_zh","77","3452","S9hNv5qa7GM_0c2a97f049db4a429776940850fedf2e","11","labelstudio_http_175_178_71_217","bound_from_final_export"
"c2b_zh","77","3485","pRbA3pwrgk9_8b07a4b08cf447abb246769d8dce8494","11","labelstudio_http_175_178_71_217","bound_from_final_export"
"c2b_zh","77","3456","S9hNv5qa7GM_bd9faec23bb3462c94a5fbc6c0a3d5cf","12","labelstudio_http_175_178_71_217","bound_from_final_export"
"c2b_zh","77","3462","VFuaQ6m2Qom_ad4c387f8175498491966703c8441e0d","12","labelstudio_http_175_178_71_217","bound_from_final_export"
"c2b_zh","77","3452","S9hNv5qa7GM_0c2a97f049db4a429776940850fedf2e","12","labelstudio_http_175_178_71_217","bound_from_final_export"
"c2b_zh","77","3485","pRbA3pwrgk9_8b07a4b08cf447abb246769d8dce8494","12","labelstudio_http_175_178_71_217","bound_from_final_export"
"c2b_zh","77","3456","S9hNv5qa7GM_bd9faec23bb3462c94a5fbc6c0a3d5cf","13","labelstudio_http_175_178_71_217","bound_from_final_export"
"c2b_zh","77","3462","VFuaQ6m2Qom_ad4c387f8175498491966703c8441e0d","13","labelstudio_http_175_178_71_217","bound_from_final_export"
"c2b_zh","77","3452","S9hNv5qa7GM_0c2a97f049db4a429776940850fedf2e","13","labelstudio_http_175_178_71_217","bound_from_final_export"
"c2b_zh","77","3485","pRbA3pwrgk9_8b07a4b08cf447abb246769d8dce8494","13","labelstudio_http_175_178_71_217","bound_from_final_export"
"c2b_zh","77","3456","S9hNv5qa7GM_bd9faec23bb3462c94a5fbc6c0a3d5cf","15","labelstudio_http_175_178_71_217","bound_from_final_export"
"c2b_zh","77","3462","VFuaQ6m2Qom_ad4c387f8175498491966703c8441e0d","15","labelstudio_http_175_178_71_217","bound_from_final_export"
"c2b_zh","77","3452","S9hNv5qa7GM_0c2a97f049db4a429776940850fedf2e","15","labelstudio_http_175_178_71_217","bound_from_final_export"
"c2b_zh","77","3485","pRbA3pwrgk9_8b07a4b08cf447abb246769d8dce8494","15","labelstudio_http_175_178_71_217","bound_from_final_export"
"c2b_zh","77","3456","S9hNv5qa7GM_bd9faec23bb3462c94a5fbc6c0a3d5cf","17","labelstudio_http_175_178_71_217","bound_from_final_export"
"c2b_zh","77","3462","VFuaQ6m2Qom_ad4c387f8175498491966703c8441e0d","17","labelstudio_http_175_178_71_217","bound_from_final_export"
"c2b_zh","77","3452","S9hNv5qa7GM_0c2a97f049db4a429776940850fedf2e","17","labelstudio_http_175_178_71_217","bound_from_final_export"
"c2b_zh","77","3485","pRbA3pwrgk9_8b07a4b08cf447abb246769d8dce8494","17","labelstudio_http_175_178_71_217","bound_from_final_export"
"c2b_zh","77","3456","S9hNv5qa7GM_bd9faec23bb3462c94a5fbc6c0a3d5cf","18","labelstudio_http_175_178_71_217","bound_from_final_export"
"c2b_zh","77","3462","VFuaQ6m2Qom_ad4c387f8175498491966703c8441e0d","18","labelstudio_http_175_178_71_217","bound_from_final_export"
"c2b_zh","77","3452","S9hNv5qa7GM_0c2a97f049db4a429776940850fedf2e","18","labelstudio_http_175_178_71_217","bound_from_final_export"
"c2b_zh","77","3485","pRbA3pwrgk9_8b07a4b08cf447abb246769d8dce8494","18","labelstudio_http_175_178_71_217","bound_from_final_export"
"c2b_zh","77","3456","S9hNv5qa7GM_bd9faec23bb3462c94a5fbc6c0a3d5cf","2","labelstudio_http_175_178_71_217","bound_from_final_export"
"c2b_zh","77","3462","VFuaQ6m2Qom_ad4c387f8175498491966703c8441e0d","2","labelstudio_http_175_178_71_217","bound_from_final_export"
"c2b_zh","77","3452","S9hNv5qa7GM_0c2a97f049db4a429776940850fedf2e","2","labelstudio_http_175_178_71_217","bound_from_final_export"
"c2b_zh","77","3485","pRbA3pwrgk9_8b07a4b08cf447abb246769d8dce8494","2","labelstudio_http_175_178_71_217","bound_from_final_export"
"c2b_en","76","3410","S9hNv5qa7GM_bd9faec23bb3462c94a5fbc6c0a3d5cf","27","labelstudio_https_sparkle0825","bound_from_final_export"
"c2b_en","76","3416","VFuaQ6m2Qom_ad4c387f8175498491966703c8441e0d","27","labelstudio_https_sparkle0825","bound_from_final_export"
"c2b_en","76","3406","S9hNv5qa7GM_0c2a97f049db4a429776940850fedf2e","27","labelstudio_https_sparkle0825","bound_from_final_export"
"c2b_en","76","3439","pRbA3pwrgk9_8b07a4b08cf447abb246769d8dce8494","27","labelstudio_https_sparkle0825","bound_from_final_export"
"c2b_en","76","3410","S9hNv5qa7GM_bd9faec23bb3462c94a5fbc6c0a3d5cf","28","labelstudio_https_sparkle0825","bound_from_final_export"
"c2b_en","76","3416","VFuaQ6m2Qom_ad4c387f8175498491966703c8441e0d","28","labelstudio_https_sparkle0825","bound_from_final_export"
"c2b_en","76","3406","S9hNv5qa7GM_0c2a97f049db4a429776940850fedf2e","28","labelstudio_https_sparkle0825","bound_from_final_export"
"c2b_en","76","3439","pRbA3pwrgk9_8b07a4b08cf447abb246769d8dce8494","28","labelstudio_https_sparkle0825","bound_from_final_export"
"c2b_en","76","3410","S9hNv5qa7GM_bd9faec23bb3462c94a5fbc6c0a3d5cf","29","labelstudio_https_sparkle0825","bound_from_final_export"
"c2b_en","76","3416","VFuaQ6m2Qom_ad4c387f8175498491966703c8441e0d","29","labelstudio_https_sparkle0825","bound_from_final_export"
"c2b_en","76","3406","S9hNv5qa7GM_0c2a97f049db4a429776940850fedf2e","29","labelstudio_https_sparkle0825","bound_from_final_export"
"c2b_en","76","3439","pRbA3pwrgk9_8b07a4b08cf447abb246769d8dce8494","29","labelstudio_https_sparkle0825","bound_from_final_export"
"c2b_en","76","3410","S9hNv5qa7GM_bd9faec23bb3462c94a5fbc6c0a3d5cf","30","labelstudio_https_sparkle0825","bound_from_final_export"
"c2b_en","76","3416","VFuaQ6m2Qom_ad4c387f8175498491966703c8441e0d","30","labelstudio_https_sparkle0825","bound_from_final_export"
"c2b_en","76","3406","S9hNv5qa7GM_0c2a97f049db4a429776940850fedf2e","30","labelstudio_https_sparkle0825","bound_from_final_export"
"c2b_en","76","3439","pRbA3pwrgk9_8b07a4b08cf447abb246769d8dce8494","30","labelstudio_https_sparkle0825","bound_from_final_export"
"c2b_en","76","3410","S9hNv5qa7GM_bd9faec23bb3462c94a5fbc6c0a3d5cf","31","labelstudio_https_sparkle0825","bound_from_final_export"
"c2b_en","76","3416","VFuaQ6m2Qom_ad4c387f8175498491966703c8441e0d","31","labelstudio_https_sparkle0825","bound_from_final_export"
"c2b_en","76","3406","S9hNv5qa7GM_0c2a97f049db4a429776940850fedf2e","31","labelstudio_https_sparkle0825","bound_from_final_export"
"c2b_en","76","3439","pRbA3pwrgk9_8b07a4b08cf447abb246769d8dce8494","31","labelstudio_https_sparkle0825","bound_from_final_export"
"c2b_en","76","3410","S9hNv5qa7GM_bd9faec23bb3462c94a5fbc6c0a3d5cf","32","labelstudio_https_sparkle0825","bound_from_final_export"
"c2b_en","76","3416","VFuaQ6m2Qom_ad4c387f8175498491966703c8441e0d","32","labelstudio_https_sparkle0825","bound_from_final_export"
"c2b_en","76","3406","S9hNv5qa7GM_0c2a97f049db4a429776940850fedf2e","32","labelstudio_https_sparkle0825","bound_from_final_export"
"c2b_en","76","3439","pRbA3pwrgk9_8b07a4b08cf447abb246769d8dce8494","32","labelstudio_https_sparkle0825","bound_from_final_export"
"c2b_en","76","3410","S9hNv5qa7GM_bd9faec23bb3462c94a5fbc6c0a3d5cf","33","labelstudio_https_sparkle0825","bound_from_final_export"
"c2b_en","76","3416","VFuaQ6m2Qom_ad4c387f8175498491966703c8441e0d","33","labelstudio_https_sparkle0825","bound_from_final_export"
"c2b_en","76","3406","S9hNv5qa7GM_0c2a97f049db4a429776940850fedf2e","33","labelstudio_https_sparkle0825","bound_from_final_export"
"c2b_en","76","3439","pRbA3pwrgk9_8b07a4b08cf447abb246769d8dce8494","33","labelstudio_https_sparkle0825","bound_from_final_export"
"c2b_en","76","3410","S9hNv5qa7GM_bd9faec23bb3462c94a5fbc6c0a3d5cf","34","labelstudio_https_sparkle0825","bound_from_final_export"
"c2b_en","76","3416","VFuaQ6m2Qom_ad4c387f8175498491966703c8441e0d","34","labelstudio_https_sparkle0825","bound_from_final_export"
"c2b_en","76","3406","S9hNv5qa7GM_0c2a97f049db4a429776940850fedf2e","34","labelstudio_https_sparkle0825","bound_from_final_export"
"c2b_en","76","3439","pRbA3pwrgk9_8b07a4b08cf447abb246769d8dce8494","34","labelstudio_https_sparkle0825","bound_from_final_export"
"c2b_en","76","3410","S9hNv5qa7GM_bd9faec23bb3462c94a5fbc6c0a3d5cf","35","labelstudio_https_sparkle0825","bound_from_final_export"
"c2b_en","76","3416","VFuaQ6m2Qom_ad4c387f8175498491966703c8441e0d","35","labelstudio_https_sparkle0825","bound_from_final_export"
"c2b_en","76","3406","S9hNv5qa7GM_0c2a97f049db4a429776940850fedf2e","35","labelstudio_https_sparkle0825","bound_from_final_export"
"c2b_en","76","3439","pRbA3pwrgk9_8b07a4b08cf447abb246769d8dce8494","35","labelstudio_https_sparkle0825","bound_from_final_export"
"c2b_en","76","3410","S9hNv5qa7GM_bd9faec23bb3462c94a5fbc6c0a3d5cf","36","labelstudio_https_sparkle0825","bound_from_final_export"
"c2b_en","76","3416","VFuaQ6m2Qom_ad4c387f8175498491966703c8441e0d","36","labelstudio_https_sparkle0825","bound_from_final_export"
"c2b_en","76","3406","S9hNv5qa7GM_0c2a97f049db4a429776940850fedf2e","36","labelstudio_https_sparkle0825","bound_from_final_export"
"c2b_en","76","3439","pRbA3pwrgk9_8b07a4b08cf447abb246769d8dce8494","36","labelstudio_https_sparkle0825","bound_from_final_export"
"c2b_en","76","3410","S9hNv5qa7GM_bd9faec23bb3462c94a5fbc6c0a3d5cf","37","labelstudio_https_sparkle0825","bound_from_final_export"
"c2b_en","76","3416","VFuaQ6m2Qom_ad4c387f8175498491966703c8441e0d","37","labelstudio_https_sparkle0825","bound_from_final_export"
"c2b_en","76","3406","S9hNv5qa7GM_0c2a97f049db4a429776940850fedf2e","37","labelstudio_https_sparkle0825","bound_from_final_export"
"c2b_en","76","3439","pRbA3pwrgk9_8b07a4b08cf447abb246769d8dce8494","37","labelstudio_https_sparkle0825","bound_from_final_export"
"c2b_zh","77","3456","S9hNv5qa7GM_bd9faec23bb3462c94a5fbc6c0a3d5cf","6","labelstudio_http_175_178_71_217","bound_from_final_export"
"c2b_zh","77","3462","VFuaQ6m2Qom_ad4c387f8175498491966703c8441e0d","6","labelstudio_http_175_178_71_217","bound_from_final_export"
"c2b_zh","77","3452","S9hNv5qa7GM_0c2a97f049db4a429776940850fedf2e","6","labelstudio_http_175_178_71_217","bound_from_final_export"
"c2b_zh","77","3485","pRbA3pwrgk9_8b07a4b08cf447abb246769d8dce8494","6","labelstudio_http_175_178_71_217","bound_from_final_export"
"c2b_zh","77","3456","S9hNv5qa7GM_bd9faec23bb3462c94a5fbc6c0a3d5cf","8","labelstudio_http_175_178_71_217","bound_from_final_export"
"c2b_zh","77","3462","VFuaQ6m2Qom_ad4c387f8175498491966703c8441e0d","8","labelstudio_http_175_178_71_217","bound_from_final_export"
"c2b_zh","77","3452","S9hNv5qa7GM_0c2a97f049db4a429776940850fedf2e","8","labelstudio_http_175_178_71_217","bound_from_final_export"
"c2b_zh","77","3485","pRbA3pwrgk9_8b07a4b08cf447abb246769d8dce8494","8","labelstudio_http_175_178_71_217","bound_from_final_export"
"c2b_zh","77","3457","S9hNv5qa7GM_dcced7b92f444b9a83bd7d54413fa486","1","labelstudio_http_175_178_71_217","bound_from_final_export"
"c2b_zh","77","3465","jh4fc5c5qoQ_4547d37b305e41bdad0de45ade6971ca","1","labelstudio_http_175_178_71_217","bound_from_final_export"
"c2b_zh","77","3471","jtcxE69GiFV_1df105f34ccf4844877be7e8e2d90fad","1","labelstudio_http_175_178_71_217","bound_from_final_export"
"c2b_zh","77","3495","zsNo4HB9uLZ_4c0aab63a4434cf4878e6f5b3ce9a70b","1","labelstudio_http_175_178_71_217","bound_from_final_export"
"c2b_zh","77","3457","S9hNv5qa7GM_dcced7b92f444b9a83bd7d54413fa486","10","labelstudio_http_175_178_71_217","bound_from_final_export"
"c2b_zh","77","3465","jh4fc5c5qoQ_4547d37b305e41bdad0de45ade6971ca","10","labelstudio_http_175_178_71_217","bound_from_final_export"
"c2b_zh","77","3471","jtcxE69GiFV_1df105f34ccf4844877be7e8e2d90fad","10","labelstudio_http_175_178_71_217","bound_from_final_export"
"c2b_zh","77","3495","zsNo4HB9uLZ_4c0aab63a4434cf4878e6f5b3ce9a70b","10","labelstudio_http_175_178_71_217","bound_from_final_export"
"c2b_zh","77","3455","S9hNv5qa7GM_8b55e4f095374cfe8ddb0fda0f0dfa02","11","labelstudio_http_175_178_71_217","bound_from_final_export"
"c2b_zh","77","3467","jh4fc5c5qoQ_855bc326ad174253b57626daf123c608","11","labelstudio_http_175_178_71_217","bound_from_final_export"
"c2b_zh","77","3480","pRbA3pwrgk9_0350fc96e88c4a52886d4eb50b2d52c6","11","labelstudio_http_175_178_71_217","bound_from_final_export"
"c2b_zh","77","3486","pRbA3pwrgk9_8caa90fc5528451f9e9f45634676499b","11","labelstudio_http_175_178_71_217","bound_from_final_export"
"c2b_zh","77","3455","S9hNv5qa7GM_8b55e4f095374cfe8ddb0fda0f0dfa02","12","labelstudio_http_175_178_71_217","bound_from_final_export"
"c2b_zh","77","3467","jh4fc5c5qoQ_855bc326ad174253b57626daf123c608","12","labelstudio_http_175_178_71_217","bound_from_final_export"
"c2b_zh","77","3480","pRbA3pwrgk9_0350fc96e88c4a52886d4eb50b2d52c6","12","labelstudio_http_175_178_71_217","bound_from_final_export"
"c2b_zh","77","3486","pRbA3pwrgk9_8caa90fc5528451f9e9f45634676499b","12","labelstudio_http_175_178_71_217","bound_from_final_export"
"c2b_zh","77","3464","VLzqgDo317F_5d3591edd7c546acaf99db40281b3409","13","labelstudio_http_175_178_71_217","bound_from_final_export"
"c2b_zh","77","3473","jtcxE69GiFV_4d7ce55eeb6643079aba3b10360de8d8","13","labelstudio_http_175_178_71_217","bound_from_final_export"
"c2b_zh","77","3488","pRbA3pwrgk9_bc9ae89832854c19a69741f97291efad","13","labelstudio_http_175_178_71_217","bound_from_final_export"
"c2b_zh","77","3489","pa4otMbVnkk_270f6920ec0f48c391bca974b356bc3b","13","labelstudio_http_175_178_71_217","bound_from_final_export"
"c2b_zh","77","3464","VLzqgDo317F_5d3591edd7c546acaf99db40281b3409","15","labelstudio_http_175_178_71_217","bound_from_final_export"
"c2b_zh","77","3473","jtcxE69GiFV_4d7ce55eeb6643079aba3b10360de8d8","15","labelstudio_http_175_178_71_217","bound_from_final_export"
"c2b_zh","77","3488","pRbA3pwrgk9_bc9ae89832854c19a69741f97291efad","15","labelstudio_http_175_178_71_217","bound_from_final_export"
"c2b_zh","77","3489","pa4otMbVnkk_270f6920ec0f48c391bca974b356bc3b","15","labelstudio_http_175_178_71_217","bound_from_final_export"
"c2b_zh","77","3468","jh4fc5c5qoQ_a59a3a61089343a8ba2834e7d3cd1066","17","labelstudio_http_175_178_71_217","bound_from_final_export"
"c2b_zh","77","3475","jtcxE69GiFV_6723e18211d244f8b17ced91aae64d99","17","labelstudio_http_175_178_71_217","bound_from_final_export"
"c2b_zh","77","3483","pRbA3pwrgk9_2a3810bc7ecc491e81ff1e8a17692ec1","17","labelstudio_http_175_178_71_217","bound_from_final_export"
"c2b_zh","77","3490","pa4otMbVnkk_3ad5d0784b1442b6a728bb7dec3d50e0","17","labelstudio_http_175_178_71_217","bound_from_final_export"
"c2b_zh","77","3468","jh4fc5c5qoQ_a59a3a61089343a8ba2834e7d3cd1066","18","labelstudio_http_175_178_71_217","bound_from_final_export"
"c2b_zh","77","3475","jtcxE69GiFV_6723e18211d244f8b17ced91aae64d99","18","labelstudio_http_175_178_71_217","bound_from_final_export"
"c2b_zh","77","3483","pRbA3pwrgk9_2a3810bc7ecc491e81ff1e8a17692ec1","18","labelstudio_http_175_178_71_217","bound_from_final_export"
"c2b_zh","77","3490","pa4otMbVnkk_3ad5d0784b1442b6a728bb7dec3d50e0","18","labelstudio_http_175_178_71_217","bound_from_final_export"
"c2b_zh","77","3454","S9hNv5qa7GM_625eb179629b45f280c01d3f6ec74b4f","2","labelstudio_http_175_178_71_217","bound_from_final_export"
"c2b_zh","77","3472","jtcxE69GiFV_27535f650b78489abcf2397c1eaa3037","2","labelstudio_http_175_178_71_217","bound_from_final_export"
"c2b_zh","77","3474","jtcxE69GiFV_5d3af9ad575b4be88587967ff8114c36","2","labelstudio_http_175_178_71_217","bound_from_final_export"
"c2b_zh","77","3477","jtcxE69GiFV_a197694b62d249968f88ae32a1b49d10","2","labelstudio_http_175_178_71_217","bound_from_final_export"
"c2b_en","76","UNBOUND_27_S9hNv5qa7GM_625eb179629b45f280c01d3f6ec74b4f","S9hNv5qa7GM_625eb179629b45f280c01d3f6ec74b4f","27","labelstudio_https_sparkle0825","unbound_task_absent_from_final_export"
"c2b_en","76","UNBOUND_27_jtcxE69GiFV_27535f650b78489abcf2397c1eaa3037","jtcxE69GiFV_27535f650b78489abcf2397c1eaa3037","27","labelstudio_https_sparkle0825","unbound_task_absent_from_final_export"
"c2b_en","76","UNBOUND_27_jtcxE69GiFV_5d3af9ad575b4be88587967ff8114c36","jtcxE69GiFV_5d3af9ad575b4be88587967ff8114c36","27","labelstudio_https_sparkle0825","unbound_task_absent_from_final_export"
"c2b_en","76","UNBOUND_27_jtcxE69GiFV_a197694b62d249968f88ae32a1b49d10","jtcxE69GiFV_a197694b62d249968f88ae32a1b49d10","27","labelstudio_https_sparkle0825","unbound_task_absent_from_final_export"
"c2b_en","76","3420","jh4fc5c5qoQ_77e6cfabf32d46fc9398ce824843adaa","28","labelstudio_https_sparkle0825","bound_from_final_export"
"c2b_en","76","3423","jh4fc5c5qoQ_b000c5baa76b454caa1c58c9aac585f6","28","labelstudio_https_sparkle0825","bound_from_final_export"
"c2b_en","76","3433","jtcxE69GiFV_dce110162b244b2ab76a0804fc830a9e","28","labelstudio_https_sparkle0825","bound_from_final_export"
"c2b_en","76","3435","pRbA3pwrgk9_03de6e2562bb4f56a88db3ceb681af78","28","labelstudio_https_sparkle0825","bound_from_final_export"
"c2b_en","76","3420","jh4fc5c5qoQ_77e6cfabf32d46fc9398ce824843adaa","29","labelstudio_https_sparkle0825","bound_from_final_export"
"c2b_en","76","3423","jh4fc5c5qoQ_b000c5baa76b454caa1c58c9aac585f6","29","labelstudio_https_sparkle0825","bound_from_final_export"
"c2b_en","76","3433","jtcxE69GiFV_dce110162b244b2ab76a0804fc830a9e","29","labelstudio_https_sparkle0825","bound_from_final_export"
"c2b_en","76","3435","pRbA3pwrgk9_03de6e2562bb4f56a88db3ceb681af78","29","labelstudio_https_sparkle0825","bound_from_final_export"
"c2b_en","76","3413","VFuaQ6m2Qom_109e18c64a614dc49e41a33ae979f98a","30","labelstudio_https_sparkle0825","bound_from_final_export"
"c2b_en","76","3417","VFuaQ6m2Qom_f0be18aa2f1d4aa2b6adf355a86f34b8","30","labelstudio_https_sparkle0825","bound_from_final_export"
"c2b_en","76","3446","pa4otMbVnkk_48321c1bb20244f1b43b2c41b4dc9657","30","labelstudio_https_sparkle0825","bound_from_final_export"
"c2b_en","76","3450","zsNo4HB9uLZ_65eefaf93e6249908e6389eb4eabf0f5","30","labelstudio_https_sparkle0825","bound_from_final_export"
"c2b_en","76","3413","VFuaQ6m2Qom_109e18c64a614dc49e41a33ae979f98a","31","labelstudio_https_sparkle0825","bound_from_final_export"
"c2b_en","76","3417","VFuaQ6m2Qom_f0be18aa2f1d4aa2b6adf355a86f34b8","31","labelstudio_https_sparkle0825","bound_from_final_export"
"c2b_en","76","3446","pa4otMbVnkk_48321c1bb20244f1b43b2c41b4dc9657","31","labelstudio_https_sparkle0825","bound_from_final_export"
"c2b_en","76","3450","zsNo4HB9uLZ_65eefaf93e6249908e6389eb4eabf0f5","31","labelstudio_https_sparkle0825","bound_from_final_export"
"c2b_en","76","3412","S9hNv5qa7GM_ed36c0b595de42f0a4e13ba5d332814a","32","labelstudio_https_sparkle0825","bound_from_final_export"
"c2b_en","76","3415","VFuaQ6m2Qom_5fb269a812f349b4bc2ad5dfac000b85","32","labelstudio_https_sparkle0825","bound_from_final_export"
"c2b_en","76","3438","pRbA3pwrgk9_4fe4474e9bf9429ea92d202bdea4dce5","32","labelstudio_https_sparkle0825","bound_from_final_export"
"c2b_en","76","3451","zsNo4HB9uLZ_faad06c7cb2b4a6f9220e7f6f87c800b","32","labelstudio_https_sparkle0825","bound_from_final_export"
"c2b_en","76","3412","S9hNv5qa7GM_ed36c0b595de42f0a4e13ba5d332814a","33","labelstudio_https_sparkle0825","bound_from_final_export"
"c2b_en","76","3415","VFuaQ6m2Qom_5fb269a812f349b4bc2ad5dfac000b85","33","labelstudio_https_sparkle0825","bound_from_final_export"
"c2b_en","76","3438","pRbA3pwrgk9_4fe4474e9bf9429ea92d202bdea4dce5","33","labelstudio_https_sparkle0825","bound_from_final_export"
"c2b_en","76","3451","zsNo4HB9uLZ_faad06c7cb2b4a6f9220e7f6f87c800b","33","labelstudio_https_sparkle0825","bound_from_final_export"
"c2b_en","76","3415","VFuaQ6m2Qom_5fb269a812f349b4bc2ad5dfac000b85","34","labelstudio_https_sparkle0825","bound_from_final_export"
"c2b_en","76","3424","jtcxE69GiFV_0aa01000f1934e73b35c348fa8d15040","34","labelstudio_https_sparkle0825","bound_from_final_export"
"c2b_en","76","3436","pRbA3pwrgk9_285b697fed754f86a09602c93628cfb4","34","labelstudio_https_sparkle0825","bound_from_final_export"
"c2b_en","76","3448","pa4otMbVnkk_63bde48e974d42e59a664bc3b5d9566a","34","labelstudio_https_sparkle0825","bound_from_final_export"
"c2b_en","76","3417","VFuaQ6m2Qom_f0be18aa2f1d4aa2b6adf355a86f34b8","35","labelstudio_https_sparkle0825","bound_from_final_export"
"c2b_en","76","3424","jtcxE69GiFV_0aa01000f1934e73b35c348fa8d15040","35","labelstudio_https_sparkle0825","bound_from_final_export"
"c2b_en","76","3436","pRbA3pwrgk9_285b697fed754f86a09602c93628cfb4","35","labelstudio_https_sparkle0825","bound_from_final_export"
"c2b_en","76","3448","pa4otMbVnkk_63bde48e974d42e59a664bc3b5d9566a","35","labelstudio_https_sparkle0825","bound_from_final_export"
"c2b_en","76","3407","S9hNv5qa7GM_322a5d3bbca1428fb92d39bfc6e603ee","36","labelstudio_https_sparkle0825","bound_from_final_export"
"c2b_en","76","3414","VFuaQ6m2Qom_381ce3cd69b846c3b920be16d29ed48e","36","labelstudio_https_sparkle0825","bound_from_final_export"
"c2b_en","76","3441","pRbA3pwrgk9_9c9bed9bf7d94ac0bcea18e3bf521930","36","labelstudio_https_sparkle0825","bound_from_final_export"
"c2b_en","76","3447","pa4otMbVnkk_5d1adb544bb14217ba5ded2eb82cd8e3","36","labelstudio_https_sparkle0825","bound_from_final_export"
"c2b_en","76","3407","S9hNv5qa7GM_322a5d3bbca1428fb92d39bfc6e603ee","37","labelstudio_https_sparkle0825","bound_from_final_export"
"c2b_en","76","3414","VFuaQ6m2Qom_381ce3cd69b846c3b920be16d29ed48e","37","labelstudio_https_sparkle0825","bound_from_final_export"
"c2b_en","76","3441","pRbA3pwrgk9_9c9bed9bf7d94ac0bcea18e3bf521930","37","labelstudio_https_sparkle0825","bound_from_final_export"
"c2b_en","76","3447","pa4otMbVnkk_5d1adb544bb14217ba5ded2eb82cd8e3","37","labelstudio_https_sparkle0825","bound_from_final_export"
"c2b_zh","77","3472","jtcxE69GiFV_27535f650b78489abcf2397c1eaa3037","6","labelstudio_http_175_178_71_217","bound_from_final_export"
"c2b_zh","77","3476","jtcxE69GiFV_9f0e2562fcf447f5a7c5e44e85978148","6","labelstudio_http_175_178_71_217","bound_from_final_export"
"c2b_zh","77","3478","jtcxE69GiFV_c90412ad99334d3aa7a1ec74d8e543a1","6","labelstudio_http_175_178_71_217","bound_from_final_export"
"c2b_zh","77","3491","pa4otMbVnkk_447755d931aa401097d8c0952a22b17e","6","labelstudio_http_175_178_71_217","bound_from_final_export"
"c2b_zh","77","3476","jtcxE69GiFV_9f0e2562fcf447f5a7c5e44e85978148","8","labelstudio_http_175_178_71_217","bound_from_final_export"
"c2b_zh","77","3478","jtcxE69GiFV_c90412ad99334d3aa7a1ec74d8e543a1","8","labelstudio_http_175_178_71_217","bound_from_final_export"
"c2b_zh","77","3480","pRbA3pwrgk9_0350fc96e88c4a52886d4eb50b2d52c6","8","labelstudio_http_175_178_71_217","bound_from_final_export"
"c2b_zh","77","3491","pa4otMbVnkk_447755d931aa401097d8c0952a22b17e","8","labelstudio_http_175_178_71_217","bound_from_final_export"
