scenario,support_set,k,building_id,task_count,image_count,worker_count,full_status_recovery_rate_task_equal,partition_recovery_rate_task_equal,historical_all_target_status_recovery_rate_task_equal,historical_all_target_partition_recovery_rate_task_equal,paired_status_changed_from_prior_k_rate_task_equal
current_available20__all_strict_geometry,fixed_common_support_k20,15,7y3sRwLe3Va,1,1,20,1.0,1.0,0.0,1.0,
current_available20__all_strict_geometry,fixed_common_support_k20,15,B6ByNegPMKs,2,2,20,0.76,0.9824999999999999,0.76,0.9824999999999999,
current_available20__all_strict_geometry,fixed_common_support_k20,15,UwV83HsGsw3,3,3,20,0.8249999999999998,1.0,0.8249999999999998,1.0,
current_available20__all_strict_geometry,fixed_common_support_k20,15,X7HyMhZNoso,1,1,20,1.0,1.0,0.0,1.0,
current_available20__all_strict_geometry,fixed_common_support_k20,15,b8cTxDM8gDG,1,1,20,0.46,0.46,0.46,0.46,
current_available20__all_strict_geometry,fixed_common_support_k20,15,e9zR4mvMWw7,1,1,20,1.0,1.0,1.0,1.0,
current_available20__all_strict_geometry,fixed_common_support_k20,15,q9vSo1VnCiC,3,3,20,0.995,1.0,0.3333333333333333,1.0,
current_available20__all_strict_geometry,fixed_common_support_k20,15,rPc6DW4iMge,5,5,20,0.7369999999999999,1.0,0.7369999999999999,1.0,
current_available20__all_strict_geometry,fixed_common_support_k20,15,uNb9QFRL6hY,10,10,20,0.868,0.9564999999999999,0.768,0.8564999999999999,
current_available20__all_strict_geometry,fixed_common_support_k20,15,wc2JMjhGNzB,4,4,20,0.84,0.88125,0.84,0.88125,
current_available20__all_strict_geometry,fixed_common_support_k20,15,x8F5xyUWy9e,1,1,20,1.0,1.0,1.0,1.0,
current_available20__all_strict_geometry,fixed_common_support_k20,15,yqstnuAEVhm,4,4,20,0.83125,0.87125,0.33125,0.87125,
current_available20__all_strict_geometry,fixed_common_support_k20,16,7y3sRwLe3Va,1,1,20,1.0,1.0,0.0,1.0,0.0
current_available20__all_strict_geometry,fixed_common_support_k20,16,B6ByNegPMKs,2,2,20,0.8275,1.0,0.8275,1.0,0.0675
current_available20__all_strict_geometry,fixed_common_support_k20,16,UwV83HsGsw3,3,3,20,0.8616666666666667,1.0,0.8616666666666667,1.0,0.03666666666666667
current_available20__all_strict_geometry,fixed_common_support_k20,16,X7HyMhZNoso,1,1,20,1.0,1.0,0.0,1.0,0.0
current_available20__all_strict_geometry,fixed_common_support_k20,16,b8cTxDM8gDG,1,1,20,0.575,0.575,0.575,0.575,0.115
current_available20__all_strict_geometry,fixed_common_support_k20,16,e9zR4mvMWw7,1,1,20,1.0,1.0,1.0,1.0,0.0
current_available20__all_strict_geometry,fixed_common_support_k20,16,q9vSo1VnCiC,3,3,20,0.9966666666666667,1.0,0.3333333333333333,1.0,0.0016666666666666668
current_available20__all_strict_geometry,fixed_common_support_k20,16,rPc6DW4iMge,5,5,20,0.781,1.0,0.781,1.0,0.044
current_available20__all_strict_geometry,fixed_common_support_k20,16,uNb9QFRL6hY,10,10,20,0.89,0.96,0.79,0.86,0.027999999999999997
current_available20__all_strict_geometry,fixed_common_support_k20,16,wc2JMjhGNzB,4,4,20,0.8775,0.91125,0.8775,0.91125,0.055
current_available20__all_strict_geometry,fixed_common_support_k20,16,x8F5xyUWy9e,1,1,20,1.0,1.0,1.0,1.0,0.0
current_available20__all_strict_geometry,fixed_common_support_k20,16,yqstnuAEVhm,4,4,20,0.86625,0.89125,0.36624999999999996,0.89125,0.035
current_available20__all_strict_geometry,fixed_common_support_k20,17,7y3sRwLe3Va,1,1,20,1.0,1.0,0.0,1.0,0.0
current_available20__all_strict_geometry,fixed_common_support_k20,17,B6ByNegPMKs,2,2,20,0.88,1.0,0.88,1.0,0.0525
current_available20__all_strict_geometry,fixed_common_support_k20,17,UwV83HsGsw3,3,3,20,0.8816666666666667,1.0,0.8816666666666667,1.0,0.02
current_available20__all_strict_geometry,fixed_common_support_k20,17,X7HyMhZNoso,1,1,20,1.0,1.0,0.0,1.0,0.0
current_available20__all_strict_geometry,fixed_common_support_k20,17,b8cTxDM8gDG,1,1,20,0.645,0.645,0.645,0.645,0.07
current_available20__all_strict_geometry,fixed_common_support_k20,17,e9zR4mvMWw7,1,1,20,1.0,1.0,1.0,1.0,0.0
current_available20__all_strict_geometry,fixed_common_support_k20,17,q9vSo1VnCiC,3,3,20,0.9983333333333334,1.0,0.3333333333333333,1.0,0.0016666666666666668
current_available20__all_strict_geometry,fixed_common_support_k20,17,rPc6DW4iMge,5,5,20,0.8379999999999999,1.0,0.8379999999999999,1.0,0.05700000000000001
current_available20__all_strict_geometry,fixed_common_support_k20,17,uNb9QFRL6hY,10,10,20,0.9175000000000001,0.966,0.8174999999999999,0.866,0.027500000000000004
current_available20__all_strict_geometry,fixed_common_support_k20,17,wc2JMjhGNzB,4,4,20,0.915,0.94375,0.915,0.94375,0.0575
current_available20__all_strict_geometry,fixed_common_support_k20,17,x8F5xyUWy9e,1,1,20,1.0,1.0,1.0,1.0,0.0
current_available20__all_strict_geometry,fixed_common_support_k20,17,yqstnuAEVhm,4,4,20,0.8987499999999999,0.91125,0.39875,0.91125,0.0325
current_available20__all_strict_geometry,fixed_common_support_k20,18,7y3sRwLe3Va,1,1,20,1.0,1.0,0.0,1.0,0.0
current_available20__all_strict_geometry,fixed_common_support_k20,18,B6ByNegPMKs,2,2,20,0.9125,1.0,0.9125,1.0,0.0325
current_available20__all_strict_geometry,fixed_common_support_k20,18,UwV83HsGsw3,3,3,20,0.935,1.0,0.935,1.0,0.05333333333333332
current_available20__all_strict_geometry,fixed_common_support_k20,18,X7HyMhZNoso,1,1,20,1.0,1.0,0.0,1.0,0.0
current_available20__all_strict_geometry,fixed_common_support_k20,18,b8cTxDM8gDG,1,1,20,0.775,0.775,0.775,0.775,0.13
current_available20__all_strict_geometry,fixed_common_support_k20,18,e9zR4mvMWw7,1,1,20,1.0,1.0,1.0,1.0,0.0
current_available20__all_strict_geometry,fixed_common_support_k20,18,q9vSo1VnCiC,3,3,20,1.0,1.0,0.3333333333333333,1.0,0.0016666666666666668
current_available20__all_strict_geometry,fixed_common_support_k20,18,rPc6DW4iMge,5,5,20,0.8949999999999999,1.0,0.8949999999999999,1.0,0.05700000000000001
current_available20__all_strict_geometry,fixed_common_support_k20,18,uNb9QFRL6hY,10,10,20,0.9440000000000002,0.976,0.8440000000000001,0.876,0.028499999999999998
current_available20__all_strict_geometry,fixed_common_support_k20,18,wc2JMjhGNzB,4,4,20,0.94875,0.96625,0.94875,0.96625,0.04625
current_available20__all_strict_geometry,fixed_common_support_k20,18,x8F5xyUWy9e,1,1,20,1.0,1.0,1.0,1.0,0.0
current_available20__all_strict_geometry,fixed_common_support_k20,18,yqstnuAEVhm,4,4,20,0.9299999999999999,0.935,0.43,0.935,0.03125
current_available20__all_strict_geometry,fixed_common_support_k20,19,7y3sRwLe3Va,1,1,20,1.0,1.0,0.0,1.0,0.0
current_available20__all_strict_geometry,fixed_common_support_k20,19,B6ByNegPMKs,2,2,20,0.9675,1.0,0.9675,1.0,0.055
current_available20__all_strict_geometry,fixed_common_support_k20,19,UwV83HsGsw3,3,3,20,0.965,1.0,0.965,1.0,0.03
current_available20__all_strict_geometry,fixed_common_support_k20,19,X7HyMhZNoso,1,1,20,1.0,1.0,0.0,1.0,0.0
current_available20__all_strict_geometry,fixed_common_support_k20,19,b8cTxDM8gDG,1,1,20,0.915,0.915,0.915,0.915,0.14
current_available20__all_strict_geometry,fixed_common_support_k20,19,e9zR4mvMWw7,1,1,20,1.0,1.0,1.0,1.0,0.0
current_available20__all_strict_geometry,fixed_common_support_k20,19,q9vSo1VnCiC,3,3,20,1.0,1.0,0.3333333333333333,1.0,0.0
current_available20__all_strict_geometry,fixed_common_support_k20,19,rPc6DW4iMge,5,5,20,0.9410000000000001,1.0,0.9410000000000001,1.0,0.046000000000000006
current_available20__all_strict_geometry,fixed_common_support_k20,19,uNb9QFRL6hY,10,10,20,0.9695,0.9894999999999999,0.8695,0.8895,0.025500000000000002
current_available20__all_strict_geometry,fixed_common_support_k20,19,wc2JMjhGNzB,4,4,20,0.975,0.98375,0.975,0.98375,0.03375
current_available20__all_strict_geometry,fixed_common_support_k20,19,x8F5xyUWy9e,1,1,20,1.0,1.0,1.0,1.0,0.0
current_available20__all_strict_geometry,fixed_common_support_k20,19,yqstnuAEVhm,4,4,20,0.95875,0.95875,0.45875,0.95875,0.02875
current_available20__all_strict_geometry,fixed_common_support_k20,20,7y3sRwLe3Va,1,1,20,1.0,1.0,0.0,1.0,0.0
current_available20__all_strict_geometry,fixed_common_support_k20,20,B6ByNegPMKs,2,2,20,1.0,1.0,1.0,1.0,0.0325
current_available20__all_strict_geometry,fixed_common_support_k20,20,UwV83HsGsw3,3,3,20,1.0,1.0,1.0,1.0,0.034999999999999996
current_available20__all_strict_geometry,fixed_common_support_k20,20,X7HyMhZNoso,1,1,20,1.0,1.0,0.0,1.0,0.0
current_available20__all_strict_geometry,fixed_common_support_k20,20,b8cTxDM8gDG,1,1,20,1.0,1.0,1.0,1.0,0.085
current_available20__all_strict_geometry,fixed_common_support_k20,20,e9zR4mvMWw7,1,1,20,1.0,1.0,1.0,1.0,0.0
current_available20__all_strict_geometry,fixed_common_support_k20,20,q9vSo1VnCiC,3,3,20,1.0,1.0,0.3333333333333333,1.0,0.0
current_available20__all_strict_geometry,fixed_common_support_k20,20,rPc6DW4iMge,5,5,20,1.0,1.0,1.0,1.0,0.05900000000000001
current_available20__all_strict_geometry,fixed_common_support_k20,20,uNb9QFRL6hY,10,10,20,1.0,1.0,0.9,0.9,0.0305
current_available20__all_strict_geometry,fixed_common_support_k20,20,wc2JMjhGNzB,4,4,20,1.0,1.0,1.0,1.0,0.025
current_available20__all_strict_geometry,fixed_common_support_k20,20,x8F5xyUWy9e,1,1,20,1.0,1.0,1.0,1.0,0.0
current_available20__all_strict_geometry,fixed_common_support_k20,20,yqstnuAEVhm,4,4,20,1.0,1.0,0.5,1.0,0.04125
current_available20__legacy_independent_only,fixed_common_support_k20,15,UwV83HsGsw3,1,1,20,0.94,1.0,0.94,1.0,
current_available20__legacy_independent_only,fixed_common_support_k20,15,rPc6DW4iMge,2,2,20,0.6475,1.0,0.6475,1.0,
current_available20__legacy_independent_only,fixed_common_support_k20,15,uNb9QFRL6hY,5,5,20,0.867,0.9189999999999999,0.667,0.719,
current_available20__legacy_independent_only,fixed_common_support_k20,15,wc2JMjhGNzB,2,2,20,0.78,0.7675000000000001,0.78,0.7675000000000001,
current_available20__legacy_independent_only,fixed_common_support_k20,15,yqstnuAEVhm,2,2,20,0.6875,0.745,0.6875,0.745,
current_available20__legacy_independent_only,fixed_common_support_k20,16,UwV83HsGsw3,1,1,20,0.96,1.0,0.96,1.0,0.02
current_available20__legacy_independent_only,fixed_common_support_k20,16,rPc6DW4iMge,2,2,20,0.7124999999999999,1.0,0.7124999999999999,1.0,0.065
current_available20__legacy_independent_only,fixed_common_support_k20,16,uNb9QFRL6hY,5,5,20,0.891,0.932,0.6910000000000001,0.732,0.03
current_available20__legacy_independent_only,fixed_common_support_k20,16,wc2JMjhGNzB,2,2,20,0.8274999999999999,0.8200000000000001,0.8274999999999999,0.8200000000000001,0.0975
current_available20__legacy_independent_only,fixed_common_support_k20,16,yqstnuAEVhm,2,2,20,0.7575000000000001,0.7975,0.7575000000000001,0.7975,0.07
current_available20__legacy_independent_only,fixed_common_support_k20,17,UwV83HsGsw3,1,1,20,0.975,1.0,0.975,1.0,0.015
current_available20__legacy_independent_only,fixed_common_support_k20,17,rPc6DW4iMge,2,2,20,0.78,1.0,0.78,1.0,0.0675
current_available20__legacy_independent_only,fixed_common_support_k20,17,uNb9QFRL6hY,5,5,20,0.917,0.95,0.717,0.75,0.03
current_available20__legacy_independent_only,fixed_common_support_k20,17,wc2JMjhGNzB,2,2,20,0.8825000000000001,0.875,0.8825000000000001,0.875,0.07
current_available20__legacy_independent_only,fixed_common_support_k20,17,yqstnuAEVhm,2,2,20,0.825,0.8474999999999999,0.825,0.8474999999999999,0.0675
current_available20__legacy_independent_only,fixed_common_support_k20,18,UwV83HsGsw3,1,1,20,0.98,1.0,0.98,1.0,0.005
current_available20__legacy_independent_only,fixed_common_support_k20,18,rPc6DW4iMge,2,2,20,0.8375,1.0,0.8375,1.0,0.0575
current_available20__legacy_independent_only,fixed_common_support_k20,18,uNb9QFRL6hY,5,5,20,0.9460000000000001,0.968,0.746,0.768,0.028999999999999998
current_available20__legacy_independent_only,fixed_common_support_k20,18,wc2JMjhGNzB,2,2,20,0.9175,0.915,0.9175,0.915,0.06
current_available20__legacy_independent_only,fixed_common_support_k20,18,yqstnuAEVhm,2,2,20,0.885,0.8875,0.885,0.8875,0.06
current_available20__legacy_independent_only,fixed_common_support_k20,19,UwV83HsGsw3,1,1,20,1.0,1.0,1.0,1.0,0.02
current_available20__legacy_independent_only,fixed_common_support_k20,19,rPc6DW4iMge,2,2,20,0.9125,1.0,0.9125,1.0,0.075
current_available20__legacy_independent_only,fixed_common_support_k20,19,uNb9QFRL6hY,5,5,20,0.969,0.977,0.7689999999999999,0.7769999999999999,0.023
current_available20__legacy_independent_only,fixed_common_support_k20,19,wc2JMjhGNzB,2,2,20,0.95,0.95,0.95,0.95,0.0425
current_available20__legacy_independent_only,fixed_common_support_k20,19,yqstnuAEVhm,2,2,20,0.9450000000000001,0.9450000000000001,0.9450000000000001,0.9450000000000001,0.060000000000000005
current_available20__legacy_independent_only,fixed_common_support_k20,20,UwV83HsGsw3,1,1,20,1.0,1.0,1.0,1.0,0.0
current_available20__legacy_independent_only,fixed_common_support_k20,20,rPc6DW4iMge,2,2,20,1.0,1.0,1.0,1.0,0.0875
current_available20__legacy_independent_only,fixed_common_support_k20,20,uNb9QFRL6hY,5,5,20,1.0,1.0,0.8,0.8,0.031
current_available20__legacy_independent_only,fixed_common_support_k20,20,wc2JMjhGNzB,2,2,20,1.0,1.0,1.0,1.0,0.05
current_available20__legacy_independent_only,fixed_common_support_k20,20,yqstnuAEVhm,2,2,20,1.0,1.0,1.0,1.0,0.055
historical_all__all_strict_geometry,fixed_common_support_k20,15,7y3sRwLe3Va,1,1,25,0.515,1.0,0.515,1.0,0.08
historical_all__all_strict_geometry,fixed_common_support_k20,15,B6ByNegPMKs,3,3,25,0.73,0.9833333333333334,0.73,0.9833333333333334,0.08166666666666667
historical_all__all_strict_geometry,fixed_common_support_k20,15,UwV83HsGsw3,3,3,24,0.7766666666666667,1.0,0.7766666666666667,1.0,0.051666666666666666
historical_all__all_strict_geometry,fixed_common_support_k20,15,X7HyMhZNoso,1,1,25,0.615,1.0,0.615,1.0,0.075
historical_all__all_strict_geometry,fixed_common_support_k20,15,b8cTxDM8gDG,1,1,26,0.245,0.245,0.245,0.245,0.065
historical_all__all_strict_geometry,fixed_common_support_k20,15,e9zR4mvMWw7,1,1,24,1.0,1.0,1.0,1.0,0.0
historical_all__all_strict_geometry,fixed_common_support_k20,15,q9vSo1VnCiC,4,4,25,0.5725,0.84125,0.5725,0.84125,0.08375
historical_all__all_strict_geometry,fixed_common_support_k20,15,rPc6DW4iMge,6,6,26,0.6383333333333333,0.9258333333333333,0.6383333333333333,0.9258333333333333,0.11666666666666665
historical_all__all_strict_geometry,fixed_common_support_k20,15,uNb9QFRL6hY,11,11,26,0.8518181818181817,0.9077272727272727,0.8518181818181817,0.9077272727272727,0.05954545454545455
historical_all__all_strict_geometry,fixed_common_support_k20,15,wc2JMjhGNzB,4,4,24,0.82125,0.9,0.82125,0.9,0.08750000000000001
historical_all__all_strict_geometry,fixed_common_support_k20,15,x8F5xyUWy9e,1,1,24,0.99,1.0,0.99,1.0,0.025
historical_all__all_strict_geometry,fixed_common_support_k20,15,yqstnuAEVhm,6,6,26,0.7608333333333333,0.9125,0.7608333333333333,0.9125,0.10583333333333333
historical_all__all_strict_geometry,fixed_common_support_k20,16,7y3sRwLe3Va,1,1,25,0.55,1.0,0.55,1.0,0.035
historical_all__all_strict_geometry,fixed_common_support_k20,16,B6ByNegPMKs,3,3,25,0.7416666666666667,0.9766666666666667,0.7416666666666667,0.9766666666666667,0.045000000000000005
historical_all__all_strict_geometry,fixed_common_support_k20,16,UwV83HsGsw3,3,3,24,0.7966666666666667,1.0,0.7966666666666667,1.0,0.02
historical_all__all_strict_geometry,fixed_common_support_k20,16,X7HyMhZNoso,1,1,25,0.65,1.0,0.65,1.0,0.035
historical_all__all_strict_geometry,fixed_common_support_k20,16,b8cTxDM8gDG,1,1,26,0.305,0.305,0.305,0.305,0.06
historical_all__all_strict_geometry,fixed_common_support_k20,16,e9zR4mvMWw7,1,1,24,1.0,1.0,1.0,1.0,0.0
historical_all__all_strict_geometry,fixed_common_support_k20,16,q9vSo1VnCiC,4,4,25,0.6100000000000001,0.8612500000000001,0.6100000000000001,0.8612500000000001,0.0375
historical_all__all_strict_geometry,fixed_common_support_k20,16,rPc6DW4iMge,6,6,26,0.6775000000000001,0.9249999999999999,0.6775000000000001,0.9249999999999999,0.06083333333333333
historical_all__all_strict_geometry,fixed_common_support_k20,16,uNb9QFRL6hY,11,11,26,0.8663636363636364,0.9149999999999999,0.8663636363636364,0.9149999999999999,0.022727272727272728
historical_all__all_strict_geometry,fixed_common_support_k20,16,wc2JMjhGNzB,4,4,24,0.8324999999999999,0.90125,0.8324999999999999,0.90125,0.04625
historical_all__all_strict_geometry,fixed_common_support_k20,16,x8F5xyUWy9e,1,1,24,1.0,1.0,1.0,1.0,0.01
historical_all__all_strict_geometry,fixed_common_support_k20,16,yqstnuAEVhm,6,6,26,0.7983333333333335,0.9225,0.7983333333333335,0.9225,0.0375
historical_all__all_strict_geometry,fixed_common_support_k20,17,7y3sRwLe3Va,1,1,25,0.58,1.0,0.58,1.0,0.03
historical_all__all_strict_geometry,fixed_common_support_k20,17,B6ByNegPMKs,3,3,25,0.77,0.9833333333333334,0.77,0.9833333333333334,0.04833333333333333
historical_all__all_strict_geometry,fixed_common_support_k20,17,UwV83HsGsw3,3,3,24,0.82,1.0,0.82,1.0,0.023333333333333334
historical_all__all_strict_geometry,fixed_common_support_k20,17,X7HyMhZNoso,1,1,25,0.7,1.0,0.7,1.0,0.05
historical_all__all_strict_geometry,fixed_common_support_k20,17,b8cTxDM8gDG,1,1,26,0.35,0.35,0.35,0.35,0.045
historical_all__all_strict_geometry,fixed_common_support_k20,17,e9zR4mvMWw7,1,1,24,1.0,1.0,1.0,1.0,0.0
historical_all__all_strict_geometry,fixed_common_support_k20,17,q9vSo1VnCiC,4,4,25,0.645,0.875,0.645,0.875,0.035
historical_all__all_strict_geometry,fixed_common_support_k20,17,rPc6DW4iMge,6,6,26,0.7083333333333334,0.9283333333333333,0.7083333333333334,0.9283333333333333,0.057499999999999996
historical_all__all_strict_geometry,fixed_common_support_k20,17,uNb9QFRL6hY,11,11,26,0.8895454545454545,0.93,0.8895454545454545,0.93,0.024999999999999998
historical_all__all_strict_geometry,fixed_common_support_k20,17,wc2JMjhGNzB,4,4,24,0.84125,0.91,0.84125,0.91,0.036250000000000004
historical_all__all_strict_geometry,fixed_common_support_k20,17,x8F5xyUWy9e,1,1,24,1.0,1.0,1.0,1.0,0.0
historical_all__all_strict_geometry,fixed_common_support_k20,17,yqstnuAEVhm,6,6,26,0.8325,0.9308333333333333,0.8325,0.9308333333333333,0.03416666666666667
historical_all__all_strict_geometry,fixed_common_support_k20,18,7y3sRwLe3Va,1,1,25,0.625,1.0,0.625,1.0,0.045
historical_all__all_strict_geometry,fixed_common_support_k20,18,B6ByNegPMKs,3,3,25,0.8083333333333332,0.9916666666666667,0.8083333333333332,0.9916666666666667,0.045000000000000005
historical_all__all_strict_geometry,fixed_common_support_k20,18,UwV83HsGsw3,3,3,24,0.8516666666666666,1.0,0.8516666666666666,1.0,0.03166666666666667
historical_all__all_strict_geometry,fixed_common_support_k20,18,X7HyMhZNoso,1,1,25,0.75,1.0,0.75,1.0,0.05
historical_all__all_strict_geometry,fixed_common_support_k20,18,b8cTxDM8gDG,1,1,26,0.41,0.41,0.41,0.41,0.06
historical_all__all_strict_geometry,fixed_common_support_k20,18,e9zR4mvMWw7,1,1,24,1.0,1.0,1.0,1.0,0.0
historical_all__all_strict_geometry,fixed_common_support_k20,18,q9vSo1VnCiC,4,4,25,0.6875,0.88875,0.6875,0.88875,0.042499999999999996
historical_all__all_strict_geometry,fixed_common_support_k20,18,rPc6DW4iMge,6,6,26,0.7391666666666667,0.935,0.7391666666666667,0.935,0.04583333333333334
historical_all__all_strict_geometry,fixed_common_support_k20,18,uNb9QFRL6hY,11,11,26,0.9063636363636363,0.9404545454545455,0.9063636363636363,0.9404545454545455,0.02318181818181819
historical_all__all_strict_geometry,fixed_common_support_k20,18,wc2JMjhGNzB,4,4,24,0.8562500000000001,0.9175,0.8562500000000001,0.9175,0.0375
historical_all__all_strict_geometry,fixed_common_support_k20,18,x8F5xyUWy9e,1,1,24,1.0,1.0,1.0,1.0,0.0
historical_all__all_strict_geometry,fixed_common_support_k20,18,yqstnuAEVhm,6,6,26,0.86,0.9425,0.86,0.9425,0.0275
historical_all__all_strict_geometry,fixed_common_support_k20,19,7y3sRwLe3Va,1,1,25,0.7,1.0,0.7,1.0,0.075
historical_all__all_strict_geometry,fixed_common_support_k20,19,B6ByNegPMKs,3,3,25,0.8333333333333334,0.9916666666666667,0.8333333333333334,0.9916666666666667,0.03833333333333334
historical_all__all_strict_geometry,fixed_common_support_k20,19,UwV83HsGsw3,3,3,24,0.8783333333333333,1.0,0.8783333333333333,1.0,0.02666666666666667
historical_all__all_strict_geometry,fixed_common_support_k20,19,X7HyMhZNoso,1,1,25,0.765,1.0,0.765,1.0,0.015
historical_all__all_strict_geometry,fixed_common_support_k20,19,b8cTxDM8gDG,1,1,26,0.455,0.455,0.455,0.455,0.045
historical_all__all_strict_geometry,fixed_common_support_k20,19,e9zR4mvMWw7,1,1,24,1.0,1.0,1.0,1.0,0.0
historical_all__all_strict_geometry,fixed_common_support_k20,19,q9vSo1VnCiC,4,4,25,0.73625,0.9125,0.73625,0.9125,0.04875
historical_all__all_strict_geometry,fixed_common_support_k20,19,rPc6DW4iMge,6,6,26,0.7725,0.9383333333333334,0.7725,0.9383333333333334,0.05000000000000001
historical_all__all_strict_geometry,fixed_common_support_k20,19,uNb9QFRL6hY,11,11,26,0.9240909090909092,0.95,0.9240909090909092,0.95,0.021363636363636366
historical_all__all_strict_geometry,fixed_common_support_k20,19,wc2JMjhGNzB,4,4,24,0.87625,0.9299999999999999,0.87625,0.9299999999999999,0.0325
historical_all__all_strict_geometry,fixed_common_support_k20,19,x8F5xyUWy9e,1,1,24,1.0,1.0,1.0,1.0,0.0
historical_all__all_strict_geometry,fixed_common_support_k20,19,yqstnuAEVhm,6,6,26,0.8908333333333335,0.9541666666666666,0.8908333333333335,0.9541666666666666,0.030833333333333334
historical_all__all_strict_geometry,fixed_common_support_k20,20,7y3sRwLe3Va,1,1,25,0.75,1.0,0.75,1.0,0.05
historical_all__all_strict_geometry,fixed_common_support_k20,20,B6ByNegPMKs,3,3,25,0.86,1.0,0.86,1.0,0.02666666666666667
historical_all__all_strict_geometry,fixed_common_support_k20,20,UwV83HsGsw3,3,3,24,0.9033333333333333,1.0,0.9033333333333333,1.0,0.024999999999999998
historical_all__all_strict_geometry,fixed_common_support_k20,20,X7HyMhZNoso,1,1,25,0.805,1.0,0.805,1.0,0.04
historical_all__all_strict_geometry,fixed_common_support_k20,20,b8cTxDM8gDG,1,1,26,0.545,0.545,0.545,0.545,0.09
historical_all__all_strict_geometry,fixed_common_support_k20,20,e9zR4mvMWw7,1,1,24,1.0,1.0,1.0,1.0,0.0
historical_all__all_strict_geometry,fixed_common_support_k20,20,q9vSo1VnCiC,4,4,25,0.7875,0.93125,0.7875,0.93125,0.051250000000000004
historical_all__all_strict_geometry,fixed_common_support_k20,20,rPc6DW4iMge,6,6,26,0.8133333333333334,0.9458333333333333,0.8133333333333334,0.9458333333333333,0.05083333333333334
historical_all__all_strict_geometry,fixed_common_support_k20,20,uNb9QFRL6hY,11,11,26,0.943181818181818,0.9640909090909091,0.943181818181818,0.9640909090909091,0.020000000000000004
historical_all__all_strict_geometry,fixed_common_support_k20,20,wc2JMjhGNzB,4,4,24,0.90125,0.9475,0.90125,0.9475,0.0375
historical_all__all_strict_geometry,fixed_common_support_k20,20,x8F5xyUWy9e,1,1,24,1.0,1.0,1.0,1.0,0.0
historical_all__all_strict_geometry,fixed_common_support_k20,20,yqstnuAEVhm,6,6,26,0.9133333333333334,0.9658333333333333,0.9133333333333334,0.9658333333333333,0.022500000000000003
historical_all__exclude_confirmed_only,fixed_common_support_k20,15,7y3sRwLe3Va,1,1,20,0.775,1.0,0.775,1.0,0.1
historical_all__exclude_confirmed_only,fixed_common_support_k20,15,B6ByNegPMKs,3,3,24,0.8066666666666666,1.0,0.8066666666666666,1.0,0.08
historical_all__exclude_confirmed_only,fixed_common_support_k20,15,UwV83HsGsw3,3,3,24,0.7983333333333333,1.0,0.7983333333333333,1.0,0.06
historical_all__exclude_confirmed_only,fixed_common_support_k20,15,X7HyMhZNoso,1,1,21,0.685,1.0,0.685,1.0,0.09
historical_all__exclude_confirmed_only,fixed_common_support_k20,15,b8cTxDM8gDG,1,1,25,0.335,0.335,0.335,0.335,0.095
historical_all__exclude_confirmed_only,fixed_common_support_k20,15,e9zR4mvMWw7,1,1,23,1.0,1.0,1.0,1.0,0.0
historical_all__exclude_confirmed_only,fixed_common_support_k20,15,q9vSo1VnCiC,4,4,25,0.76875,0.8475,0.76875,0.8475,0.05625
historical_all__exclude_confirmed_only,fixed_common_support_k20,15,rPc6DW4iMge,6,6,26,0.7041666666666666,0.9216666666666667,0.7041666666666666,0.9216666666666667,0.11916666666666668
historical_all__exclude_confirmed_only,fixed_common_support_k20,15,uNb9QFRL6hY,10,10,26,0.8375,0.8965,0.8375,0.8965,0.05900000000000001
historical_all__exclude_confirmed_only,fixed_common_support_k20,15,wc2JMjhGNzB,4,4,24,0.8387500000000001,0.9025,0.8387500000000001,0.9025,0.1025
historical_all__exclude_confirmed_only,fixed_common_support_k20,15,x8F5xyUWy9e,1,1,21,1.0,1.0,1.0,1.0,0.01
historical_all__exclude_confirmed_only,fixed_common_support_k20,15,yqstnuAEVhm,6,6,26,0.7633333333333333,0.9049999999999999,0.7633333333333333,0.9049999999999999,0.08916666666666667
historical_all__exclude_confirmed_only,fixed_common_support_k20,16,7y3sRwLe3Va,1,1,20,0.81,1.0,0.81,1.0,0.035
historical_all__exclude_confirmed_only,fixed_common_support_k20,16,B6ByNegPMKs,3,3,24,0.8416666666666667,1.0,0.8416666666666667,1.0,0.035
historical_all__exclude_confirmed_only,fixed_common_support_k20,16,UwV83HsGsw3,3,3,24,0.8233333333333333,1.0,0.8233333333333333,1.0,0.025000000000000005
historical_all__exclude_confirmed_only,fixed_common_support_k20,16,X7HyMhZNoso,1,1,21,0.725,1.0,0.725,1.0,0.04
historical_all__exclude_confirmed_only,fixed_common_support_k20,16,b8cTxDM8gDG,1,1,25,0.39,0.39,0.39,0.39,0.055
historical_all__exclude_confirmed_only,fixed_common_support_k20,16,e9zR4mvMWw7,1,1,23,1.0,1.0,1.0,1.0,0.0
historical_all__exclude_confirmed_only,fixed_common_support_k20,16,q9vSo1VnCiC,4,4,25,0.8,0.86875,0.8,0.86875,0.03125
historical_all__exclude_confirmed_only,fixed_common_support_k20,16,rPc6DW4iMge,6,6,26,0.7383333333333333,0.9233333333333333,0.7383333333333333,0.9233333333333333,0.0525
historical_all__exclude_confirmed_only,fixed_common_support_k20,16,uNb9QFRL6hY,10,10,26,0.8545,0.9030000000000001,0.8545,0.9030000000000001,0.024
historical_all__exclude_confirmed_only,fixed_common_support_k20,16,wc2JMjhGNzB,4,4,24,0.8525,0.9099999999999999,0.8525,0.9099999999999999,0.041249999999999995
historical_all__exclude_confirmed_only,fixed_common_support_k20,16,x8F5xyUWy9e,1,1,21,1.0,1.0,1.0,1.0,0.0
historical_all__exclude_confirmed_only,fixed_common_support_k20,16,yqstnuAEVhm,6,6,26,0.8058333333333333,0.9141666666666666,0.8058333333333333,0.9141666666666666,0.0425
historical_all__exclude_confirmed_only,fixed_common_support_k20,17,7y3sRwLe3Va,1,1,20,0.865,1.0,0.865,1.0,0.055
historical_all__exclude_confirmed_only,fixed_common_support_k20,17,B6ByNegPMKs,3,3,24,0.8816666666666667,1.0,0.8816666666666667,1.0,0.04
historical_all__exclude_confirmed_only,fixed_common_support_k20,17,UwV83HsGsw3,3,3,24,0.8566666666666666,1.0,0.8566666666666666,1.0,0.03333333333333333
historical_all__exclude_confirmed_only,fixed_common_support_k20,17,X7HyMhZNoso,1,1,21,0.79,1.0,0.79,1.0,0.065
historical_all__exclude_confirmed_only,fixed_common_support_k20,17,b8cTxDM8gDG,1,1,25,0.44,0.44,0.44,0.44,0.05
historical_all__exclude_confirmed_only,fixed_common_support_k20,17,e9zR4mvMWw7,1,1,23,1.0,1.0,1.0,1.0,0.0
historical_all__exclude_confirmed_only,fixed_common_support_k20,17,q9vSo1VnCiC,4,4,25,0.83125,0.88875,0.83125,0.88875,0.03125
historical_all__exclude_confirmed_only,fixed_common_support_k20,17,rPc6DW4iMge,6,6,26,0.7741666666666668,0.9283333333333333,0.7741666666666668,0.9283333333333333,0.04750000000000001
historical_all__exclude_confirmed_only,fixed_common_support_k20,17,uNb9QFRL6hY,10,10,26,0.8780000000000001,0.914,0.8780000000000001,0.914,0.029500000000000005
historical_all__exclude_confirmed_only,fixed_common_support_k20,17,wc2JMjhGNzB,4,4,24,0.86625,0.915,0.86625,0.915,0.04875
historical_all__exclude_confirmed_only,fixed_common_support_k20,17,x8F5xyUWy9e,1,1,21,1.0,1.0,1.0,1.0,0.0
historical_all__exclude_confirmed_only,fixed_common_support_k20,17,yqstnuAEVhm,6,6,26,0.8358333333333333,0.9291666666666667,0.8358333333333333,0.9291666666666667,0.03
historical_all__exclude_confirmed_only,fixed_common_support_k20,18,7y3sRwLe3Va,1,1,20,0.915,1.0,0.915,1.0,0.05
historical_all__exclude_confirmed_only,fixed_common_support_k20,18,B6ByNegPMKs,3,3,24,0.9250000000000002,1.0,0.9250000000000002,1.0,0.043333333333333335
historical_all__exclude_confirmed_only,fixed_common_support_k20,18,UwV83HsGsw3,3,3,24,0.8816666666666667,1.0,0.8816666666666667,1.0,0.024999999999999998
historical_all__exclude_confirmed_only,fixed_common_support_k20,18,X7HyMhZNoso,1,1,21,0.805,1.0,0.805,1.0,0.015
historical_all__exclude_confirmed_only,fixed_common_support_k20,18,b8cTxDM8gDG,1,1,25,0.475,0.475,0.475,0.475,0.035
historical_all__exclude_confirmed_only,fixed_common_support_k20,18,e9zR4mvMWw7,1,1,23,1.0,1.0,1.0,1.0,0.0
historical_all__exclude_confirmed_only,fixed_common_support_k20,18,q9vSo1VnCiC,4,4,25,0.85125,0.8975,0.85125,0.8975,0.02
historical_all__exclude_confirmed_only,fixed_common_support_k20,18,rPc6DW4iMge,6,6,26,0.805,0.9358333333333334,0.805,0.9358333333333334,0.04750000000000001
historical_all__exclude_confirmed_only,fixed_common_support_k20,18,uNb9QFRL6hY,10,10,26,0.901,0.9285,0.901,0.9285,0.028000000000000004
historical_all__exclude_confirmed_only,fixed_common_support_k20,18,wc2JMjhGNzB,4,4,24,0.8887499999999999,0.92625,0.8887499999999999,0.92625,0.035
historical_all__exclude_confirmed_only,fixed_common_support_k20,18,x8F5xyUWy9e,1,1,21,1.0,1.0,1.0,1.0,0.0
historical_all__exclude_confirmed_only,fixed_common_support_k20,18,yqstnuAEVhm,6,6,26,0.8691666666666666,0.9391666666666666,0.8691666666666666,0.9391666666666666,0.03333333333333333
historical_all__exclude_confirmed_only,fixed_common_support_k20,19,7y3sRwLe3Va,1,1,20,0.965,1.0,0.965,1.0,0.05
historical_all__exclude_confirmed_only,fixed_common_support_k20,19,B6ByNegPMKs,3,3,24,0.9616666666666666,1.0,0.9616666666666666,1.0,0.03666666666666667
historical_all__exclude_confirmed_only,fixed_common_support_k20,19,UwV83HsGsw3,3,3,24,0.9133333333333334,1.0,0.9133333333333334,1.0,0.03166666666666667
historical_all__exclude_confirmed_only,fixed_common_support_k20,19,X7HyMhZNoso,1,1,21,0.885,1.0,0.885,1.0,0.08
historical_all__exclude_confirmed_only,fixed_common_support_k20,19,b8cTxDM8gDG,1,1,25,0.565,0.565,0.565,0.565,0.09
historical_all__exclude_confirmed_only,fixed_common_support_k20,19,e9zR4mvMWw7,1,1,23,1.0,1.0,1.0,1.0,0.0
historical_all__exclude_confirmed_only,fixed_common_support_k20,19,q9vSo1VnCiC,4,4,25,0.89125,0.92375,0.89125,0.92375,0.04
historical_all__exclude_confirmed_only,fixed_common_support_k20,19,rPc6DW4iMge,6,6,26,0.8433333333333334,0.9375,0.8433333333333334,0.9375,0.05833333333333334
historical_all__exclude_confirmed_only,fixed_common_support_k20,19,uNb9QFRL6hY,10,10,26,0.9235000000000001,0.9435,0.9235000000000001,0.9435,0.0235
historical_all__exclude_confirmed_only,fixed_common_support_k20,19,wc2JMjhGNzB,4,4,24,0.9099999999999999,0.94,0.9099999999999999,0.94,0.03375
historical_all__exclude_confirmed_only,fixed_common_support_k20,19,x8F5xyUWy9e,1,1,21,1.0,1.0,1.0,1.0,0.0
historical_all__exclude_confirmed_only,fixed_common_support_k20,19,yqstnuAEVhm,6,6,26,0.9058333333333334,0.9525,0.9058333333333334,0.9525,0.03666666666666667
historical_all__exclude_confirmed_only,fixed_common_support_k20,20,7y3sRwLe3Va,1,1,20,1.0,1.0,1.0,1.0,0.035
historical_all__exclude_confirmed_only,fixed_common_support_k20,20,B6ByNegPMKs,3,3,24,0.9983333333333334,1.0,0.9983333333333334,1.0,0.03666666666666667
historical_all__exclude_confirmed_only,fixed_common_support_k20,20,UwV83HsGsw3,3,3,24,0.9466666666666667,1.0,0.9466666666666667,1.0,0.03333333333333333
historical_all__exclude_confirmed_only,fixed_common_support_k20,20,X7HyMhZNoso,1,1,21,0.95,1.0,0.95,1.0,0.065
historical_all__exclude_confirmed_only,fixed_common_support_k20,20,b8cTxDM8gDG,1,1,25,0.64,0.64,0.64,0.64,0.075
historical_all__exclude_confirmed_only,fixed_common_support_k20,20,e9zR4mvMWw7,1,1,23,1.0,1.0,1.0,1.0,0.0
historical_all__exclude_confirmed_only,fixed_common_support_k20,20,q9vSo1VnCiC,4,4,25,0.91875,0.94375,0.91875,0.94375,0.0275
historical_all__exclude_confirmed_only,fixed_common_support_k20,20,rPc6DW4iMge,6,6,26,0.8858333333333333,0.9508333333333333,0.8858333333333333,0.9508333333333333,0.057499999999999996
historical_all__exclude_confirmed_only,fixed_common_support_k20,20,uNb9QFRL6hY,10,10,26,0.9450000000000001,0.959,0.9450000000000001,0.959,0.0245
historical_all__exclude_confirmed_only,fixed_common_support_k20,20,wc2JMjhGNzB,4,4,24,0.93,0.955,0.93,0.955,0.03
historical_all__exclude_confirmed_only,fixed_common_support_k20,20,x8F5xyUWy9e,1,1,21,1.0,1.0,1.0,1.0,0.0
historical_all__exclude_confirmed_only,fixed_common_support_k20,20,yqstnuAEVhm,6,6,26,0.9341666666666667,0.9616666666666666,0.9341666666666667,0.9616666666666666,0.028333333333333332
historical_all__legacy_independent_only,fixed_common_support_k20,15,UwV83HsGsw3,1,1,22,0.92,1.0,0.92,1.0,0.045
historical_all__legacy_independent_only,fixed_common_support_k20,15,b8cTxDM8gDG,1,1,21,0.435,0.435,0.435,0.435,0.12
historical_all__legacy_independent_only,fixed_common_support_k20,15,q9vSo1VnCiC,1,1,20,0.515,0.515,0.515,0.515,0.14
historical_all__legacy_independent_only,fixed_common_support_k20,15,rPc6DW4iMge,2,2,22,0.5475,1.0,0.5475,1.0,0.095
historical_all__legacy_independent_only,fixed_common_support_k20,15,uNb9QFRL6hY,5,5,22,0.761,0.826,0.761,0.826,0.081
historical_all__legacy_independent_only,fixed_common_support_k20,15,wc2JMjhGNzB,2,2,22,0.8125,0.765,0.8125,0.765,0.1725
historical_all__legacy_independent_only,fixed_common_support_k20,15,yqstnuAEVhm,3,3,23,0.7233333333333333,0.7983333333333333,0.7233333333333333,0.7983333333333333,0.09166666666666667
historical_all__legacy_independent_only,fixed_common_support_k20,16,UwV83HsGsw3,1,1,22,0.955,1.0,0.955,1.0,0.035
historical_all__legacy_independent_only,fixed_common_support_k20,16,b8cTxDM8gDG,1,1,21,0.535,0.535,0.535,0.535,0.1
historical_all__legacy_independent_only,fixed_common_support_k20,16,q9vSo1VnCiC,1,1,20,0.575,0.575,0.575,0.575,0.06
historical_all__legacy_independent_only,fixed_common_support_k20,16,rPc6DW4iMge,2,2,22,0.6000000000000001,1.0,0.6000000000000001,1.0,0.052500000000000005
historical_all__legacy_independent_only,fixed_common_support_k20,16,uNb9QFRL6hY,5,5,22,0.7929999999999999,0.845,0.7929999999999999,0.845,0.044
historical_all__legacy_independent_only,fixed_common_support_k20,16,wc2JMjhGNzB,2,2,22,0.8125,0.7725,0.8125,0.7725,0.065
historical_all__legacy_independent_only,fixed_common_support_k20,16,yqstnuAEVhm,3,3,23,0.7633333333333333,0.8266666666666667,0.7633333333333333,0.8266666666666667,0.04
historical_all__legacy_independent_only,fixed_common_support_k20,17,UwV83HsGsw3,1,1,22,0.96,1.0,0.96,1.0,0.005
historical_all__legacy_independent_only,fixed_common_support_k20,17,b8cTxDM8gDG,1,1,21,0.615,0.615,0.615,0.615,0.08
historical_all__legacy_independent_only,fixed_common_support_k20,17,q9vSo1VnCiC,1,1,20,0.655,0.655,0.655,0.655,0.08
historical_all__legacy_independent_only,fixed_common_support_k20,17,rPc6DW4iMge,2,2,22,0.6625,1.0,0.6625,1.0,0.0625
historical_all__legacy_independent_only,fixed_common_support_k20,17,uNb9QFRL6hY,5,5,22,0.825,0.869,0.825,0.869,0.052000000000000005
historical_all__legacy_independent_only,fixed_common_support_k20,17,wc2JMjhGNzB,2,2,22,0.8425,0.8075,0.8425,0.8075,0.065
historical_all__legacy_independent_only,fixed_common_support_k20,17,yqstnuAEVhm,3,3,23,0.7966666666666667,0.8466666666666667,0.7966666666666667,0.8466666666666667,0.03333333333333333
historical_all__legacy_independent_only,fixed_common_support_k20,18,UwV83HsGsw3,1,1,22,0.98,1.0,0.98,1.0,0.02
historical_all__legacy_independent_only,fixed_common_support_k20,18,b8cTxDM8gDG,1,1,21,0.735,0.735,0.735,0.735,0.12
historical_all__legacy_independent_only,fixed_common_support_k20,18,q9vSo1VnCiC,1,1,20,0.79,0.79,0.79,0.79,0.135
historical_all__legacy_independent_only,fixed_common_support_k20,18,rPc6DW4iMge,2,2,22,0.74,1.0,0.74,1.0,0.07750000000000001
historical_all__legacy_independent_only,fixed_common_support_k20,18,uNb9QFRL6hY,5,5,22,0.85,0.881,0.85,0.881,0.043
historical_all__legacy_independent_only,fixed_common_support_k20,18,wc2JMjhGNzB,2,2,22,0.8625,0.8400000000000001,0.8625,0.8400000000000001,0.06
historical_all__legacy_independent_only,fixed_common_support_k20,18,yqstnuAEVhm,3,3,23,0.8583333333333334,0.89,0.8583333333333334,0.89,0.06166666666666667
historical_all__legacy_independent_only,fixed_common_support_k20,19,UwV83HsGsw3,1,1,22,0.985,1.0,0.985,1.0,0.005
historical_all__legacy_independent_only,fixed_common_support_k20,19,b8cTxDM8gDG,1,1,21,0.83,0.83,0.83,0.83,0.095
historical_all__legacy_independent_only,fixed_common_support_k20,19,q9vSo1VnCiC,1,1,20,0.9,0.9,0.9,0.9,0.11
historical_all__legacy_independent_only,fixed_common_support_k20,19,rPc6DW4iMge,2,2,22,0.8025,1.0,0.8025,1.0,0.0625
historical_all__legacy_independent_only,fixed_common_support_k20,19,uNb9QFRL6hY,5,5,22,0.8870000000000001,0.9099999999999999,0.8870000000000001,0.9099999999999999,0.047
historical_all__legacy_independent_only,fixed_common_support_k20,19,wc2JMjhGNzB,2,2,22,0.87,0.8625,0.87,0.8625,0.0475
historical_all__legacy_independent_only,fixed_common_support_k20,19,yqstnuAEVhm,3,3,23,0.8933333333333332,0.8983333333333333,0.8933333333333332,0.8983333333333333,0.035
historical_all__legacy_independent_only,fixed_common_support_k20,20,UwV83HsGsw3,1,1,22,0.995,1.0,0.995,1.0,0.01
historical_all__legacy_independent_only,fixed_common_support_k20,20,b8cTxDM8gDG,1,1,21,0.91,0.91,0.91,0.91,0.08
historical_all__legacy_independent_only,fixed_common_support_k20,20,q9vSo1VnCiC,1,1,20,1.0,1.0,1.0,1.0,0.1
historical_all__legacy_independent_only,fixed_common_support_k20,20,rPc6DW4iMge,2,2,22,0.8575,1.0,0.8575,1.0,0.055
historical_all__legacy_independent_only,fixed_common_support_k20,20,uNb9QFRL6hY,5,5,22,0.9209999999999999,0.938,0.9209999999999999,0.938,0.044000000000000004
historical_all__legacy_independent_only,fixed_common_support_k20,20,wc2JMjhGNzB,2,2,22,0.9075,0.9025000000000001,0.9075,0.9025000000000001,0.0575
historical_all__legacy_independent_only,fixed_common_support_k20,20,yqstnuAEVhm,3,3,23,0.9383333333333334,0.94,0.9383333333333334,0.94,0.045000000000000005
