canonical_annotation_id,worker_id,base_task_id,condition,geometry_pool_eligible,geometry_pool_exclusion_reason
0f006ad814591f20f1d7,27,UwV83HsGsw3_bc29294428a647038f70e0ea31ea8972,manual,True,
a5582527e1e55759fca4,28,UwV83HsGsw3_bc29294428a647038f70e0ea31ea8972,manual,True,
ddc38d03eaf0ed686dbe,29,UwV83HsGsw3_bc29294428a647038f70e0ea31ea8972,manual,True,
762aad63d41c0473582f,30,UwV83HsGsw3_bc29294428a647038f70e0ea31ea8972,manual,True,
944fc693a5243b08b5ee,31,UwV83HsGsw3_bc29294428a647038f70e0ea31ea8972,manual,True,
d37f314fba3b67c55956,32,UwV83HsGsw3_bc29294428a647038f70e0ea31ea8972,manual,True,
9e082eaf47377454a352,33,UwV83HsGsw3_bc29294428a647038f70e0ea31ea8972,manual,True,
779f777343654b55ad95,34,UwV83HsGsw3_bc29294428a647038f70e0ea31ea8972,manual,True,
3e053dc275632e30f220,35,UwV83HsGsw3_bc29294428a647038f70e0ea31ea8972,manual,True,
beebb1979f052693f701,36,UwV83HsGsw3_bc29294428a647038f70e0ea31ea8972,manual,True,
1623fbedf957f0be9421,37,UwV83HsGsw3_bc29294428a647038f70e0ea31ea8972,manual,True,
3c91745dff848ace0009,27,yqstnuAEVhm_9de98503fd994452b627cdcc7a7d47b2,manual,True,
0f5e3fb0af36b839fed2,28,yqstnuAEVhm_9de98503fd994452b627cdcc7a7d47b2,manual,True,
9fe10525cafa9b114fa8,29,yqstnuAEVhm_9de98503fd994452b627cdcc7a7d47b2,manual,True,
4bee42371b5ecdf799ee,30,yqstnuAEVhm_9de98503fd994452b627cdcc7a7d47b2,manual,True,
169fc30c432425281989,31,yqstnuAEVhm_9de98503fd994452b627cdcc7a7d47b2,manual,True,
e4c35e7a0869954598a0,32,yqstnuAEVhm_9de98503fd994452b627cdcc7a7d47b2,manual,True,
f4fb215d725bea31d572,33,yqstnuAEVhm_9de98503fd994452b627cdcc7a7d47b2,manual,True,
a56ee6d45d0f25f3eed8,34,yqstnuAEVhm_9de98503fd994452b627cdcc7a7d47b2,manual,True,
a7cd831fc464ecea2892,35,yqstnuAEVhm_9de98503fd994452b627cdcc7a7d47b2,manual,True,
f52f3c5633b4d227b132,36,yqstnuAEVhm_9de98503fd994452b627cdcc7a7d47b2,manual,True,
7ac0106c722944ffcdb5,37,yqstnuAEVhm_9de98503fd994452b627cdcc7a7d47b2,manual,True,
78dc36e89fc34111fd75,27,wc2JMjhGNzB_dda6efcba51c40de8552408953719515,manual,True,
036f0b79fcb891d33e1d,28,wc2JMjhGNzB_dda6efcba51c40de8552408953719515,manual,True,
e4af7c47e67b1c37bb93,29,wc2JMjhGNzB_dda6efcba51c40de8552408953719515,manual,True,
ad2a6827eaaf625d72c4,30,wc2JMjhGNzB_dda6efcba51c40de8552408953719515,manual,True,
f2617cc49b4c3cd19938,31,wc2JMjhGNzB_dda6efcba51c40de8552408953719515,manual,True,
27d6bc8646fb2b446424,32,wc2JMjhGNzB_dda6efcba51c40de8552408953719515,manual,True,
48a03efd0568d764b14c,33,wc2JMjhGNzB_dda6efcba51c40de8552408953719515,manual,True,
23f6609f87c66a85d17b,34,wc2JMjhGNzB_dda6efcba51c40de8552408953719515,manual,True,
9971c6aae0055fa67213,35,wc2JMjhGNzB_dda6efcba51c40de8552408953719515,manual,True,
f447db699b5c09a195ce,36,wc2JMjhGNzB_dda6efcba51c40de8552408953719515,manual,True,
4f044fa1f2070a2eeaa3,37,wc2JMjhGNzB_dda6efcba51c40de8552408953719515,manual,True,
d9c1add75dab8315cd34,27,uNb9QFRL6hY_8b6f1b0b025848b482e747ab6a027b97,manual,True,
2de8896d2c2ea564fd37,28,uNb9QFRL6hY_8b6f1b0b025848b482e747ab6a027b97,manual,True,
42264e54a01908d81bbe,29,uNb9QFRL6hY_8b6f1b0b025848b482e747ab6a027b97,manual,True,
acb3d20a4fb6e211d3b1,30,uNb9QFRL6hY_8b6f1b0b025848b482e747ab6a027b97,manual,True,
b7393a16aa19bd7f1989,31,uNb9QFRL6hY_8b6f1b0b025848b482e747ab6a027b97,manual,True,
88b2b69f04caf44309bc,32,uNb9QFRL6hY_8b6f1b0b025848b482e747ab6a027b97,manual,True,
93cf3ac259facb9e83dc,33,uNb9QFRL6hY_8b6f1b0b025848b482e747ab6a027b97,manual,True,
c53730832245059ca129,34,uNb9QFRL6hY_8b6f1b0b025848b482e747ab6a027b97,manual,True,
0e09f3e9552514dbad74,35,uNb9QFRL6hY_8b6f1b0b025848b482e747ab6a027b97,manual,True,
45865dabe049ebace6d2,36,uNb9QFRL6hY_8b6f1b0b025848b482e747ab6a027b97,manual,True,
432c6ebaa6bb7a54b3a9,37,uNb9QFRL6hY_8b6f1b0b025848b482e747ab6a027b97,manual,True,
cbd801dc08d6ed3f53b9,27,yqstnuAEVhm_26b2e92ccd314a2da1a4fc8dfc6e6f56,manual,True,
a8f02e5f6ff661b1a6ea,28,yqstnuAEVhm_26b2e92ccd314a2da1a4fc8dfc6e6f56,manual,True,
7554850145efa35545ae,29,yqstnuAEVhm_26b2e92ccd314a2da1a4fc8dfc6e6f56,manual,True,
4cec1169f91d22cfd064,30,yqstnuAEVhm_26b2e92ccd314a2da1a4fc8dfc6e6f56,manual,True,
87633c987c28cc7b24da,31,yqstnuAEVhm_26b2e92ccd314a2da1a4fc8dfc6e6f56,manual,True,
e41654f88d1993dc3e61,32,yqstnuAEVhm_26b2e92ccd314a2da1a4fc8dfc6e6f56,manual,True,
94b9a12a91240fae6082,33,yqstnuAEVhm_26b2e92ccd314a2da1a4fc8dfc6e6f56,manual,True,
d07650e36d67becee157,34,yqstnuAEVhm_26b2e92ccd314a2da1a4fc8dfc6e6f56,manual,True,
c8ea10e8b26d4fa2d90b,35,yqstnuAEVhm_26b2e92ccd314a2da1a4fc8dfc6e6f56,manual,True,
ad5f99c1a3eb5c22dcef,36,yqstnuAEVhm_26b2e92ccd314a2da1a4fc8dfc6e6f56,manual,True,
0b276bc0087988e64912,37,yqstnuAEVhm_26b2e92ccd314a2da1a4fc8dfc6e6f56,manual,True,
f155c5b328bfdbe59187,27,uNb9QFRL6hY_9f199750b00c4f5484a546d79e06a0f8,manual,True,
00df94cb0e7cc21280ba,28,uNb9QFRL6hY_9f199750b00c4f5484a546d79e06a0f8,manual,True,
1d1473ea45cef547d01e,29,uNb9QFRL6hY_9f199750b00c4f5484a546d79e06a0f8,manual,True,
4203b3767e3303cffd5c,30,uNb9QFRL6hY_9f199750b00c4f5484a546d79e06a0f8,manual,True,
063a5ec4d91eccc8b4c3,31,uNb9QFRL6hY_9f199750b00c4f5484a546d79e06a0f8,manual,True,
8b3873aaa11c92de279f,32,uNb9QFRL6hY_9f199750b00c4f5484a546d79e06a0f8,manual,True,
511d41c2a1ae8135d56a,33,uNb9QFRL6hY_9f199750b00c4f5484a546d79e06a0f8,manual,True,
1892d2228413184cfbd6,34,uNb9QFRL6hY_9f199750b00c4f5484a546d79e06a0f8,manual,True,
b341f546633829a990db,35,uNb9QFRL6hY_9f199750b00c4f5484a546d79e06a0f8,manual,True,
90b1682c716df1046edd,36,uNb9QFRL6hY_9f199750b00c4f5484a546d79e06a0f8,manual,True,
74ec5ab0599eaeaf4719,37,uNb9QFRL6hY_9f199750b00c4f5484a546d79e06a0f8,manual,True,
98f815cef49de82c7449,27,uNb9QFRL6hY_5948424345f541b9a570b48f1cfcf622,manual,True,
eb7401f8c6a2d74124c0,28,uNb9QFRL6hY_5948424345f541b9a570b48f1cfcf622,manual,True,
a2dd65d0b594bb9212ac,29,uNb9QFRL6hY_5948424345f541b9a570b48f1cfcf622,manual,True,
1b06bf8a8b92fca18545,30,uNb9QFRL6hY_5948424345f541b9a570b48f1cfcf622,manual,True,
fc858eb54d55668285a1,31,uNb9QFRL6hY_5948424345f541b9a570b48f1cfcf622,manual,True,
100cc9a45d0a0f994238,32,uNb9QFRL6hY_5948424345f541b9a570b48f1cfcf622,manual,True,
2f1944702583d6eb6860,33,uNb9QFRL6hY_5948424345f541b9a570b48f1cfcf622,manual,True,
7316a2901ae455c12625,34,uNb9QFRL6hY_5948424345f541b9a570b48f1cfcf622,manual,True,
f048b9e4877b4a6cc5d6,35,uNb9QFRL6hY_5948424345f541b9a570b48f1cfcf622,manual,True,
b93da0bbe5ffb848a0c6,36,uNb9QFRL6hY_5948424345f541b9a570b48f1cfcf622,manual,True,
2976993fc059101f9e6a,37,uNb9QFRL6hY_5948424345f541b9a570b48f1cfcf622,manual,True,
266064e3bd9d27c4efda,27,uNb9QFRL6hY_ba24e5a57ef34c6dbc0458ed4c1e701d,manual,True,
8f2f8f8bfdaec3360646,28,uNb9QFRL6hY_ba24e5a57ef34c6dbc0458ed4c1e701d,manual,True,
c7aeb60e2d3b55c2a7dc,29,uNb9QFRL6hY_ba24e5a57ef34c6dbc0458ed4c1e701d,manual,True,
597362d2aa07f7db8a02,30,uNb9QFRL6hY_ba24e5a57ef34c6dbc0458ed4c1e701d,manual,True,
aaa2559a6db59dcb28a0,31,uNb9QFRL6hY_ba24e5a57ef34c6dbc0458ed4c1e701d,manual,True,
81cd8395dbe20dc23478,32,uNb9QFRL6hY_ba24e5a57ef34c6dbc0458ed4c1e701d,manual,True,
02946d1a59a1cfe17aef,33,uNb9QFRL6hY_ba24e5a57ef34c6dbc0458ed4c1e701d,manual,True,
cd7adf8eb45b561bc952,34,uNb9QFRL6hY_ba24e5a57ef34c6dbc0458ed4c1e701d,manual,True,
f26a8da3bc451c32cde9,35,uNb9QFRL6hY_ba24e5a57ef34c6dbc0458ed4c1e701d,manual,True,
f765bc60ba41307a048f,36,uNb9QFRL6hY_ba24e5a57ef34c6dbc0458ed4c1e701d,manual,True,
354632cf039452bb7976,37,uNb9QFRL6hY_ba24e5a57ef34c6dbc0458ed4c1e701d,manual,True,
0a79e9b207c32db39202,27,wc2JMjhGNzB_b41b10699d614f24851b56a9a0e743c6,manual,True,
64a7b681289e1d9e5c28,28,wc2JMjhGNzB_b41b10699d614f24851b56a9a0e743c6,manual,True,
0ba3c33cb0e05abf58ae,29,wc2JMjhGNzB_b41b10699d614f24851b56a9a0e743c6,manual,True,
e0a58597afa7f260d97e,30,wc2JMjhGNzB_b41b10699d614f24851b56a9a0e743c6,manual,True,
d704f69a1c7c5327e638,31,wc2JMjhGNzB_b41b10699d614f24851b56a9a0e743c6,manual,True,
c6821c31452459c11f75,32,wc2JMjhGNzB_b41b10699d614f24851b56a9a0e743c6,manual,True,
ea7f2a3fdcd3a9d42d55,33,wc2JMjhGNzB_b41b10699d614f24851b56a9a0e743c6,manual,True,
9d17cd836d7fc38ad108,34,wc2JMjhGNzB_b41b10699d614f24851b56a9a0e743c6,manual,True,
1f84dbf5541abdd7a52b,35,wc2JMjhGNzB_b41b10699d614f24851b56a9a0e743c6,manual,True,
35e84449b82da019aab5,36,wc2JMjhGNzB_b41b10699d614f24851b56a9a0e743c6,manual,True,
303a694734e00bd95c83,37,wc2JMjhGNzB_b41b10699d614f24851b56a9a0e743c6,manual,True,
7392408a228d29c44684,27,rPc6DW4iMge_0012f6dcce9645778ac459e189cf0db3,manual,True,
2669e20e43502bcf1419,28,rPc6DW4iMge_0012f6dcce9645778ac459e189cf0db3,manual,True,
68b9de98f158c481d82a,29,rPc6DW4iMge_0012f6dcce9645778ac459e189cf0db3,manual,True,
2425c99671ebf414b359,30,rPc6DW4iMge_0012f6dcce9645778ac459e189cf0db3,manual,True,
bce7044b348685668b71,31,rPc6DW4iMge_0012f6dcce9645778ac459e189cf0db3,manual,True,
9a0a83ba9247dbf61861,32,rPc6DW4iMge_0012f6dcce9645778ac459e189cf0db3,manual,True,
a9bf98b8cc8fbfa40f5c,33,rPc6DW4iMge_0012f6dcce9645778ac459e189cf0db3,manual,True,
bdf544ff5d0a4bfacc09,34,rPc6DW4iMge_0012f6dcce9645778ac459e189cf0db3,manual,True,
225002de699658941ca0,35,rPc6DW4iMge_0012f6dcce9645778ac459e189cf0db3,manual,True,
1b0b4076d43ab5586a3f,36,rPc6DW4iMge_0012f6dcce9645778ac459e189cf0db3,manual,True,
73e2d1fca7e2ec1b2b59,37,rPc6DW4iMge_0012f6dcce9645778ac459e189cf0db3,manual,True,
d984d534dcc7fe11d643,27,rPc6DW4iMge_9d3eb9f5d38844bfb4e5fb2cd05fd3fd,manual,True,
6c5161e9261e0ba5f8b1,28,rPc6DW4iMge_9d3eb9f5d38844bfb4e5fb2cd05fd3fd,manual,True,
20f0af1735ba9f7c5a2e,29,rPc6DW4iMge_9d3eb9f5d38844bfb4e5fb2cd05fd3fd,manual,True,
1318278d00548b081ebc,30,rPc6DW4iMge_9d3eb9f5d38844bfb4e5fb2cd05fd3fd,manual,True,
73a83925776f8e35ed8a,31,rPc6DW4iMge_9d3eb9f5d38844bfb4e5fb2cd05fd3fd,manual,True,
fc6a213e57b750465697,32,rPc6DW4iMge_9d3eb9f5d38844bfb4e5fb2cd05fd3fd,manual,True,
86e6614af35eccb013ac,33,rPc6DW4iMge_9d3eb9f5d38844bfb4e5fb2cd05fd3fd,manual,True,
82255f7bb022fd1cd129,34,rPc6DW4iMge_9d3eb9f5d38844bfb4e5fb2cd05fd3fd,manual,True,
43266379df129a98dcd9,35,rPc6DW4iMge_9d3eb9f5d38844bfb4e5fb2cd05fd3fd,manual,True,
3e5c4fe6cfe523059d12,36,rPc6DW4iMge_9d3eb9f5d38844bfb4e5fb2cd05fd3fd,manual,True,
454169e6fe8a9b1ba08c,37,rPc6DW4iMge_9d3eb9f5d38844bfb4e5fb2cd05fd3fd,manual,True,
e53257d9b7428d4da0f5,27,uNb9QFRL6hY_1096f195d3294cefa462add5ab0c342e,manual,True,
b7e7d86f528066fab226,28,uNb9QFRL6hY_1096f195d3294cefa462add5ab0c342e,manual,True,
35a9f318fa8bb9909db0,29,uNb9QFRL6hY_1096f195d3294cefa462add5ab0c342e,manual,True,
a8282b826c2b83f1c177,30,uNb9QFRL6hY_1096f195d3294cefa462add5ab0c342e,manual,True,
bed357bd88baf4c32786,31,uNb9QFRL6hY_1096f195d3294cefa462add5ab0c342e,manual,True,
e7b36064adef9c88eb38,32,uNb9QFRL6hY_1096f195d3294cefa462add5ab0c342e,manual,True,
423d83b62a6b1fee7af4,33,uNb9QFRL6hY_1096f195d3294cefa462add5ab0c342e,manual,True,
a4015419d4289160ce21,34,uNb9QFRL6hY_1096f195d3294cefa462add5ab0c342e,manual,True,
46a22bc8081a9f80e282,35,uNb9QFRL6hY_1096f195d3294cefa462add5ab0c342e,manual,True,
6b145ff560adec834931,36,uNb9QFRL6hY_1096f195d3294cefa462add5ab0c342e,manual,True,
200f0c572426f1ad5f6c,37,uNb9QFRL6hY_1096f195d3294cefa462add5ab0c342e,manual,True,
adc213fc12f5f948aa56,33,X7HyMhZNoso_b6f452209a62499795e5bd137214a7f9,manual,True,
5f7815f3a489b8007a97,34,X7HyMhZNoso_b6f452209a62499795e5bd137214a7f9,manual,True,
ae929aa9e6dd3cd587ac,37,X7HyMhZNoso_b6f452209a62499795e5bd137214a7f9,manual,True,
837eb32400b0afd7b92f,34,q9vSo1VnCiC_3e5aacbc10904d4b88660a3cb91efcb9,manual,True,
72c467f3e5b59c7c6fe0,36,q9vSo1VnCiC_3e5aacbc10904d4b88660a3cb91efcb9,manual,True,
bf0338ecb3bbe9b3ee92,37,q9vSo1VnCiC_3e5aacbc10904d4b88660a3cb91efcb9,manual,True,
72209d7dd6219794fac9,27,uNb9QFRL6hY_85e7a14905bd44648061e3eb7f79cf13,manual,True,
cc8da8c5dab40220ed0e,28,uNb9QFRL6hY_85e7a14905bd44648061e3eb7f79cf13,manual,True,
2bbf5d65469e55f1f4e0,30,uNb9QFRL6hY_85e7a14905bd44648061e3eb7f79cf13,manual,True,
7a99a58308f3ae658881,36,uNb9QFRL6hY_85e7a14905bd44648061e3eb7f79cf13,manual,True,
7827115ee28a13736728,31,wc2JMjhGNzB_9087f0358178420a8b9ac7b17a8919c7,manual,False,outside_assignment;independence_not_evaluable
12de7c2bb761564cdeed,34,wc2JMjhGNzB_9087f0358178420a8b9ac7b17a8919c7,manual,False,outside_assignment;independence_not_evaluable
7a0778c91977ce16bfb0,33,uNb9QFRL6hY_cdca0a1a2fc343bb94bacdc3045b2d8d,manual,True,
bcadc37ee0819d4ead2d,34,uNb9QFRL6hY_cdca0a1a2fc343bb94bacdc3045b2d8d,manual,True,
adafd30448bdc86059f9,37,uNb9QFRL6hY_cdca0a1a2fc343bb94bacdc3045b2d8d,manual,True,
0a731b8cdc864c572e8b,28,wc2JMjhGNzB_4884da3227464ab5b82f631ff22205bd,manual,True,
41a7f33047a9e0342ac0,29,wc2JMjhGNzB_4884da3227464ab5b82f631ff22205bd,manual,True,
3e41c936412b1a992027,34,wc2JMjhGNzB_4884da3227464ab5b82f631ff22205bd,manual,True,
d1099761985f8bcdd357,35,wc2JMjhGNzB_4884da3227464ab5b82f631ff22205bd,manual,True,
bc31ca44876dc589ed4b,27,b8cTxDM8gDG_f339391e9479496e8652c972953f0ce4,manual,True,
7cd383c42cfa1fb813df,28,b8cTxDM8gDG_f339391e9479496e8652c972953f0ce4,manual,True,
23b3ba219c2ea42e2857,29,b8cTxDM8gDG_f339391e9479496e8652c972953f0ce4,manual,True,
34724d21eb0d44dfc22d,31,b8cTxDM8gDG_f339391e9479496e8652c972953f0ce4,manual,True,
07d7b8e9b47e3b57f09b,36,b8cTxDM8gDG_f339391e9479496e8652c972953f0ce4,manual,True,
19f0ec5e2db5240ffd86,33,7y3sRwLe3Va_9e4c92fd7eb74504baecf55a3264716e,manual,False,scope_not_resolved_in_scope
6de2c46ce6d59af34337,34,yqstnuAEVhm_b26ae45c6c12443cbcfc3997f2e63347,manual,True,
54158b496be934232a98,37,yqstnuAEVhm_b26ae45c6c12443cbcfc3997f2e63347,manual,True,
d6bbf7fa428498cad40f,30,e9zR4mvMWw7_4273c4dd97974531b5256f96204fee47,manual,True,
304ee8c32f0bfc188cb9,31,e9zR4mvMWw7_4273c4dd97974531b5256f96204fee47,manual,False,outside_assignment;independence_not_evaluable
d918bb91e408d8c71ff9,33,e9zR4mvMWw7_4273c4dd97974531b5256f96204fee47,manual,True,
fe6d21a2d34b078f5c0d,28,q9vSo1VnCiC_1cd414875b9b4311bc6a179d91e6270d,manual,True,
8d84da8c6f772c4fa07a,29,q9vSo1VnCiC_1cd414875b9b4311bc6a179d91e6270d,manual,True,
03f2a945c924203b75d1,35,q9vSo1VnCiC_1cd414875b9b4311bc6a179d91e6270d,manual,True,
0b2b9f0ed2607655632c,36,q9vSo1VnCiC_1cd414875b9b4311bc6a179d91e6270d,manual,True,
44e69119724a6d892e53,29,yqstnuAEVhm_08e2145b15fc4d2497c084af41dc7089,manual,True,
2761fcae038de8e6bb36,33,yqstnuAEVhm_08e2145b15fc4d2497c084af41dc7089,manual,True,
1f3577cc926f22ffd3fc,35,yqstnuAEVhm_08e2145b15fc4d2497c084af41dc7089,manual,True,
385caf3701dee7042d51,31,X7HyMhZNoso_2b16acff0dc042a1a75816a1fbd0a302,manual,True,
11f19b08afaff69c9e6a,32,X7HyMhZNoso_2b16acff0dc042a1a75816a1fbd0a302,manual,True,
871218ff2db6bdec5ff2,31,q9vSo1VnCiC_830eb252ae01401a8fe55f9538e627dd,manual,True,
4d53581ef39bae3bf5d1,27,7y3sRwLe3Va_a775c7668ca9419daaf506e76851821e,manual,True,
c89be364009b1fc0544e,30,7y3sRwLe3Va_a775c7668ca9419daaf506e76851821e,manual,True,
1c3df8c137a169fee41d,31,7y3sRwLe3Va_a775c7668ca9419daaf506e76851821e,manual,False,outside_assignment;independence_not_evaluable
b02aea4f86afbc5430f7,35,7y3sRwLe3Va_a775c7668ca9419daaf506e76851821e,manual,True,
517087c6def062efa361,33,7y3sRwLe3Va_b47475370e824b9e923a4a96bc98e1e3,manual,True,
84ac11f23b306b7457b4,34,7y3sRwLe3Va_b47475370e824b9e923a4a96bc98e1e3,manual,True,
8125fd4575ecfc155a63,37,7y3sRwLe3Va_b47475370e824b9e923a4a96bc98e1e3,manual,True,
8f3735d531f44f7b44c8,34,uNb9QFRL6hY_fd8d4da92ec14b668ed3d2986616bd14,manual,True,
6bcb7c06bee48a668fc1,37,uNb9QFRL6hY_fd8d4da92ec14b668ed3d2986616bd14,manual,True,
7f189afde4de2b5b50ec,28,yqstnuAEVhm_c93bf298b1cb41a1b368a6ce8bcff53d,manual,True,
e2e73bba558362ef7df7,29,yqstnuAEVhm_c93bf298b1cb41a1b368a6ce8bcff53d,manual,True,
a1f8bda6422774a397a9,36,yqstnuAEVhm_c93bf298b1cb41a1b368a6ce8bcff53d,manual,True,
6608319ee6b1e7808937,34,uNb9QFRL6hY_6c4fa6dfddc1499db228854454bfc61d,manual,False,scope_not_resolved_in_scope
99daa7429bbca37b6238,35,uNb9QFRL6hY_6c4fa6dfddc1499db228854454bfc61d,manual,False,scope_not_resolved_in_scope
22dcfad23c6ac14bd521,31,B6ByNegPMKs_e52609aae11f42a79f6cf50360180fd5,manual,True,
381c007b1df27d00b6ab,32,B6ByNegPMKs_e52609aae11f42a79f6cf50360180fd5,manual,True,
d102c6b86a1606f32bd3,34,B6ByNegPMKs_e52609aae11f42a79f6cf50360180fd5,manual,True,
3cf29369b9e0b392e769,27,e9zR4mvMWw7_0ee61863ec0c4c06bac95fb886e98945,manual,True,
8527f5df56820c48bf92,28,e9zR4mvMWw7_0ee61863ec0c4c06bac95fb886e98945,manual,True,
1d1795fcc5d614bf0698,29,e9zR4mvMWw7_0ee61863ec0c4c06bac95fb886e98945,manual,True,
45580730e6338599d29d,31,e9zR4mvMWw7_0ee61863ec0c4c06bac95fb886e98945,manual,False,outside_assignment;independence_not_evaluable
143e2ef82609a7f44a09,35,e9zR4mvMWw7_0ee61863ec0c4c06bac95fb886e98945,manual,True,
1dc5dc76fab81c45cd23,36,e9zR4mvMWw7_0ee61863ec0c4c06bac95fb886e98945,manual,True,
745e6f7ed41f5f3abf93,34,wc2JMjhGNzB_55b45b0f19c2460bbcd1fb1c86c6610d,manual,False,outside_assignment;independence_not_evaluable
093a8b4511bd56f93784,32,Z6MFQCViBuw_2008e72476f84104858e908beeac0193,manual,True,
8ad07f7e5b4a42e18f5c,33,Z6MFQCViBuw_2008e72476f84104858e908beeac0193,manual,True,
ca1a2d8aefa7219707d8,37,Z6MFQCViBuw_2008e72476f84104858e908beeac0193,manual,True,
55c92f0f123df48b05be,30,Z6MFQCViBuw_22fff6c74efb476592569c18718feb41,manual,True,
d7bf0e74078389ee9bf0,34,Z6MFQCViBuw_22fff6c74efb476592569c18718feb41,manual,True,
5c4bc2c80ab7d3766846,34,yqstnuAEVhm_2f8c1f8ea7364f67b1c5fe2be2750257,manual,True,
33ba025501b4349772a9,35,yqstnuAEVhm_2f8c1f8ea7364f67b1c5fe2be2750257,manual,True,
ef96b87ef5fb03c9889e,27,B6ByNegPMKs_7018ca302c584d0d85024187f3568460,manual,True,
53a1af9cac0415879d2f,28,B6ByNegPMKs_7018ca302c584d0d85024187f3568460,manual,True,
04c900e4f73f755265b3,29,B6ByNegPMKs_7018ca302c584d0d85024187f3568460,manual,True,
25a1ba6fcd4fbb14c433,35,B6ByNegPMKs_7018ca302c584d0d85024187f3568460,manual,True,
cc1c0c89b7e5fdacc836,36,B6ByNegPMKs_7018ca302c584d0d85024187f3568460,manual,True,
4f5e2f801a33ddacfbff,27,uNb9QFRL6hY_6115ed700b5144cfa3443346381cb7cd,manual,True,
e377c53531a08df384d9,30,uNb9QFRL6hY_6115ed700b5144cfa3443346381cb7cd,manual,True,
a3e7b70ed81a76c41c0f,27,7y3sRwLe3Va_112edb40f34e470da3a5b04599e71211,manual,True,
98fc2a900301cecb1f95,28,7y3sRwLe3Va_112edb40f34e470da3a5b04599e71211,manual,True,
d5c88ef7632f0c3ce88f,30,7y3sRwLe3Va_112edb40f34e470da3a5b04599e71211,manual,True,
07d4896d9cf6dc52b90b,31,uNb9QFRL6hY_ce88ee8b7ee84fca92c13ab16599d90e,manual,False,scope_not_resolved_in_scope
3df3015de1972caf5140,32,uNb9QFRL6hY_ce88ee8b7ee84fca92c13ab16599d90e,manual,False,scope_not_resolved_in_scope
f594274720a125c6be57,33,uNb9QFRL6hY_ce88ee8b7ee84fca92c13ab16599d90e,manual,False,scope_not_resolved_in_scope
5c79ca3a486aa69a57d2,28,7y3sRwLe3Va_b564162b2c7d4033bfe6ef3dfb959c9e,manual,False,scope_not_resolved_in_scope
b5c13db450fa7496d8e9,29,7y3sRwLe3Va_b564162b2c7d4033bfe6ef3dfb959c9e,manual,False,scope_not_resolved_in_scope
268bafd92e9f27eee478,36,7y3sRwLe3Va_b564162b2c7d4033bfe6ef3dfb959c9e,manual,False,scope_not_resolved_in_scope
046e2c37842123ec2f46,31,7y3sRwLe3Va_fdab6422162e49db822a37178ab70481,manual,True,
27b18dbca838c732fe36,32,7y3sRwLe3Va_fdab6422162e49db822a37178ab70481,manual,True,
e989d5cbe8078c1ac797,34,7y3sRwLe3Va_fdab6422162e49db822a37178ab70481,manual,True,
9f3ef0966bba166ccf67,37,7y3sRwLe3Va_fdab6422162e49db822a37178ab70481,manual,True,
e8fa392d317f408e138f,34,q9vSo1VnCiC_9ba6cd412cb04c5c9beb15ef9e6d22c5,manual,True,
6051dfca1aade85a07a8,31,7y3sRwLe3Va_ad77d6eeca5b492b8fe3317177f4f03f,manual,True,
e6f01175aabbf9fcafe7,32,7y3sRwLe3Va_ad77d6eeca5b492b8fe3317177f4f03f,manual,True,
dec8403a4ddac6db3115,34,7y3sRwLe3Va_ad77d6eeca5b492b8fe3317177f4f03f,manual,True,
cd8a51a17f5953c4b19c,27,q9vSo1VnCiC_a424533651804a38a55b1252daccc81e,manual,True,
6fde03b86adc8ddd0722,30,q9vSo1VnCiC_a424533651804a38a55b1252daccc81e,manual,True,
5010682cb541531f7457,32,q9vSo1VnCiC_a424533651804a38a55b1252daccc81e,manual,True,
51a6919e74648167a773,33,q9vSo1VnCiC_a424533651804a38a55b1252daccc81e,manual,True,
8066ad223dec81c40daa,34,q9vSo1VnCiC_3e7f67e8969f434b9a4aec0c68668b20,manual,True,
53530603e76707ac6f94,37,q9vSo1VnCiC_3e7f67e8969f434b9a4aec0c68668b20,manual,True,
90d428978149e1e537ed,29,q9vSo1VnCiC_c4b0b6a41c2a4db3927f5fa9cafb6345,manual,True,
9378f37adf8af804e6b4,34,q9vSo1VnCiC_c4b0b6a41c2a4db3927f5fa9cafb6345,manual,True,
d97070648108845c9bde,35,q9vSo1VnCiC_c4b0b6a41c2a4db3927f5fa9cafb6345,manual,True,
da673f309d1ef7438656,27,UwV83HsGsw3_b979526475874ad68ae33f02d407a1fc,manual,False,scope_not_resolved_in_scope
1b43bb0b9af4438c92c7,28,UwV83HsGsw3_b979526475874ad68ae33f02d407a1fc,manual,False,scope_not_resolved_in_scope
fd8b73557a1821706e79,29,UwV83HsGsw3_b979526475874ad68ae33f02d407a1fc,manual,False,scope_not_resolved_in_scope
e959490574d8d0e7f163,36,UwV83HsGsw3_b979526475874ad68ae33f02d407a1fc,manual,False,scope_not_resolved_in_scope
c0e23bd981313dc96d38,27,uNb9QFRL6hY_6a500a9a43a340eb817c58bb084327fe,manual,True,
4ca9095576123a8afec3,28,uNb9QFRL6hY_6a500a9a43a340eb817c58bb084327fe,manual,True,
60aa2b33dce2beedc029,29,uNb9QFRL6hY_6a500a9a43a340eb817c58bb084327fe,manual,True,
aa9565bd4989480666d5,30,uNb9QFRL6hY_6a500a9a43a340eb817c58bb084327fe,manual,True,
77b05f21e38a4a6a984c,36,uNb9QFRL6hY_6a500a9a43a340eb817c58bb084327fe,manual,True,
19e03d84ac8aea1645d3,31,Z6MFQCViBuw_59aed460238643f48f593e9b9ba1c17d,manual,True,
3e9187a077a7f151e049,34,yqstnuAEVhm_30f3ce4575234a7ba5ff97797f059ae1,manual,True,
032cd152706166629e82,34,wc2JMjhGNzB_ec04ef10a0664e94878aa2d0f1720c2f,manual,True,
5dcbaaa4a3faeb7832f8,37,wc2JMjhGNzB_ec04ef10a0664e94878aa2d0f1720c2f,manual,True,
3996cdc86335a9c6d126,27,wc2JMjhGNzB_1d8917d25abb4a77a0da9583dc82c17c,manual,True,
2e6fc6fdc1ca28539391,30,wc2JMjhGNzB_1d8917d25abb4a77a0da9583dc82c17c,manual,True,
1241f308b7f478aaf10d,36,wc2JMjhGNzB_1d8917d25abb4a77a0da9583dc82c17c,manual,True,
902ba03958c4a4d5fa1e,31,yqstnuAEVhm_4642492bb42d40debb1a3bad0ea7a24f,manual,True,
12e8d3812f817bd198b4,32,yqstnuAEVhm_4642492bb42d40debb1a3bad0ea7a24f,manual,True,
df7008318a29295ca160,30,UwV83HsGsw3_a3630444bbd94cd6ac4edbe2dc1221de,manual,True,
e60a469385801f4c1279,31,UwV83HsGsw3_a3630444bbd94cd6ac4edbe2dc1221de,manual,False,outside_assignment;independence_not_evaluable;geometry_not_computable
5265086307bacf7df849,35,UwV83HsGsw3_a3630444bbd94cd6ac4edbe2dc1221de,manual,True,
5d58f3bc4858f0d343be,31,uNb9QFRL6hY_748279b5d6e740c4b2cba9fc78d6fc62,manual,True,
d2c9465ce508ba7c1195,32,uNb9QFRL6hY_748279b5d6e740c4b2cba9fc78d6fc62,manual,True,
781137e8fd1870d81989,31,wc2JMjhGNzB_c7c84bf01a834489ad11d8450a7dc2bc,manual,True,
63001f819a4a6b408ae2,32,wc2JMjhGNzB_c7c84bf01a834489ad11d8450a7dc2bc,manual,True,
11f33474cc2384e6f703,33,wc2JMjhGNzB_c7c84bf01a834489ad11d8450a7dc2bc,manual,True,
19cb0e844a73d7e77a47,30,rPc6DW4iMge_0dfe61800cc540db8e25c1738bc4b8ff,manual,True,
3440c00bbde5bf789734,34,rPc6DW4iMge_0dfe61800cc540db8e25c1738bc4b8ff,manual,True,
63597564c489c761152b,31,uNb9QFRL6hY_c6410f47ad754d6cbd890ba7dff8b449,manual,True,
c3008da1d11064bd3531,32,uNb9QFRL6hY_c6410f47ad754d6cbd890ba7dff8b449,manual,True,
9013342fd86225b281ba,33,uNb9QFRL6hY_c6410f47ad754d6cbd890ba7dff8b449,manual,True,
34443e49e7b491d7ff91,34,UwV83HsGsw3_0f1385fc03994285ad8253b49516d77b,manual,False,scope_not_resolved_in_scope
8e35267f3a0880dc371d,37,UwV83HsGsw3_0f1385fc03994285ad8253b49516d77b,manual,False,scope_not_resolved_in_scope
a47e8b2c8b897117f071,34,b8cTxDM8gDG_f3748786c3704532abb2358581488f3f,manual,True,
74ff4434b6db6c57c2ee,35,b8cTxDM8gDG_f3748786c3704532abb2358581488f3f,manual,True,
f5dab722031206b00450,31,q9vSo1VnCiC_dc873df7717c43888a1cff13713fe146,manual,True,
370095f69c5b170678fa,32,q9vSo1VnCiC_dc873df7717c43888a1cff13713fe146,manual,True,
2409d4af989a4f9c3d4f,33,q9vSo1VnCiC_dc873df7717c43888a1cff13713fe146,manual,True,
6c0f921d12fdfaa633d5,34,uNb9QFRL6hY_a372582c11864f31a9dd174e4a0ae6ad,manual,True,
20ff4e6c277a22cf5399,35,uNb9QFRL6hY_a372582c11864f31a9dd174e4a0ae6ad,manual,True,
2421466da1f7d0800380,34,e9zR4mvMWw7_1d316dfbe35f41dd9203eaf88be5aae8,manual,True,
8e4588afd83a55aaaa18,30,B6ByNegPMKs_ee063d1562c147f586ebb9f6fdb05ca6,manual,True,
3b3f16f395140c417e16,30,UwV83HsGsw3_f9641b59487a4b0ca0fe41a82edc0980,manual,True,
9bc471f05cac744132c6,31,UwV83HsGsw3_f9641b59487a4b0ca0fe41a82edc0980,manual,True,
1f0da2ca6730dfb60599,32,UwV83HsGsw3_f9641b59487a4b0ca0fe41a82edc0980,manual,True,
62b93b940622881f9e7b,33,UwV83HsGsw3_f9641b59487a4b0ca0fe41a82edc0980,manual,True,
d8477b008e3d9ccfeff5,32,x8F5xyUWy9e_3a127fd2c5f34d978cba253145dae7d6,manual,True,
4037a331e55f681c4016,33,x8F5xyUWy9e_3a127fd2c5f34d978cba253145dae7d6,manual,True,
647bacb44bc33bb18de8,37,x8F5xyUWy9e_3a127fd2c5f34d978cba253145dae7d6,manual,True,
3bf751765858f968e01b,28,uNb9QFRL6hY_5b62816d9cf94f17ae166291822ea9ab,manual,True,
35b93ebcf170b657802a,29,uNb9QFRL6hY_5b62816d9cf94f17ae166291822ea9ab,manual,True,
fe7b820ed43008b5a057,36,uNb9QFRL6hY_5b62816d9cf94f17ae166291822ea9ab,manual,True,
db40fd3c634f72f37f1c,32,rPc6DW4iMge_4350d36797324601adba7351d09602d2,manual,True,
a2c57c04a795d6b822a3,34,rPc6DW4iMge_4350d36797324601adba7351d09602d2,manual,True,
a42f40b503c7f449a3f6,37,rPc6DW4iMge_4350d36797324601adba7351d09602d2,manual,True,
847f6b6c6267289d6e24,27,yqstnuAEVhm_9cb726b170554b9bacd039d4db246040,manual,True,
706f50d9b8f488d74667,28,yqstnuAEVhm_9cb726b170554b9bacd039d4db246040,manual,True,
d283088a055f5226a34d,30,yqstnuAEVhm_9cb726b170554b9bacd039d4db246040,manual,True,
76b3ab610fcfd2be4a60,36,yqstnuAEVhm_9cb726b170554b9bacd039d4db246040,manual,True,
8b7b26806cebb06ceb87,27,uNb9QFRL6hY_f7944295a76541b186e6a557ebdbba14,manual,True,
287ed274e745ef4b494d,29,uNb9QFRL6hY_f7944295a76541b186e6a557ebdbba14,manual,True,
6bc3f17cddcae6548a83,30,uNb9QFRL6hY_f7944295a76541b186e6a557ebdbba14,manual,True,
c0e08c82870e77e231bc,35,uNb9QFRL6hY_f7944295a76541b186e6a557ebdbba14,manual,True,
f2e875725d4790e9d5ca,34,uNb9QFRL6hY_f4eb9862530a4f909b46f51d1887d05f,manual,True,
1a1c2c31064afdc74f07,37,uNb9QFRL6hY_f4eb9862530a4f909b46f51d1887d05f,manual,True,
5432f6f0a2294e27928b,27,x8F5xyUWy9e_1be9a97aada84e4795f64583ac0e3b76,manual,False,scope_not_resolved_in_scope
98d8b12fa96f8abcf6e0,28,x8F5xyUWy9e_1be9a97aada84e4795f64583ac0e3b76,manual,False,scope_not_resolved_in_scope
7f53420e0c2875be7d2a,29,x8F5xyUWy9e_1be9a97aada84e4795f64583ac0e3b76,manual,False,scope_not_resolved_in_scope
02b7a2ac25661ce54310,35,x8F5xyUWy9e_1be9a97aada84e4795f64583ac0e3b76,manual,False,scope_not_resolved_in_scope
8d67d4aeb53846d767ac,36,x8F5xyUWy9e_1be9a97aada84e4795f64583ac0e3b76,manual,False,scope_not_resolved_in_scope
be774848762988355a0c,34,uNb9QFRL6hY_a7ab19b1a9f044f0905592de1414e8b3,manual,True,
0e9176654eefd5c9e285,31,uNb9QFRL6hY_ca08ebfb2da647f68db41630637e400b,manual,True,
586816fed8c7e04af03d,32,uNb9QFRL6hY_ca08ebfb2da647f68db41630637e400b,manual,True,
353881dfb47a1686a026,33,uNb9QFRL6hY_ca08ebfb2da647f68db41630637e400b,manual,True,
9378da78037a5091f22e,33,B6ByNegPMKs_5b5bd1eac4e6462d8c6677b90a4cf9a9,manual,True,
260cf962d9bea8512f9e,34,B6ByNegPMKs_5b5bd1eac4e6462d8c6677b90a4cf9a9,manual,True,
ecd4e736ab99493cf8bd,37,B6ByNegPMKs_5b5bd1eac4e6462d8c6677b90a4cf9a9,manual,True,
7568b98692b00ff8ff63,27,q9vSo1VnCiC_f7452776f0604b508bb2b0263238deb0,manual,True,
6228485ada8f90d32777,30,q9vSo1VnCiC_f7452776f0604b508bb2b0263238deb0,manual,True,
ecd0f4f36d3df460b67c,28,q9vSo1VnCiC_dc320b1236f741a98303db9f89bc68a2,manual,True,
9520f54bda487c460b18,34,q9vSo1VnCiC_dc320b1236f741a98303db9f89bc68a2,manual,True,
689396cf3eb03ab9a0cf,37,q9vSo1VnCiC_dc320b1236f741a98303db9f89bc68a2,manual,True,
c498069d0547cb81a534,27,B6ByNegPMKs_e26e2cb761894264a4a34b1046701f6b,manual,True,
f4b7f477de2247b38b2d,36,B6ByNegPMKs_e26e2cb761894264a4a34b1046701f6b,manual,True,
b81af97c20cfc379eb17,29,7y3sRwLe3Va_bbcc19afdad742eba89290ad2b5dbf6b,manual,True,
24cb9518cba9fc374e36,36,7y3sRwLe3Va_bbcc19afdad742eba89290ad2b5dbf6b,manual,True,
0d42858d359ebfc9e871,28,B6ByNegPMKs_c946db5792df4f90bea20f06a0030c37,manual,True,
d93ff4eb834a154c4cd4,29,B6ByNegPMKs_c946db5792df4f90bea20f06a0030c37,manual,True,
83822f0c9ce15f483174,34,B6ByNegPMKs_c946db5792df4f90bea20f06a0030c37,manual,True,
c7ef5fbf6e03cd67ae11,35,B6ByNegPMKs_c946db5792df4f90bea20f06a0030c37,manual,True,
3c7cf68051a68eb3dec3,31,wc2JMjhGNzB_03c1aca95e254bf4b0db303a28d79aee,manual,True,
762f5998ab17c724546b,32,wc2JMjhGNzB_03c1aca95e254bf4b0db303a28d79aee,manual,True,
df9885e0f87a96997673,33,wc2JMjhGNzB_03c1aca95e254bf4b0db303a28d79aee,manual,True,
e96210fd3b70951b5670,34,wc2JMjhGNzB_03c1aca95e254bf4b0db303a28d79aee,manual,True,
747092fcb23c661874e0,37,wc2JMjhGNzB_03c1aca95e254bf4b0db303a28d79aee,manual,True,
cfe1fe54f5de49278b0a,34,yqstnuAEVhm_48447297e8444171a5db34ccf38bc229,manual,True,
66b4c1885b9b5048500e,35,yqstnuAEVhm_48447297e8444171a5db34ccf38bc229,manual,True,
f275128bcb79fb1efea6,31,x8F5xyUWy9e_9926b38bd87e44e292d9c375050dd17d,manual,True,
8d96780b3347071514de,34,rPc6DW4iMge_a72230c911234d18b08568b9d8b02dd2,manual,True,
d85d39dda5fe0ff36757,29,uNb9QFRL6hY_85e7a14905bd44648061e3eb7f79cf13,semi,True,
d0c65178d1ddfcac1748,32,uNb9QFRL6hY_85e7a14905bd44648061e3eb7f79cf13,semi,True,
b5e0d24f44539999b6ed,27,wc2JMjhGNzB_c7c84bf01a834489ad11d8450a7dc2bc,semi,True,
c6c2970a6c0a7eb457e5,28,wc2JMjhGNzB_c7c84bf01a834489ad11d8450a7dc2bc,semi,True,
2052df34f859227bd40f,30,wc2JMjhGNzB_c7c84bf01a834489ad11d8450a7dc2bc,semi,True,
2ed8f62e5ffefe42fff7,34,q9vSo1VnCiC_a424533651804a38a55b1252daccc81e,semi,True,
f590389238802d1469cc,31,yqstnuAEVhm_b26ae45c6c12443cbcfc3997f2e63347,semi,True,
031e48e6149c36f92e2b,33,yqstnuAEVhm_b26ae45c6c12443cbcfc3997f2e63347,semi,True,
c1e860976080a5cf5ee1,36,yqstnuAEVhm_b26ae45c6c12443cbcfc3997f2e63347,semi,True,
71770e90ca7c5a392b52,31,Z6MFQCViBuw_22fff6c74efb476592569c18718feb41,semi,False,outside_assignment;independence_not_evaluable
3cbe48827611f20e2b09,35,Z6MFQCViBuw_22fff6c74efb476592569c18718feb41,semi,True,
973098cfe5081c1c74ec,27,q9vSo1VnCiC_1cd414875b9b4311bc6a179d91e6270d,semi,True,
ac7d30c4e0246e96535a,34,q9vSo1VnCiC_1cd414875b9b4311bc6a179d91e6270d,semi,True,
66e0b1d35ac694679c09,37,q9vSo1VnCiC_1cd414875b9b4311bc6a179d91e6270d,semi,True,
88daa007e08cf656a410,29,UwV83HsGsw3_0f1385fc03994285ad8253b49516d77b,semi,False,scope_not_resolved_in_scope
bd2690bbc44b34e3ef00,30,UwV83HsGsw3_0f1385fc03994285ad8253b49516d77b,semi,False,scope_not_resolved_in_scope
662bac6bde05e0510f55,32,UwV83HsGsw3_0f1385fc03994285ad8253b49516d77b,semi,False,scope_not_resolved_in_scope
4d6cdfa4951e9653e815,28,X7HyMhZNoso_b6f452209a62499795e5bd137214a7f9,semi,True,
678fd1b3368b3c6302ad,33,7y3sRwLe3Va_ad77d6eeca5b492b8fe3317177f4f03f,semi,True,
53cffa383a4d19c3e30e,36,7y3sRwLe3Va_ad77d6eeca5b492b8fe3317177f4f03f,semi,True,
1ff1c3fea69357e03c76,31,uNb9QFRL6hY_cdca0a1a2fc343bb94bacdc3045b2d8d,semi,True,
8f8a8cc073aa91a7c1c7,35,7y3sRwLe3Va_b47475370e824b9e923a4a96bc98e1e3,semi,True,
b078bba0e08aacd86658,27,UwV83HsGsw3_a3630444bbd94cd6ac4edbe2dc1221de,semi,True,
e33b39ba56ff49c56427,29,UwV83HsGsw3_a3630444bbd94cd6ac4edbe2dc1221de,semi,True,
013253d9bc0db4d66615,34,UwV83HsGsw3_a3630444bbd94cd6ac4edbe2dc1221de,semi,True,
fcb7e53adf42c4422ae7,37,UwV83HsGsw3_a3630444bbd94cd6ac4edbe2dc1221de,semi,True,
3e8773a02414b6a4b615,30,q9vSo1VnCiC_9ba6cd412cb04c5c9beb15ef9e6d22c5,semi,True,
af75f69b47040e315e88,32,q9vSo1VnCiC_9ba6cd412cb04c5c9beb15ef9e6d22c5,semi,True,
87dd86ac11a2a77e63bf,28,Z6MFQCViBuw_2008e72476f84104858e908beeac0193,semi,True,
99107f36d276c5bca39b,31,wc2JMjhGNzB_9087f0358178420a8b9ac7b17a8919c7,semi,True,
2c90d306c009cea79158,36,wc2JMjhGNzB_9087f0358178420a8b9ac7b17a8919c7,semi,True,
71f8e55558d74259a5eb,33,wc2JMjhGNzB_55b45b0f19c2460bbcd1fb1c86c6610d,semi,True,
2ec85790145647163c24,34,wc2JMjhGNzB_55b45b0f19c2460bbcd1fb1c86c6610d,semi,True,
bad9e0cac20a7347fbd5,35,wc2JMjhGNzB_55b45b0f19c2460bbcd1fb1c86c6610d,semi,True,
c018c01538024335ba14,37,uNb9QFRL6hY_6c4fa6dfddc1499db228854454bfc61d,semi,False,scope_not_resolved_in_scope
b91d7358c435325b8eee,27,uNb9QFRL6hY_ce88ee8b7ee84fca92c13ab16599d90e,semi,False,scope_not_resolved_in_scope
48bf162ba8a7815d5706,29,uNb9QFRL6hY_ce88ee8b7ee84fca92c13ab16599d90e,semi,False,scope_not_resolved_in_scope
bbb44530a7ff92f92b27,30,B6ByNegPMKs_7018ca302c584d0d85024187f3568460,semi,True,
bf6d1e98afbb6306ebff,32,B6ByNegPMKs_7018ca302c584d0d85024187f3568460,semi,True,
cd292cd5a5ebe839dbe2,28,yqstnuAEVhm_08e2145b15fc4d2497c084af41dc7089,semi,True,
961dc0d114e60fe10b06,34,yqstnuAEVhm_08e2145b15fc4d2497c084af41dc7089,semi,True,
afe8345588c57013a3c8,31,wc2JMjhGNzB_ec04ef10a0664e94878aa2d0f1720c2f,semi,True,
d2a55c1985a230982d0d,33,wc2JMjhGNzB_ec04ef10a0664e94878aa2d0f1720c2f,semi,True,
6dc6395c56cb416a2fdc,36,wc2JMjhGNzB_ec04ef10a0664e94878aa2d0f1720c2f,semi,True,
3a3bc0a4eb51fdb493f4,34,uNb9QFRL6hY_748279b5d6e740c4b2cba9fc78d6fc62,semi,True,
a54fcd23c12204b62cba,27,B6ByNegPMKs_c946db5792df4f90bea20f06a0030c37,semi,True,
bb9ad0084abc09c47837,37,B6ByNegPMKs_c946db5792df4f90bea20f06a0030c37,semi,True,
198b56fd7f0946ac5b09,29,B6ByNegPMKs_5b5bd1eac4e6462d8c6677b90a4cf9a9,semi,True,
b47f07e34df3a99ff20d,35,B6ByNegPMKs_5b5bd1eac4e6462d8c6677b90a4cf9a9,semi,True,
10ab4daf9de2cd3b6859,28,uNb9QFRL6hY_a7ab19b1a9f044f0905592de1414e8b3,semi,True,
c2c137240a2b4b27591e,30,uNb9QFRL6hY_a7ab19b1a9f044f0905592de1414e8b3,semi,True,
401fdd3b780569d96e33,32,uNb9QFRL6hY_a7ab19b1a9f044f0905592de1414e8b3,semi,True,
c71f04cf03f04f83010c,1,UwV83HsGsw3_bc29294428a647038f70e0ea31ea8972,manual,True,
1aa87c4e8b0db18c1ccd,10,UwV83HsGsw3_bc29294428a647038f70e0ea31ea8972,manual,True,
efdd3af8bbe9661a922f,11,UwV83HsGsw3_bc29294428a647038f70e0ea31ea8972,manual,True,
0545d5cfd8fca3b793bc,12,UwV83HsGsw3_bc29294428a647038f70e0ea31ea8972,manual,True,
a899e204555a9b64f4b5,13,UwV83HsGsw3_bc29294428a647038f70e0ea31ea8972,manual,True,
5370cc8259dd087bb93c,14,UwV83HsGsw3_bc29294428a647038f70e0ea31ea8972,manual,False,administrative_exclusion;independence_not_evaluable
b52612c32e32fb20b8c2,15,UwV83HsGsw3_bc29294428a647038f70e0ea31ea8972,manual,True,
bbe40bd3ad25e4383c92,17,UwV83HsGsw3_bc29294428a647038f70e0ea31ea8972,manual,True,
b26eb0a9d329d8a255fd,18,UwV83HsGsw3_bc29294428a647038f70e0ea31ea8972,manual,True,
6037abe04bcfa1d308ed,2,UwV83HsGsw3_bc29294428a647038f70e0ea31ea8972,manual,True,
432d23215497f235714b,6,UwV83HsGsw3_bc29294428a647038f70e0ea31ea8972,manual,True,
58fcb37f432cd01e22a1,8,UwV83HsGsw3_bc29294428a647038f70e0ea31ea8972,manual,True,
65a559250acf09e2f7d7,1,yqstnuAEVhm_9de98503fd994452b627cdcc7a7d47b2,manual,True,
227a43960c0d44ddd10b,10,yqstnuAEVhm_9de98503fd994452b627cdcc7a7d47b2,manual,True,
2793306bbbc97861124d,11,yqstnuAEVhm_9de98503fd994452b627cdcc7a7d47b2,manual,True,
be57cb53717844759758,12,yqstnuAEVhm_9de98503fd994452b627cdcc7a7d47b2,manual,True,
e103e2fc7efc3e275cdd,13,yqstnuAEVhm_9de98503fd994452b627cdcc7a7d47b2,manual,True,
cf7fcb4084553933334e,14,yqstnuAEVhm_9de98503fd994452b627cdcc7a7d47b2,manual,False,administrative_exclusion;independence_not_evaluable
77a5d47a83b2868e0ef4,15,yqstnuAEVhm_9de98503fd994452b627cdcc7a7d47b2,manual,True,
378b6a5c80d93f0bd228,17,yqstnuAEVhm_9de98503fd994452b627cdcc7a7d47b2,manual,True,
ea5ea60ff63ef367d326,18,yqstnuAEVhm_9de98503fd994452b627cdcc7a7d47b2,manual,True,
3a54a9c43fb6058d2199,2,yqstnuAEVhm_9de98503fd994452b627cdcc7a7d47b2,manual,True,
05041d1de0c38536e6c9,6,yqstnuAEVhm_9de98503fd994452b627cdcc7a7d47b2,manual,True,
19571b3b0505b7a26c30,8,yqstnuAEVhm_9de98503fd994452b627cdcc7a7d47b2,manual,True,
c6a0dacbc82fcd8d74f2,1,wc2JMjhGNzB_dda6efcba51c40de8552408953719515,manual,True,
fb2bc3c1a1ab95404b2a,10,wc2JMjhGNzB_dda6efcba51c40de8552408953719515,manual,True,
3df38a56b200e7f043f5,11,wc2JMjhGNzB_dda6efcba51c40de8552408953719515,manual,True,
e1db3136aee3813a438a,12,wc2JMjhGNzB_dda6efcba51c40de8552408953719515,manual,True,
b52bc566db82d02db16e,13,wc2JMjhGNzB_dda6efcba51c40de8552408953719515,manual,True,
83fb8bbcdcb7e70a0597,14,wc2JMjhGNzB_dda6efcba51c40de8552408953719515,manual,False,administrative_exclusion;independence_not_evaluable
099f4ec32f8c8013e8b0,15,wc2JMjhGNzB_dda6efcba51c40de8552408953719515,manual,True,
be619ba0b00b38072876,17,wc2JMjhGNzB_dda6efcba51c40de8552408953719515,manual,True,
3f55c49d23e044184588,18,wc2JMjhGNzB_dda6efcba51c40de8552408953719515,manual,True,
ffd4f687673b44d2ffb4,2,wc2JMjhGNzB_dda6efcba51c40de8552408953719515,manual,True,
5de6ccb2c6c424e63a1f,6,wc2JMjhGNzB_dda6efcba51c40de8552408953719515,manual,True,
e22f9f25476a29b9265f,8,wc2JMjhGNzB_dda6efcba51c40de8552408953719515,manual,True,
d6f4c71d3816fc9fef4a,1,uNb9QFRL6hY_8b6f1b0b025848b482e747ab6a027b97,manual,True,
bb287f23eb43955e7502,10,uNb9QFRL6hY_8b6f1b0b025848b482e747ab6a027b97,manual,True,
006d495cbff76f46e992,11,uNb9QFRL6hY_8b6f1b0b025848b482e747ab6a027b97,manual,True,
fca31418ca45c43fa616,12,uNb9QFRL6hY_8b6f1b0b025848b482e747ab6a027b97,manual,True,
8d7a436f7ee75b72d1ba,13,uNb9QFRL6hY_8b6f1b0b025848b482e747ab6a027b97,manual,True,
1230dd95959a683bf7aa,14,uNb9QFRL6hY_8b6f1b0b025848b482e747ab6a027b97,manual,False,administrative_exclusion;independence_not_evaluable
8b9ce3b553725840ef9d,15,uNb9QFRL6hY_8b6f1b0b025848b482e747ab6a027b97,manual,True,
8f8f293766eeffd6470a,17,uNb9QFRL6hY_8b6f1b0b025848b482e747ab6a027b97,manual,True,
48e0e1e7a86beb1ce565,18,uNb9QFRL6hY_8b6f1b0b025848b482e747ab6a027b97,manual,True,
81234a56777545e31b9c,2,uNb9QFRL6hY_8b6f1b0b025848b482e747ab6a027b97,manual,True,
561446db19099c48c68e,6,uNb9QFRL6hY_8b6f1b0b025848b482e747ab6a027b97,manual,True,
19253e4ab328902a4d12,8,uNb9QFRL6hY_8b6f1b0b025848b482e747ab6a027b97,manual,True,
fc42d8b4b92a825c7a00,1,yqstnuAEVhm_26b2e92ccd314a2da1a4fc8dfc6e6f56,manual,True,
433d0b582110ee0ef9b1,10,yqstnuAEVhm_26b2e92ccd314a2da1a4fc8dfc6e6f56,manual,True,
563395851b939361bf06,11,yqstnuAEVhm_26b2e92ccd314a2da1a4fc8dfc6e6f56,manual,True,
a3645ccc20570a3b55ac,12,yqstnuAEVhm_26b2e92ccd314a2da1a4fc8dfc6e6f56,manual,True,
751369268283b179790e,13,yqstnuAEVhm_26b2e92ccd314a2da1a4fc8dfc6e6f56,manual,True,
1348b48c5c9e762ca204,14,yqstnuAEVhm_26b2e92ccd314a2da1a4fc8dfc6e6f56,manual,False,administrative_exclusion;independence_not_evaluable
bd7202f0572e6e29ad19,15,yqstnuAEVhm_26b2e92ccd314a2da1a4fc8dfc6e6f56,manual,True,
903f5f0ce2b19ea931e6,17,yqstnuAEVhm_26b2e92ccd314a2da1a4fc8dfc6e6f56,manual,True,
fc54690efab8e6885207,18,yqstnuAEVhm_26b2e92ccd314a2da1a4fc8dfc6e6f56,manual,True,
80557e6a69dbd96f145d,2,yqstnuAEVhm_26b2e92ccd314a2da1a4fc8dfc6e6f56,manual,True,
291ad6158da57e3cad43,6,yqstnuAEVhm_26b2e92ccd314a2da1a4fc8dfc6e6f56,manual,True,
8004d58810493d894b90,8,yqstnuAEVhm_26b2e92ccd314a2da1a4fc8dfc6e6f56,manual,True,
f0749422e452eec8ab7d,1,uNb9QFRL6hY_9f199750b00c4f5484a546d79e06a0f8,manual,True,
dc3b60d3ab46195c79f2,10,uNb9QFRL6hY_9f199750b00c4f5484a546d79e06a0f8,manual,True,
d568da825a0925474c30,11,uNb9QFRL6hY_9f199750b00c4f5484a546d79e06a0f8,manual,True,
2e29af366c8b907df0ba,12,uNb9QFRL6hY_9f199750b00c4f5484a546d79e06a0f8,manual,True,
efabbdc5b8f3c34605b1,13,uNb9QFRL6hY_9f199750b00c4f5484a546d79e06a0f8,manual,True,
70f54069db5f45b1c3a9,14,uNb9QFRL6hY_9f199750b00c4f5484a546d79e06a0f8,manual,False,administrative_exclusion;independence_not_evaluable
dcc9b22c32e44a2b6aed,15,uNb9QFRL6hY_9f199750b00c4f5484a546d79e06a0f8,manual,True,
6e92af5ad7667f224740,17,uNb9QFRL6hY_9f199750b00c4f5484a546d79e06a0f8,manual,True,
b73663d4e6304415c7df,18,uNb9QFRL6hY_9f199750b00c4f5484a546d79e06a0f8,manual,True,
4aa250b1a35849403e62,2,uNb9QFRL6hY_9f199750b00c4f5484a546d79e06a0f8,manual,True,
e21b795c3082b91b04f7,6,uNb9QFRL6hY_9f199750b00c4f5484a546d79e06a0f8,manual,True,
a9ffc64727b849e97700,8,uNb9QFRL6hY_9f199750b00c4f5484a546d79e06a0f8,manual,True,
e367c19601f2d8e7823e,1,uNb9QFRL6hY_5948424345f541b9a570b48f1cfcf622,manual,True,
6c9ac9d78b385a762253,10,uNb9QFRL6hY_5948424345f541b9a570b48f1cfcf622,manual,True,
ffd589e4f6a13787a5d6,11,uNb9QFRL6hY_5948424345f541b9a570b48f1cfcf622,manual,True,
082f62d60b17746b01fc,12,uNb9QFRL6hY_5948424345f541b9a570b48f1cfcf622,manual,True,
e66d78ee7fefb50ef63b,13,uNb9QFRL6hY_5948424345f541b9a570b48f1cfcf622,manual,True,
60a0c3a0dcba1739fb67,14,uNb9QFRL6hY_5948424345f541b9a570b48f1cfcf622,manual,False,administrative_exclusion;independence_not_evaluable
aadcebbd5deed880c6fe,15,uNb9QFRL6hY_5948424345f541b9a570b48f1cfcf622,manual,True,
be51f8a15243df569129,17,uNb9QFRL6hY_5948424345f541b9a570b48f1cfcf622,manual,True,
6807fe796de6aacaa1d3,18,uNb9QFRL6hY_5948424345f541b9a570b48f1cfcf622,manual,True,
8e8f77a48f3ad4c6096c,2,uNb9QFRL6hY_5948424345f541b9a570b48f1cfcf622,manual,True,
91f5a2eb0fcd82cebcf4,6,uNb9QFRL6hY_5948424345f541b9a570b48f1cfcf622,manual,True,
f2769cc6b8e8d4026727,8,uNb9QFRL6hY_5948424345f541b9a570b48f1cfcf622,manual,True,
0306cba337eb984110ee,1,uNb9QFRL6hY_ba24e5a57ef34c6dbc0458ed4c1e701d,manual,True,
3a99de3022bf33efda0d,10,uNb9QFRL6hY_ba24e5a57ef34c6dbc0458ed4c1e701d,manual,True,
f74c671037152e7b23be,11,uNb9QFRL6hY_ba24e5a57ef34c6dbc0458ed4c1e701d,manual,True,
aa07e998c7330ad3d3eb,12,uNb9QFRL6hY_ba24e5a57ef34c6dbc0458ed4c1e701d,manual,True,
95008ded416834561a81,13,uNb9QFRL6hY_ba24e5a57ef34c6dbc0458ed4c1e701d,manual,True,
c52bd6458bd9b8699533,14,uNb9QFRL6hY_ba24e5a57ef34c6dbc0458ed4c1e701d,manual,False,administrative_exclusion;independence_not_evaluable
c72ac2a665cd5a8025ca,15,uNb9QFRL6hY_ba24e5a57ef34c6dbc0458ed4c1e701d,manual,True,
c5c73b69124bd4813ab3,17,uNb9QFRL6hY_ba24e5a57ef34c6dbc0458ed4c1e701d,manual,True,
8f59ffff972415042eba,18,uNb9QFRL6hY_ba24e5a57ef34c6dbc0458ed4c1e701d,manual,True,
1849bc7fd397907c0fdc,2,uNb9QFRL6hY_ba24e5a57ef34c6dbc0458ed4c1e701d,manual,True,
d17d0b2e584b2292c1f1,6,uNb9QFRL6hY_ba24e5a57ef34c6dbc0458ed4c1e701d,manual,True,
b2371fd8992b71f8f26a,8,uNb9QFRL6hY_ba24e5a57ef34c6dbc0458ed4c1e701d,manual,True,
decd9e3adcbe39aed044,1,wc2JMjhGNzB_b41b10699d614f24851b56a9a0e743c6,manual,True,
cc4b77a1e08c03d24b8b,10,wc2JMjhGNzB_b41b10699d614f24851b56a9a0e743c6,manual,True,
45c7e6b9c0f075b709c5,11,wc2JMjhGNzB_b41b10699d614f24851b56a9a0e743c6,manual,True,
b1ce4141a47902a64e35,12,wc2JMjhGNzB_b41b10699d614f24851b56a9a0e743c6,manual,True,
8f784855d8bd4f3a9024,13,wc2JMjhGNzB_b41b10699d614f24851b56a9a0e743c6,manual,True,
23115303fffe0aeeb5be,14,wc2JMjhGNzB_b41b10699d614f24851b56a9a0e743c6,manual,False,administrative_exclusion;independence_not_evaluable
ea7fabdfe31667749db1,15,wc2JMjhGNzB_b41b10699d614f24851b56a9a0e743c6,manual,True,
097614c2e4d646b9059e,17,wc2JMjhGNzB_b41b10699d614f24851b56a9a0e743c6,manual,True,
9468385d865a6955cb73,18,wc2JMjhGNzB_b41b10699d614f24851b56a9a0e743c6,manual,True,
014b4e58073b849f7ed9,2,wc2JMjhGNzB_b41b10699d614f24851b56a9a0e743c6,manual,True,
ae7096d6a5b271deaac2,6,wc2JMjhGNzB_b41b10699d614f24851b56a9a0e743c6,manual,True,
f235b3c540b6882e63cb,8,wc2JMjhGNzB_b41b10699d614f24851b56a9a0e743c6,manual,True,
8cc976464d74ba775b9e,1,rPc6DW4iMge_0012f6dcce9645778ac459e189cf0db3,manual,True,
c214f6ddad6c484d9ead,10,rPc6DW4iMge_0012f6dcce9645778ac459e189cf0db3,manual,True,
13de41d9ab1a6f93dc75,11,rPc6DW4iMge_0012f6dcce9645778ac459e189cf0db3,manual,True,
8775b9adcf68f1324409,12,rPc6DW4iMge_0012f6dcce9645778ac459e189cf0db3,manual,True,
75727d4b2511f36fa2ce,13,rPc6DW4iMge_0012f6dcce9645778ac459e189cf0db3,manual,True,
fedad1bada042d84e572,14,rPc6DW4iMge_0012f6dcce9645778ac459e189cf0db3,manual,False,administrative_exclusion;independence_not_evaluable
775744097a41d254df7f,15,rPc6DW4iMge_0012f6dcce9645778ac459e189cf0db3,manual,True,
40b1ddacfbaf05a362ac,17,rPc6DW4iMge_0012f6dcce9645778ac459e189cf0db3,manual,True,
0309b9293bdaeefba16c,18,rPc6DW4iMge_0012f6dcce9645778ac459e189cf0db3,manual,True,
fcdfb6cd62ff1d9b2b4a,2,rPc6DW4iMge_0012f6dcce9645778ac459e189cf0db3,manual,True,
d4f265a1a24e286d2575,6,rPc6DW4iMge_0012f6dcce9645778ac459e189cf0db3,manual,True,
6f501a02450b80edfacb,8,rPc6DW4iMge_0012f6dcce9645778ac459e189cf0db3,manual,True,
14346fa7f625df2e92da,1,rPc6DW4iMge_9d3eb9f5d38844bfb4e5fb2cd05fd3fd,manual,True,
d0fc4545c974fc42b662,10,rPc6DW4iMge_9d3eb9f5d38844bfb4e5fb2cd05fd3fd,manual,True,
a02304edf778c294c6fb,11,rPc6DW4iMge_9d3eb9f5d38844bfb4e5fb2cd05fd3fd,manual,True,
efee8b0961b89129a457,12,rPc6DW4iMge_9d3eb9f5d38844bfb4e5fb2cd05fd3fd,manual,True,
2d83aaed5161b7904cdd,13,rPc6DW4iMge_9d3eb9f5d38844bfb4e5fb2cd05fd3fd,manual,True,
334dd20fa6fb3ffa9d5d,14,rPc6DW4iMge_9d3eb9f5d38844bfb4e5fb2cd05fd3fd,manual,False,administrative_exclusion;independence_not_evaluable
6d2129c626d211543587,15,rPc6DW4iMge_9d3eb9f5d38844bfb4e5fb2cd05fd3fd,manual,True,
b5a85ea72aadddb2f09b,17,rPc6DW4iMge_9d3eb9f5d38844bfb4e5fb2cd05fd3fd,manual,True,
bfe1e6f3cb0a3353c928,18,rPc6DW4iMge_9d3eb9f5d38844bfb4e5fb2cd05fd3fd,manual,True,
a4b73bebf231dbe2321a,2,rPc6DW4iMge_9d3eb9f5d38844bfb4e5fb2cd05fd3fd,manual,True,
65cf5a2a652ba9b3ca95,6,rPc6DW4iMge_9d3eb9f5d38844bfb4e5fb2cd05fd3fd,manual,True,
caba50e4a43aa76cac46,8,rPc6DW4iMge_9d3eb9f5d38844bfb4e5fb2cd05fd3fd,manual,True,
e141cec3bd166425f47c,1,uNb9QFRL6hY_1096f195d3294cefa462add5ab0c342e,manual,True,
e4ccffc7a8756b7b0be4,10,uNb9QFRL6hY_1096f195d3294cefa462add5ab0c342e,manual,True,
cc9c520b1f8781f19e31,11,uNb9QFRL6hY_1096f195d3294cefa462add5ab0c342e,manual,True,
0ab97a7e7082f598e237,12,uNb9QFRL6hY_1096f195d3294cefa462add5ab0c342e,manual,True,
d82cf0aab412ea6e207e,13,uNb9QFRL6hY_1096f195d3294cefa462add5ab0c342e,manual,True,
0a6c2ab575a7b36f82bd,14,uNb9QFRL6hY_1096f195d3294cefa462add5ab0c342e,manual,False,administrative_exclusion;independence_not_evaluable
e714d76c74a373febbee,15,uNb9QFRL6hY_1096f195d3294cefa462add5ab0c342e,manual,True,
0359bc11d268822d94fd,17,uNb9QFRL6hY_1096f195d3294cefa462add5ab0c342e,manual,True,
7d1b82da44ed8dd8ef72,18,uNb9QFRL6hY_1096f195d3294cefa462add5ab0c342e,manual,True,
cb5e672973105a2a1c43,2,uNb9QFRL6hY_1096f195d3294cefa462add5ab0c342e,manual,True,
d14d3e95941e544b31c6,6,uNb9QFRL6hY_1096f195d3294cefa462add5ab0c342e,manual,True,
f579b073015ccb5f87b1,8,uNb9QFRL6hY_1096f195d3294cefa462add5ab0c342e,manual,True,
c599740d3bc3761f8f39,11,X7HyMhZNoso_b6f452209a62499795e5bd137214a7f9,manual,True,
a68c32790d01e6b27d0d,15,X7HyMhZNoso_b6f452209a62499795e5bd137214a7f9,manual,True,
27b7efed178842f2bcae,1,q9vSo1VnCiC_3e5aacbc10904d4b88660a3cb91efcb9,manual,True,
39b9fade42ec809e239d,2,q9vSo1VnCiC_3e5aacbc10904d4b88660a3cb91efcb9,manual,True,
9b6b9dee2aafeae77550,12,uNb9QFRL6hY_85e7a14905bd44648061e3eb7f79cf13,manual,True,
383c4d3f2da8086009f3,10,wc2JMjhGNzB_9087f0358178420a8b9ac7b17a8919c7,manual,True,
19607f73ad540646568e,17,wc2JMjhGNzB_9087f0358178420a8b9ac7b17a8919c7,manual,True,
d0bcda333eddee24fe3c,18,wc2JMjhGNzB_9087f0358178420a8b9ac7b17a8919c7,manual,True,
a59dbe372c746bd7a7ac,6,wc2JMjhGNzB_9087f0358178420a8b9ac7b17a8919c7,manual,True,
846f35a4fc23776b55a2,8,wc2JMjhGNzB_9087f0358178420a8b9ac7b17a8919c7,manual,True,
99a8d85e0a09165ed320,11,uNb9QFRL6hY_cdca0a1a2fc343bb94bacdc3045b2d8d,manual,True,
063a04f15b4aa1089409,15,uNb9QFRL6hY_cdca0a1a2fc343bb94bacdc3045b2d8d,manual,True,
f2c02631f6c62e58089e,13,wc2JMjhGNzB_4884da3227464ab5b82f631ff22205bd,manual,True,
cd704d1ba32661d8d74e,14,wc2JMjhGNzB_4884da3227464ab5b82f631ff22205bd,manual,False,administrative_exclusion;independence_not_evaluable
bc6afe53ebf4fa056431,10,7y3sRwLe3Va_9e4c92fd7eb74504baecf55a3264716e,manual,False,scope_not_resolved_in_scope
44137bda12cf49a72738,11,7y3sRwLe3Va_9e4c92fd7eb74504baecf55a3264716e,manual,False,scope_not_resolved_in_scope
fe51149470d295897000,17,7y3sRwLe3Va_9e4c92fd7eb74504baecf55a3264716e,manual,False,scope_not_resolved_in_scope
02c17487f3c26175d06c,6,7y3sRwLe3Va_9e4c92fd7eb74504baecf55a3264716e,manual,False,scope_not_resolved_in_scope
4dfaf6dedad2424beadf,1,yqstnuAEVhm_b26ae45c6c12443cbcfc3997f2e63347,manual,True,
2e74f8f5d535803c2fb2,12,yqstnuAEVhm_b26ae45c6c12443cbcfc3997f2e63347,manual,True,
55cde5ca98b3a274f9ca,2,yqstnuAEVhm_b26ae45c6c12443cbcfc3997f2e63347,manual,True,
3e0b6e14799743fc990f,1,e9zR4mvMWw7_4273c4dd97974531b5256f96204fee47,manual,True,
190a6d2d9c3e31af294c,11,e9zR4mvMWw7_4273c4dd97974531b5256f96204fee47,manual,True,
69ad0871a13714ff7abc,12,e9zR4mvMWw7_4273c4dd97974531b5256f96204fee47,manual,True,
d2fe19a8dc66fd1f3ff5,1,q9vSo1VnCiC_1cd414875b9b4311bc6a179d91e6270d,manual,True,
30e344b50071694c55ec,13,yqstnuAEVhm_08e2145b15fc4d2497c084af41dc7089,manual,True,
992f35b8a555f38eaf73,8,yqstnuAEVhm_08e2145b15fc4d2497c084af41dc7089,manual,True,
d6077bf8866533197810,17,X7HyMhZNoso_2b16acff0dc042a1a75816a1fbd0a302,manual,True,
bb2170e2f627c3cc30fb,6,X7HyMhZNoso_2b16acff0dc042a1a75816a1fbd0a302,manual,True,
b009f871ba470e85127d,8,X7HyMhZNoso_2b16acff0dc042a1a75816a1fbd0a302,manual,True,
b80833429adcb6be79f8,10,q9vSo1VnCiC_830eb252ae01401a8fe55f9538e627dd,manual,True,
4fb3839c49c04d3ffcf7,17,q9vSo1VnCiC_830eb252ae01401a8fe55f9538e627dd,manual,True,
290e3e82f42aa83e4adc,6,q9vSo1VnCiC_830eb252ae01401a8fe55f9538e627dd,manual,True,
4fd5b259dc13de4a5e96,8,q9vSo1VnCiC_830eb252ae01401a8fe55f9538e627dd,manual,True,
e7909355f0df5dd9276a,12,7y3sRwLe3Va_a775c7668ca9419daaf506e76851821e,manual,True,
ec6c38a862059f07bf7f,13,7y3sRwLe3Va_a775c7668ca9419daaf506e76851821e,manual,True,
d22e8df3dcff4100efb5,1,7y3sRwLe3Va_b47475370e824b9e923a4a96bc98e1e3,manual,True,
a25753564e8d0fb8f8d6,2,7y3sRwLe3Va_b47475370e824b9e923a4a96bc98e1e3,manual,True,
b593f337fea5cb8bf3f2,1,uNb9QFRL6hY_fd8d4da92ec14b668ed3d2986616bd14,manual,True,
16f88794bfabdd24c227,12,uNb9QFRL6hY_fd8d4da92ec14b668ed3d2986616bd14,manual,True,
9e5409147dcedaf906b7,2,uNb9QFRL6hY_fd8d4da92ec14b668ed3d2986616bd14,manual,True,
4cf2eede79562a2d7541,11,yqstnuAEVhm_c93bf298b1cb41a1b368a6ce8bcff53d,manual,True,
38d59659d0a299c09ed6,15,yqstnuAEVhm_c93bf298b1cb41a1b368a6ce8bcff53d,manual,True,
9e3ad1f70d2c02b5d41f,10,uNb9QFRL6hY_6c4fa6dfddc1499db228854454bfc61d,manual,False,scope_not_resolved_in_scope
fd8bf72140d024b7cca4,13,uNb9QFRL6hY_6c4fa6dfddc1499db228854454bfc61d,manual,False,scope_not_resolved_in_scope
93b27e06e9f3739effd4,14,uNb9QFRL6hY_6c4fa6dfddc1499db228854454bfc61d,manual,False,administrative_exclusion;independence_not_evaluable;scope_not_resolved_in_scope
ba970384157c74921eb4,18,uNb9QFRL6hY_6c4fa6dfddc1499db228854454bfc61d,manual,False,scope_not_resolved_in_scope
f8d2cd60e9a8ecf91058,13,B6ByNegPMKs_e52609aae11f42a79f6cf50360180fd5,manual,True,
56c9aa0348514ab3cc5b,14,B6ByNegPMKs_e52609aae11f42a79f6cf50360180fd5,manual,False,administrative_exclusion;independence_not_evaluable
0cb5a7c23d9bc70208b1,18,B6ByNegPMKs_e52609aae11f42a79f6cf50360180fd5,manual,True,
62ca76d9e84ab7370421,1,wc2JMjhGNzB_55b45b0f19c2460bbcd1fb1c86c6610d,manual,True,
ff368b2d52c03c9c2c5d,11,wc2JMjhGNzB_55b45b0f19c2460bbcd1fb1c86c6610d,manual,True,
ebb6ff386a289d1366df,12,wc2JMjhGNzB_55b45b0f19c2460bbcd1fb1c86c6610d,manual,True,
f59447dc61818803cfc6,15,wc2JMjhGNzB_55b45b0f19c2460bbcd1fb1c86c6610d,manual,True,
203bd6757c614dae7d28,2,wc2JMjhGNzB_55b45b0f19c2460bbcd1fb1c86c6610d,manual,True,
81236ef5be5b11e8be3e,11,Z6MFQCViBuw_2008e72476f84104858e908beeac0193,manual,True,
8bd2b6db1b57ba08a132,15,Z6MFQCViBuw_2008e72476f84104858e908beeac0193,manual,True,
c1c621753a9818e3a816,1,Z6MFQCViBuw_22fff6c74efb476592569c18718feb41,manual,True,
91d132fab64b21bf307f,12,Z6MFQCViBuw_22fff6c74efb476592569c18718feb41,manual,True,
8788f7b0921cb90d1098,2,Z6MFQCViBuw_22fff6c74efb476592569c18718feb41,manual,True,
8a628475d25ae29582ed,10,yqstnuAEVhm_2f8c1f8ea7364f67b1c5fe2be2750257,manual,True,
03226fb095d5cf238261,13,yqstnuAEVhm_2f8c1f8ea7364f67b1c5fe2be2750257,manual,True,
e8fd32bf75bc6810420e,14,yqstnuAEVhm_2f8c1f8ea7364f67b1c5fe2be2750257,manual,False,administrative_exclusion;independence_not_evaluable
aef04a1a8afd159eb371,18,yqstnuAEVhm_2f8c1f8ea7364f67b1c5fe2be2750257,manual,True,
f0b7c25018d49988f041,1,uNb9QFRL6hY_6115ed700b5144cfa3443346381cb7cd,manual,True,
8f895f66411f68620317,12,uNb9QFRL6hY_6115ed700b5144cfa3443346381cb7cd,manual,True,
1d0597eb333ea3d5fed7,2,uNb9QFRL6hY_6115ed700b5144cfa3443346381cb7cd,manual,True,
bd14297e6f34d6705898,10,7y3sRwLe3Va_112edb40f34e470da3a5b04599e71211,manual,True,
9ba553c8c79977374da6,6,7y3sRwLe3Va_112edb40f34e470da3a5b04599e71211,manual,True,
2deeaf20bd263d3ea772,17,uNb9QFRL6hY_ce88ee8b7ee84fca92c13ab16599d90e,manual,False,scope_not_resolved_in_scope
d2796d2c57e1164510fa,8,uNb9QFRL6hY_ce88ee8b7ee84fca92c13ab16599d90e,manual,False,scope_not_resolved_in_scope
6d1cd2b695a93ed0418c,11,7y3sRwLe3Va_b564162b2c7d4033bfe6ef3dfb959c9e,manual,False,scope_not_resolved_in_scope
c3333eb36394f0f11cfe,15,7y3sRwLe3Va_b564162b2c7d4033bfe6ef3dfb959c9e,manual,False,scope_not_resolved_in_scope
60f051ba3d820f7cf2c1,15,7y3sRwLe3Va_fdab6422162e49db822a37178ab70481,manual,True,
399d7b90505e061c62ec,10,q9vSo1VnCiC_9ba6cd412cb04c5c9beb15ef9e6d22c5,manual,True,
15045b6175a2d31f009a,13,q9vSo1VnCiC_9ba6cd412cb04c5c9beb15ef9e6d22c5,manual,True,
fb89303c7e00435f9fec,14,q9vSo1VnCiC_9ba6cd412cb04c5c9beb15ef9e6d22c5,manual,False,administrative_exclusion;independence_not_evaluable
86103695b3e92be6e929,18,q9vSo1VnCiC_9ba6cd412cb04c5c9beb15ef9e6d22c5,manual,True,
249972890d1d949f4e0b,6,q9vSo1VnCiC_9ba6cd412cb04c5c9beb15ef9e6d22c5,manual,True,
89f6eb36f9ae94e81adb,14,7y3sRwLe3Va_ad77d6eeca5b492b8fe3317177f4f03f,manual,False,administrative_exclusion;independence_not_evaluable
c63d05f140fcc66be4df,18,7y3sRwLe3Va_ad77d6eeca5b492b8fe3317177f4f03f,manual,True,
74c45cde6e9ca313500c,8,7y3sRwLe3Va_ad77d6eeca5b492b8fe3317177f4f03f,manual,True,
ac643d623a147394d526,12,q9vSo1VnCiC_a424533651804a38a55b1252daccc81e,manual,True,
d78d6ac8c99983d4ff33,11,q9vSo1VnCiC_3e7f67e8969f434b9a4aec0c68668b20,manual,True,
4254da3317f7e8030a58,15,q9vSo1VnCiC_3e7f67e8969f434b9a4aec0c68668b20,manual,False,geometry_not_computable
dc745be5cce5949b29e1,2,q9vSo1VnCiC_3e7f67e8969f434b9a4aec0c68668b20,manual,False,geometry_not_computable
825bdbff9bff6dbfbe83,13,q9vSo1VnCiC_c4b0b6a41c2a4db3927f5fa9cafb6345,manual,True,
e59fee15d62a5f50a85e,14,q9vSo1VnCiC_c4b0b6a41c2a4db3927f5fa9cafb6345,manual,False,administrative_exclusion;independence_not_evaluable
7678a683012ba646c81e,18,q9vSo1VnCiC_c4b0b6a41c2a4db3927f5fa9cafb6345,manual,True,
671b56ca48ab10f04510,12,UwV83HsGsw3_b979526475874ad68ae33f02d407a1fc,manual,False,scope_not_resolved_in_scope
f9cafcbd58a63d859d32,10,Z6MFQCViBuw_59aed460238643f48f593e9b9ba1c17d,manual,True,
f8d8bb7e420a7d6f3d91,17,Z6MFQCViBuw_59aed460238643f48f593e9b9ba1c17d,manual,True,
480a17d4b8bc43325c2c,6,Z6MFQCViBuw_59aed460238643f48f593e9b9ba1c17d,manual,True,
9b0c448a433097e9942e,8,Z6MFQCViBuw_59aed460238643f48f593e9b9ba1c17d,manual,True,
e679e2f416b6d65b3705,10,yqstnuAEVhm_30f3ce4575234a7ba5ff97797f059ae1,manual,True,
55fb2716ceb7834eac5c,14,yqstnuAEVhm_30f3ce4575234a7ba5ff97797f059ae1,manual,False,administrative_exclusion;independence_not_evaluable
a7ba8b4e746e9e775405,17,yqstnuAEVhm_30f3ce4575234a7ba5ff97797f059ae1,manual,True,
e6aa42eeae4da18d3ef5,18,yqstnuAEVhm_30f3ce4575234a7ba5ff97797f059ae1,manual,True,
bc93975b4d8c2bd917fb,6,yqstnuAEVhm_30f3ce4575234a7ba5ff97797f059ae1,manual,True,
5dcb1dff2ea327169b12,11,wc2JMjhGNzB_ec04ef10a0664e94878aa2d0f1720c2f,manual,True,
477b34fa06ad9592dc53,15,wc2JMjhGNzB_ec04ef10a0664e94878aa2d0f1720c2f,manual,True,
79927da8c000e31d9cda,2,wc2JMjhGNzB_ec04ef10a0664e94878aa2d0f1720c2f,manual,True,
406e2e41f02039706f05,1,wc2JMjhGNzB_1d8917d25abb4a77a0da9583dc82c17c,manual,True,
205de09132b7c362ae2c,12,wc2JMjhGNzB_1d8917d25abb4a77a0da9583dc82c17c,manual,True,
7a9990749414fd2cd8fd,17,yqstnuAEVhm_4642492bb42d40debb1a3bad0ea7a24f,manual,True,
71c862e10ba7cf021bfe,6,yqstnuAEVhm_4642492bb42d40debb1a3bad0ea7a24f,manual,True,
b051173d56dd7d06ce80,8,yqstnuAEVhm_4642492bb42d40debb1a3bad0ea7a24f,manual,True,
72eebdfddb78a8d5da2a,1,UwV83HsGsw3_a3630444bbd94cd6ac4edbe2dc1221de,manual,True,
4b06a3805f8a5aeac160,13,UwV83HsGsw3_a3630444bbd94cd6ac4edbe2dc1221de,manual,True,
4eaef6a23a48a0c79497,14,UwV83HsGsw3_a3630444bbd94cd6ac4edbe2dc1221de,manual,False,administrative_exclusion;independence_not_evaluable
6e436e9879b7e6c528d0,18,UwV83HsGsw3_a3630444bbd94cd6ac4edbe2dc1221de,manual,True,
92084aa32f538179d158,17,uNb9QFRL6hY_748279b5d6e740c4b2cba9fc78d6fc62,manual,True,
f8b24f616d167c27b810,6,uNb9QFRL6hY_748279b5d6e740c4b2cba9fc78d6fc62,manual,True,
f2a65213a0368b751984,8,uNb9QFRL6hY_748279b5d6e740c4b2cba9fc78d6fc62,manual,True,
552c1b3f60b73454472d,17,wc2JMjhGNzB_c7c84bf01a834489ad11d8450a7dc2bc,manual,True,
33bdbff1a089ed14dc7d,8,wc2JMjhGNzB_c7c84bf01a834489ad11d8450a7dc2bc,manual,True,
488f0c3264bf31aca229,17,rPc6DW4iMge_0dfe61800cc540db8e25c1738bc4b8ff,manual,True,
93a6155acf0e8f9b4f11,2,rPc6DW4iMge_0dfe61800cc540db8e25c1738bc4b8ff,manual,True,
c2fbdf3adfd99918c0e7,8,rPc6DW4iMge_0dfe61800cc540db8e25c1738bc4b8ff,manual,True,
81702024cb6333973ce6,11,uNb9QFRL6hY_c6410f47ad754d6cbd890ba7dff8b449,manual,True,
f78931e744dcb44323b8,15,uNb9QFRL6hY_c6410f47ad754d6cbd890ba7dff8b449,manual,True,
3a2d7700bd5753ff0789,1,UwV83HsGsw3_0f1385fc03994285ad8253b49516d77b,manual,False,scope_not_resolved_in_scope
1cd86a5176aacbc3567b,15,UwV83HsGsw3_0f1385fc03994285ad8253b49516d77b,manual,False,scope_not_resolved_in_scope
837d51d499c08b0e0765,2,UwV83HsGsw3_0f1385fc03994285ad8253b49516d77b,manual,False,scope_not_resolved_in_scope;geometry_not_computable
d2f9b77e836ea9a23958,10,b8cTxDM8gDG_f3748786c3704532abb2358581488f3f,manual,True,
dd2eee2e935e77791577,13,b8cTxDM8gDG_f3748786c3704532abb2358581488f3f,manual,True,
be89bcf05931fe625393,14,b8cTxDM8gDG_f3748786c3704532abb2358581488f3f,manual,False,administrative_exclusion;independence_not_evaluable
e98d3f5303e6099af208,18,b8cTxDM8gDG_f3748786c3704532abb2358581488f3f,manual,True,
8e9619af766e40a0d49d,17,q9vSo1VnCiC_dc873df7717c43888a1cff13713fe146,manual,True,
93435790a37ab2290bc6,8,q9vSo1VnCiC_dc873df7717c43888a1cff13713fe146,manual,True,
793fbf24fd55bb3641aa,10,uNb9QFRL6hY_a372582c11864f31a9dd174e4a0ae6ad,manual,True,
20512095d53578cdb0d8,13,uNb9QFRL6hY_a372582c11864f31a9dd174e4a0ae6ad,manual,True,
103bd0e8ec57eb971857,14,uNb9QFRL6hY_a372582c11864f31a9dd174e4a0ae6ad,manual,False,administrative_exclusion;independence_not_evaluable
ab0fd432ae8aa26071ae,18,uNb9QFRL6hY_a372582c11864f31a9dd174e4a0ae6ad,manual,True,
230418a93ba734601d15,10,e9zR4mvMWw7_1d316dfbe35f41dd9203eaf88be5aae8,manual,True,
a7f130f489209fd66673,13,e9zR4mvMWw7_1d316dfbe35f41dd9203eaf88be5aae8,manual,True,
eabfca08cf8ed118e1e7,14,e9zR4mvMWw7_1d316dfbe35f41dd9203eaf88be5aae8,manual,False,administrative_exclusion;independence_not_evaluable
d64ce5b326b6015ae8bf,18,e9zR4mvMWw7_1d316dfbe35f41dd9203eaf88be5aae8,manual,True,
0fe7898050e5c65aa163,6,e9zR4mvMWw7_1d316dfbe35f41dd9203eaf88be5aae8,manual,True,
265f63ba09442d63389c,10,B6ByNegPMKs_ee063d1562c147f586ebb9f6fdb05ca6,manual,True,
62d758541221214e1490,17,B6ByNegPMKs_ee063d1562c147f586ebb9f6fdb05ca6,manual,True,
b3eba7756056bb941dfb,6,B6ByNegPMKs_ee063d1562c147f586ebb9f6fdb05ca6,manual,True,
ead3f8ac14ab1a6ddfd9,8,B6ByNegPMKs_ee063d1562c147f586ebb9f6fdb05ca6,manual,True,
ea1f939ba15f6d10754b,11,UwV83HsGsw3_f9641b59487a4b0ca0fe41a82edc0980,manual,True,
727b424d339f07b45b57,11,x8F5xyUWy9e_3a127fd2c5f34d978cba253145dae7d6,manual,True,
82b8071cc5f780733f8e,15,x8F5xyUWy9e_3a127fd2c5f34d978cba253145dae7d6,manual,True,
0dfa885b59782e4c1c1b,17,uNb9QFRL6hY_5b62816d9cf94f17ae166291822ea9ab,manual,True,
740b26f3c0809cbeadad,6,uNb9QFRL6hY_5b62816d9cf94f17ae166291822ea9ab,manual,True,
dedb80578a581b30950a,15,rPc6DW4iMge_4350d36797324601adba7351d09602d2,manual,True,
94bd3eb39aab32641f9d,2,rPc6DW4iMge_4350d36797324601adba7351d09602d2,manual,True,
639e0ae720de944c4ad5,15,yqstnuAEVhm_9cb726b170554b9bacd039d4db246040,manual,True,
c1c414a69e1ac434e740,12,uNb9QFRL6hY_f7944295a76541b186e6a557ebdbba14,manual,True,
f62c1fca08c19956c8e3,10,UwV83HsGsw3_16af52545aff47afb4d7b330a49091a2,manual,False,scope_not_resolved_in_scope
9c8c76c74e6217df2bea,17,UwV83HsGsw3_16af52545aff47afb4d7b330a49091a2,manual,False,scope_not_resolved_in_scope
d3d1738a5f7c5fa69f13,18,UwV83HsGsw3_16af52545aff47afb4d7b330a49091a2,manual,False,scope_not_resolved_in_scope
fe2250f56881470ffebd,6,UwV83HsGsw3_16af52545aff47afb4d7b330a49091a2,manual,False,scope_not_resolved_in_scope
1a446d9cbfb0497f80c0,8,UwV83HsGsw3_16af52545aff47afb4d7b330a49091a2,manual,False,scope_not_resolved_in_scope
be6e1ce12bbf6a8518ab,1,uNb9QFRL6hY_f4eb9862530a4f909b46f51d1887d05f,manual,True,
7ea7af8cde9303da75a6,15,uNb9QFRL6hY_f4eb9862530a4f909b46f51d1887d05f,manual,True,
64bf2865bf8cc00abbb3,2,uNb9QFRL6hY_f4eb9862530a4f909b46f51d1887d05f,manual,True,
0a211ea2c0df77e9f508,10,uNb9QFRL6hY_a7ab19b1a9f044f0905592de1414e8b3,manual,True,
a667f2faafe82e46c3bb,13,uNb9QFRL6hY_a7ab19b1a9f044f0905592de1414e8b3,manual,True,
c1f8df8f0e9125e35db4,14,uNb9QFRL6hY_a7ab19b1a9f044f0905592de1414e8b3,manual,False,administrative_exclusion;independence_not_evaluable
4543d3cbfe2301eb05f6,18,uNb9QFRL6hY_a7ab19b1a9f044f0905592de1414e8b3,manual,True,
0ee8571c46f9f9b55099,6,uNb9QFRL6hY_a7ab19b1a9f044f0905592de1414e8b3,manual,True,
c56be6e4f5a0291cbfe7,11,uNb9QFRL6hY_ca08ebfb2da647f68db41630637e400b,manual,True,
e2af3853afde2a84287b,8,uNb9QFRL6hY_ca08ebfb2da647f68db41630637e400b,manual,True,
8a2600447847d5ab7f5f,11,B6ByNegPMKs_5b5bd1eac4e6462d8c6677b90a4cf9a9,manual,True,
ad005008336266edcd64,15,B6ByNegPMKs_5b5bd1eac4e6462d8c6677b90a4cf9a9,manual,True,
30ae9e7207f0bf746fc4,11,q9vSo1VnCiC_f7452776f0604b508bb2b0263238deb0,manual,True,
497bb847657d8053449f,12,q9vSo1VnCiC_f7452776f0604b508bb2b0263238deb0,manual,True,
3a163ca0abb6cc5d8ebc,15,q9vSo1VnCiC_f7452776f0604b508bb2b0263238deb0,manual,True,
73908ddd5ef005c60f62,1,q9vSo1VnCiC_dc320b1236f741a98303db9f89bc68a2,manual,True,
ee808cbaf8ffe0de6430,2,q9vSo1VnCiC_dc320b1236f741a98303db9f89bc68a2,manual,True,
79f3478ea5e43fc1f95a,1,B6ByNegPMKs_e26e2cb761894264a4a34b1046701f6b,manual,True,
974f94a2b16103ea9324,12,B6ByNegPMKs_e26e2cb761894264a4a34b1046701f6b,manual,True,
495d562be7d142d5bbc5,2,B6ByNegPMKs_e26e2cb761894264a4a34b1046701f6b,manual,True,
c9e40b1fe2b3537ffc79,1,7y3sRwLe3Va_bbcc19afdad742eba89290ad2b5dbf6b,manual,True,
8cd8fc36522e0668f25d,12,7y3sRwLe3Va_bbcc19afdad742eba89290ad2b5dbf6b,manual,True,
ca89b9306226c9c332c3,2,7y3sRwLe3Va_bbcc19afdad742eba89290ad2b5dbf6b,manual,True,
26a3cf470c4ab78ffaea,13,B6ByNegPMKs_c946db5792df4f90bea20f06a0030c37,manual,True,
8505abd6f0715a121368,14,B6ByNegPMKs_c946db5792df4f90bea20f06a0030c37,manual,False,administrative_exclusion;independence_not_evaluable
edd14839698213ae4d82,11,yqstnuAEVhm_48447297e8444171a5db34ccf38bc229,manual,True,
ed26709256377966efda,13,yqstnuAEVhm_48447297e8444171a5db34ccf38bc229,manual,True,
dc98a7c22f0fc2116163,14,yqstnuAEVhm_48447297e8444171a5db34ccf38bc229,manual,False,administrative_exclusion;independence_not_evaluable
10e91df094c576440242,18,yqstnuAEVhm_48447297e8444171a5db34ccf38bc229,manual,True,
629350384ea347717859,1,x8F5xyUWy9e_9926b38bd87e44e292d9c375050dd17d,manual,True,
7af5a1710f0a4c2dcfa5,12,x8F5xyUWy9e_9926b38bd87e44e292d9c375050dd17d,manual,True,
54f0c5b471c28e1b761e,17,x8F5xyUWy9e_9926b38bd87e44e292d9c375050dd17d,manual,True,
618c40c186d398910f88,8,x8F5xyUWy9e_9926b38bd87e44e292d9c375050dd17d,manual,True,
07431aa4afbbf9c0c56b,10,rPc6DW4iMge_a72230c911234d18b08568b9d8b02dd2,manual,True,
a236e017116eb8422292,13,rPc6DW4iMge_a72230c911234d18b08568b9d8b02dd2,manual,True,
544f3f9a681478cc1c1b,14,rPc6DW4iMge_a72230c911234d18b08568b9d8b02dd2,manual,False,administrative_exclusion;independence_not_evaluable
4ad24a22d659420a086d,18,rPc6DW4iMge_a72230c911234d18b08568b9d8b02dd2,manual,True,
6b62fa1340a38506bbdf,6,rPc6DW4iMge_a72230c911234d18b08568b9d8b02dd2,manual,True,
69b441eb87332bb0e6ed,10,uNb9QFRL6hY_85e7a14905bd44648061e3eb7f79cf13,semi,False,outside_assignment;independence_not_evaluable
d6b34d9ae99290e61c81,13,uNb9QFRL6hY_85e7a14905bd44648061e3eb7f79cf13,semi,True,
02ff3128c678c453e095,2,uNb9QFRL6hY_85e7a14905bd44648061e3eb7f79cf13,semi,True,
9c1492ecc8c50ab46ddd,1,wc2JMjhGNzB_c7c84bf01a834489ad11d8450a7dc2bc,semi,True,
df8caafef388df6a815e,14,q9vSo1VnCiC_a424533651804a38a55b1252daccc81e,semi,False,administrative_exclusion;independence_not_evaluable;geometry_not_computable
fc425478750be6dafff3,17,q9vSo1VnCiC_a424533651804a38a55b1252daccc81e,semi,True,
23a4dc31709381a1de36,18,q9vSo1VnCiC_a424533651804a38a55b1252daccc81e,semi,True,
7bed161c9c3ed689c7ae,6,q9vSo1VnCiC_a424533651804a38a55b1252daccc81e,semi,False,geometry_not_computable
540bb1f2348937711758,11,yqstnuAEVhm_b26ae45c6c12443cbcfc3997f2e63347,semi,True,
4b7562726182b0f76ced,10,Z6MFQCViBuw_22fff6c74efb476592569c18718feb41,semi,True,
4786ddffd288bc3c1169,15,Z6MFQCViBuw_22fff6c74efb476592569c18718feb41,semi,True,
1beae202a7ba8f00c6fb,8,Z6MFQCViBuw_22fff6c74efb476592569c18718feb41,semi,True,
8f2310bf731d94b43254,12,q9vSo1VnCiC_1cd414875b9b4311bc6a179d91e6270d,semi,True,
6202fd8098d9ad33f433,13,UwV83HsGsw3_0f1385fc03994285ad8253b49516d77b,semi,False,scope_not_resolved_in_scope
fba833f7e946e03406f0,1,X7HyMhZNoso_b6f452209a62499795e5bd137214a7f9,semi,True,
be0ea7a0849f9bf057cb,17,X7HyMhZNoso_b6f452209a62499795e5bd137214a7f9,semi,True,
7fc54cc83e44fb28abe2,2,X7HyMhZNoso_b6f452209a62499795e5bd137214a7f9,semi,True,
a63b28ab3b493bd3ee11,11,7y3sRwLe3Va_ad77d6eeca5b492b8fe3317177f4f03f,semi,True,
4486738211819be8d3d4,6,7y3sRwLe3Va_ad77d6eeca5b492b8fe3317177f4f03f,semi,True,
8024c676ff7c3f775432,1,uNb9QFRL6hY_cdca0a1a2fc343bb94bacdc3045b2d8d,semi,True,
788e7e1c7924718866a4,12,uNb9QFRL6hY_cdca0a1a2fc343bb94bacdc3045b2d8d,semi,True,
3d3fca86654cbfeba8a0,14,uNb9QFRL6hY_cdca0a1a2fc343bb94bacdc3045b2d8d,semi,False,administrative_exclusion;independence_not_evaluable
b7e5ac04265464d25c70,18,uNb9QFRL6hY_cdca0a1a2fc343bb94bacdc3045b2d8d,semi,True,
2aea8c4c7647e5dcbf4f,10,7y3sRwLe3Va_b47475370e824b9e923a4a96bc98e1e3,semi,True,
e8a846d937e3ed039131,15,7y3sRwLe3Va_b47475370e824b9e923a4a96bc98e1e3,semi,True,
aa3b4f3365dda18b56bc,8,7y3sRwLe3Va_b47475370e824b9e923a4a96bc98e1e3,semi,True,
149830d59e7e9e39f686,1,q9vSo1VnCiC_9ba6cd412cb04c5c9beb15ef9e6d22c5,semi,True,
3cf2311bd8da5ee6753a,2,q9vSo1VnCiC_9ba6cd412cb04c5c9beb15ef9e6d22c5,semi,True,
98e444841935f5508d75,13,Z6MFQCViBuw_2008e72476f84104858e908beeac0193,semi,True,
eda8291573ff053225c7,17,Z6MFQCViBuw_2008e72476f84104858e908beeac0193,semi,True,
936511830ce393b70d38,18,Z6MFQCViBuw_2008e72476f84104858e908beeac0193,semi,True,
2293abd04e66d525f147,1,wc2JMjhGNzB_9087f0358178420a8b9ac7b17a8919c7,semi,True,
8efaa4e2bbb1955244ea,11,wc2JMjhGNzB_9087f0358178420a8b9ac7b17a8919c7,semi,True,
d2e536ac825ae4aa65e4,14,wc2JMjhGNzB_9087f0358178420a8b9ac7b17a8919c7,semi,False,administrative_exclusion;independence_not_evaluable
f716e6d6a95b3228e48c,6,wc2JMjhGNzB_55b45b0f19c2460bbcd1fb1c86c6610d,semi,True,
4b61ee6ece084b2094c8,12,uNb9QFRL6hY_6c4fa6dfddc1499db228854454bfc61d,semi,False,scope_not_resolved_in_scope
8ccb0872c31327a3e97d,15,uNb9QFRL6hY_6c4fa6dfddc1499db228854454bfc61d,semi,False,scope_not_resolved_in_scope
14ac18968586cb14b07a,8,uNb9QFRL6hY_6c4fa6dfddc1499db228854454bfc61d,semi,False,scope_not_resolved_in_scope
72c315a66c675f62b587,10,uNb9QFRL6hY_ce88ee8b7ee84fca92c13ab16599d90e,semi,False,scope_not_resolved_in_scope
ba5291230a2bbae1658b,13,uNb9QFRL6hY_ce88ee8b7ee84fca92c13ab16599d90e,semi,False,scope_not_resolved_in_scope
456be942f0947a669713,1,B6ByNegPMKs_7018ca302c584d0d85024187f3568460,semi,True,
9b7c8a47533d55322728,2,B6ByNegPMKs_7018ca302c584d0d85024187f3568460,semi,True,
98bddc53a917046c3f4a,14,yqstnuAEVhm_08e2145b15fc4d2497c084af41dc7089,semi,False,administrative_exclusion;independence_not_evaluable
e96cb5be61c7f8ac3c74,17,yqstnuAEVhm_08e2145b15fc4d2497c084af41dc7089,semi,True,
23cb933de747d63d9058,18,yqstnuAEVhm_08e2145b15fc4d2497c084af41dc7089,semi,True,
1662ab8242879aec65db,6,wc2JMjhGNzB_ec04ef10a0664e94878aa2d0f1720c2f,semi,True,
702f8663c962b7634220,11,uNb9QFRL6hY_748279b5d6e740c4b2cba9fc78d6fc62,semi,True,
ec7b9674561060eaad40,12,uNb9QFRL6hY_748279b5d6e740c4b2cba9fc78d6fc62,semi,True,
b578f0248ceb6441105b,15,uNb9QFRL6hY_748279b5d6e740c4b2cba9fc78d6fc62,semi,True,
70e8f5079c7b09c6af6d,10,B6ByNegPMKs_c946db5792df4f90bea20f06a0030c37,semi,True,
5ba67a30243635c3cbe3,8,B6ByNegPMKs_c946db5792df4f90bea20f06a0030c37,semi,True,
72dc231b20fe4c8a589d,13,B6ByNegPMKs_5b5bd1eac4e6462d8c6677b90a4cf9a9,semi,True,
1a60a6ad7849198e802c,2,B6ByNegPMKs_5b5bd1eac4e6462d8c6677b90a4cf9a9,semi,True,
3aa58d4d74ec42ed12a4,1,uNb9QFRL6hY_a7ab19b1a9f044f0905592de1414e8b3,semi,True,
